{"stats":{"minecraft:broken":{"minecraft:stone_pickaxe":2},"minecraft:picked_up":{"minecraft:stick":8,"minecraft:raw_iron":4,"minecraft:crafting_table":1,"minecraft:ladder":4,"minecraft:andesite":142,"minecraft:torch":50,"minecraft:gravel":7,"minecraft:dried_kelp":16,"minecraft:oak_log":87,"minecraft:diorite":187,"minecraft:shield":2,"minecraft:carrot":2,"minecraft:dirt":29,"minecraft:bone":7,"minecraft:arrow":7,"minecraft:rotten_flesh":3,"minecraft:cobbled_deepslate":49,"minecraft:iron_ingot":2,"minecraft:stone_pickaxe":6,"minecraft:oak_sapling":4,"minecraft:coal":228,"minecraft:cobblestone":454},"minecraft:custom":{"minecraft:time_since_rest":2328,"minecraft:interact_with_furnace":7,"minecraft:sprint_one_cm":37116,"minecraft:damage_taken":1300,"minecraft:walk_one_cm":80995,"minecraft:damage_blocked_by_shield":640,"minecraft:mob_kills":4,"minecraft:damage_dealt":814,"minecraft:swim_one_cm":3458,"minecraft:interact_with_crafting_table":12,"minecraft:fly_one_cm":49014,"minecraft:open_chest":8,"minecraft:crouch_one_cm":14189,"minecraft:play_time":34017,"minecraft:deaths":4,"minecraft:sneak_time":4502,"minecraft:walk_under_water_one_cm":6830,"minecraft:jump":535,"minecraft:leave_game":3,"minecraft:time_since_death":2285,"minecraft:walk_on_water_one_cm":7593,"minecraft:climb_one_cm":1184,"minecraft:total_world_time":34017,"minecraft:fall_one_cm":15571},"minecraft:crafted":{"minecraft:crafting_table":1,"minecraft:ladder":9,"minecraft:stick":44,"minecraft:dried_kelp":27,"minecraft:stone_pickaxe":4,"minecraft:stone_sword":1,"minecraft:chest":2,"minecraft:torch":40,"minecraft:air":0},"minecraft:used":{"minecraft:oak_log":2,"minecraft:diorite":11,"minecraft:stone_shovel":10,"minecraft:stone_pickaxe":371,"minecraft:dried_kelp":25,"minecraft:ladder":7,"minecraft:shield":18,"minecraft:chest":2,"minecraft:gravel":2,"minecraft:torch":54,"minecraft:stone_axe":26,"minecraft:dirt":2,"minecraft:cobblestone":36,"minecraft:crafting_table":2,"minecraft:furnace":1,"minecraft:carrot":1,"minecraft:andesite":10,"minecraft:white_bed":1,"minecraft:cobbled_deepslate":20},"minecraft:killed_by":{"minecraft:skeleton":3},"minecraft:mined":{"minecraft:carrots":1,"minecraft:andesite":54,"minecraft:torch":1,"minecraft:crafting_table":1,"minecraft:grass":1,"minecraft:grass_block":3,"minecraft:oak_log":19,"minecraft:coal_ore":48,"minecraft:deepslate_iron_ore":4,"minecraft:gravel":1,"minecraft:dirt":8,"minecraft:cobblestone":2,"minecraft:stone":197,"minecraft:deepslate":3,"minecraft:diorite":40,"minecraft:oak_leaves":4,"minecraft:wall_torch":14},"minecraft:killed":{"minecraft:skeleton":1,"minecraft:zombie":3}},"DataVersion":3465}