{"stats":{"minecraft:picked_up":{"minecraft:birch_door":1,"minecraft:crafting_table":2,"minecraft:wheat":23,"minecraft:chicken":11,"minecraft:ladder":9,"minecraft:shield":2,"minecraft:soul_soil":4,"minecraft:raw_copper":25,"minecraft:blackstone":1,"minecraft:cherry_boat":1,"minecraft:cobbled_deepslate":391,"minecraft:beef":19,"minecraft:iron_pickaxe":1,"minecraft:egg":4,"minecraft:furnace":1,"minecraft:stick":23,"minecraft:raw_iron":124,"minecraft:torch":64,"minecraft:porkchop":24,"minecraft:dried_kelp":16,"minecraft:cherry_log":16,"minecraft:pointed_dripstone":1,"minecraft:diorite":230,"minecraft:carrot":9,"minecraft:redstone":32,"minecraft:arrow":17,"minecraft:rotten_flesh":9,"minecraft:hay_block":14,"minecraft:mutton":20,"minecraft:bone_block":56,"minecraft:cobblestone":931,"minecraft:white_wool":11,"minecraft:pink_petals":3,"minecraft:feather":14,"minecraft:basalt":107,"minecraft:andesite":143,"minecraft:leather":10,"minecraft:potato":21,"minecraft:flint":1,"minecraft:tuff":6,"minecraft:oak_log":114,"minecraft:lapis_lazuli":42,"minecraft:dirt":118,"minecraft:bone":22,"minecraft:apple":1,"minecraft:bow":1,"minecraft:wheat_seeds":57,"minecraft:raw_gold":12,"minecraft:stone_pickaxe":6,"minecraft:iron_ingot":2,"minecraft:glass_bottle":1,"minecraft:sweet_berries":122,"minecraft:quartz":20,"minecraft:dripstone_block":1,"minecraft:raw_iron_block":2,"minecraft:gravel":16,"minecraft:grass_block":1,"minecraft:white_bed":3,"minecraft:spider_eye":1,"minecraft:diamond":9,"minecraft:granite":18,"minecraft:cherry_sapling":16,"minecraft:netherrack":192,"minecraft:oak_sapling":5,"minecraft:coal":315,"minecraft:black_wool":2,"minecraft:ender_pearl":1},"minecraft:crafted":{"minecraft:cherry_planks":64,"minecraft:oak_planks":72,"minecraft:raw_iron":18,"minecraft:cooked_chicken":2,"minecraft:furnace":2,"minecraft:cooked_mutton":20,"minecraft:flint_and_steel":1,"minecraft:cherry_trapdoor":2,"minecraft:iron_boots":1,"minecraft:iron_axe":1,"minecraft:ladder":15,"minecraft:stone_pickaxe":7,"minecraft:chest":6,"minecraft:wheat":126,"minecraft:cooked_beef":19,"minecraft:cooked_porkchop":16,"minecraft:diamond_axe":1,"minecraft:crafting_table":2,"minecraft:dried_kelp":27,"minecraft:wooden_pickaxe":1,"minecraft:iron_helmet":1,"minecraft:iron_sword":1,"minecraft:bucket":12,"minecraft:stone_axe":2,"minecraft:bread":42,"minecraft:air":0,"minecraft:iron_chestplate":1,"minecraft:diamond_pickaxe":1,"minecraft:stick":112,"minecraft:iron_ingot":81,"minecraft:iron_pickaxe":5,"minecraft:stone_sword":2,"minecraft:iron_shovel":1,"minecraft:iron_leggings":1,"minecraft:white_bed":2,"minecraft:torch":156},"minecraft:dropped":{"minecraft:wheat_seeds":31,"minecraft:glass_bottle":1,"minecraft:feather":1,"minecraft:iron_pickaxe":1,"minecraft:gravel":1,"minecraft:oak_sapling":1},"minecraft:custom":{"minecraft:mob_kills":97,"minecraft:interact_with_crafting_table":67,"minecraft:bell_ring":2,"minecraft:leave_game":7,"minecraft:time_since_death":453,"minecraft:climb_one_cm":16409,"minecraft:sprint_one_cm":495269,"minecraft:walk_one_cm":506618,"minecraft:damage_blocked_by_shield":1650,"minecraft:drop":6,"minecraft:talked_to_villager":1,"minecraft:play_time":256325,"minecraft:deaths":6,"minecraft:sneak_time":17908,"minecraft:walk_under_water_one_cm":24879,"minecraft:jump":6357,"minecraft:walk_on_water_one_cm":17190,"minecraft:total_world_time":256325,"minecraft:interact_with_furnace":69,"minecraft:sleep_in_bed":2,"minecraft:time_since_rest":625,"minecraft:damage_taken":5367,"minecraft:damage_dealt":11975,"minecraft:swim_one_cm":33339,"minecraft:fly_one_cm":667864,"minecraft:open_chest":86,"minecraft:crouch_one_cm":59033,"minecraft:fall_one_cm":209072},"minecraft:broken":{"minecraft:stone_pickaxe":4,"minecraft:stone_axe":1,"minecraft:iron_pickaxe":3},"minecraft:mined":{"minecraft:tuff":6,"minecraft:white_bed":3,"minecraft:deepslate_diamond_ore":9,"minecraft:cherry_log":12,"minecraft:glow_lichen":1,"minecraft:ladder":5,"minecraft:granite":18,"minecraft:grass_block":25,"minecraft:soul_soil":4,"minecraft:spawner":1,"minecraft:hay_block":14,"minecraft:raw_iron_block":2,"minecraft:furnace":1,"minecraft:carrots":3,"minecraft:fire":1,"minecraft:iron_ore":41,"minecraft:cobbled_deepslate":1,"minecraft:andesite":55,"minecraft:pointed_dripstone":2,"minecraft:potatoes":5,"minecraft:deepslate_iron_ore":85,"minecraft:stone":662,"minecraft:bone_block":64,"minecraft:deepslate_redstone_ore":7,"minecraft:blackstone":2,"minecraft:soul_fire":1,"minecraft:basalt":112,"minecraft:crafting_table":2,"minecraft:torch":3,"minecraft:nether_quartz_ore":20,"minecraft:tall_grass":1,"minecraft:copper_ore":9,"minecraft:cobblestone":14,"minecraft:lapis_ore":6,"minecraft:deepslate_gold_ore":12,"minecraft:diorite":83,"minecraft:wall_torch":24,"minecraft:pink_petals":2,"minecraft:wheat":24,"minecraft:sweet_berry_bush":19,"minecraft:birch_door":1,"minecraft:grass":10,"minecraft:oak_log":46,"minecraft:coal_ore":135,"minecraft:gravel":11,"minecraft:dripstone_block":1,"minecraft:dirt":61,"minecraft:netherrack":193,"minecraft:oak_leaves":24,"minecraft:deepslate":345,"minecraft:fern":1},"minecraft:killed_by":{"minecraft:skeleton":3},"minecraft:killed":{"minecraft:witch":1,"minecraft:skeleton":16,"minecraft:chicken":11,"minecraft:magma_cube":6,"minecraft:pig":13,"minecraft:creeper":1,"minecraft:sheep":14,"minecraft:goat":10,"minecraft:zombie":13,"minecraft:cow":11,"minecraft:enderman":1},"minecraft:used":{"minecraft:stone_sword":19,"minecraft:iron_shovel":39,"minecraft:flint_and_steel":2,"minecraft:stone_shovel":10,"minecraft:dried_kelp":25,"minecraft:ladder":18,"minecraft:chest":6,"minecraft:shield":47,"minecraft:iron_sword":167,"minecraft:cooked_chicken":2,"minecraft:netherrack":148,"minecraft:iron_chestplate":1,"minecraft:torch":187,"minecraft:dirt":38,"minecraft:carrot":4,"minecraft:tuff":1,"minecraft:granite":1,"minecraft:birch_door":1,"minecraft:lava_bucket":13,"minecraft:cherry_trapdoor":2,"minecraft:iron_boots":1,"minecraft:basalt":3,"minecraft:sweet_berries":69,"minecraft:furnace":3,"minecraft:egg":2,"minecraft:cooked_beef":10,"minecraft:potato":5,"minecraft:cobbled_deepslate":188,"minecraft:iron_leggings":1,"minecraft:wheat_seeds":24,"minecraft:water_bucket":43,"minecraft:diorite":11,"minecraft:stone_pickaxe":683,"minecraft:oak_planks":2,"minecraft:wooden_pickaxe":27,"minecraft:cherry_planks":17,"minecraft:diamond_axe":3,"minecraft:crafting_table":4,"minecraft:white_bed":6,"minecraft:oak_log":2,"minecraft:diamond_pickaxe":429,"minecraft:chicken":1,"minecraft:bread":30,"minecraft:iron_pickaxe":783,"minecraft:gravel":11,"minecraft:stone_axe":115,"minecraft:pink_petals":3,"minecraft:cobblestone":198,"minecraft:porkchop":1,"minecraft:cooked_porkchop":16,"minecraft:andesite":10,"minecraft:bucket":58}},"DataVersion":3465}