{"stats":{"minecraft:broken":{"minecraft:stone_pickaxe":4,"minecraft:iron_axe":1,"minecraft:stone_axe":1,"minecraft:iron_pickaxe":3},"minecraft:killed":{"minecraft:witch":1,"minecraft:spider":1,"minecraft:skeleton":16,"minecraft:chicken":21,"minecraft:magma_cube":6,"minecraft:pig":32,"minecraft:creeper":1,"minecraft:sheep":26,"minecraft:goat":10,"minecraft:zombie":14,"minecraft:cow":17,"minecraft:enderman":1},"minecraft:dropped":{"minecraft:wheat_seeds":33,"minecraft:glass_bottle":1,"minecraft:feather":1,"minecraft:dirt":1,"minecraft:iron_pickaxe":1,"minecraft:gravel":1,"minecraft:oak_sapling":1},"minecraft:crafted":{"minecraft:cherry_planks":64,"minecraft:oak_planks":228,"minecraft:raw_iron":18,"minecraft:cooked_chicken":10,"minecraft:furnace":2,"minecraft:cooked_mutton":20,"minecraft:flint_and_steel":1,"minecraft:cherry_trapdoor":2,"minecraft:iron_boots":2,"minecraft:iron_axe":2,"minecraft:ladder":15,"minecraft:stone_pickaxe":7,"minecraft:chest":6,"minecraft:wheat":126,"minecraft:cooked_beef":19,"minecraft:cooked_porkchop":23,"minecraft:diamond_axe":1,"minecraft:crafting_table":2,"minecraft:dried_kelp":27,"minecraft:wooden_pickaxe":1,"minecraft:iron_helmet":2,"minecraft:iron_sword":2,"minecraft:bucket":12,"minecraft:stone_axe":2,"minecraft:bread":42,"minecraft:air":0,"minecraft:iron_chestplate":2,"minecraft:diamond_pickaxe":2,"minecraft:stick":128,"minecraft:iron_ingot":138,"minecraft:iron_pickaxe":5,"minecraft:stone_sword":2,"minecraft:iron_shovel":1,"minecraft:iron_leggings":2,"minecraft:white_bed":2,"minecraft:torch":156},"minecraft:killed_by":{"minecraft:player":1,"minecraft:zombified_piglin":1,"minecraft:skeleton":3},"minecraft:picked_up":{"minecraft:birch_door":1,"minecraft:crafting_table":2,"minecraft:wheat":23,"minecraft:azure_bluet":1,"minecraft:chicken":21,"minecraft:ladder":9,"minecraft:shield":2,"minecraft:iron_axe":2,"minecraft:string":2,"minecraft:raw_copper":55,"minecraft:soul_soil":4,"minecraft:iron_leggings":2,"minecraft:blackstone":1,"minecraft:cherry_boat":1,"minecraft:cobbled_deepslate":695,"minecraft:bucket":1,"minecraft:beef":33,"minecraft:light_gray_wool":1,"minecraft:iron_pickaxe":2,"minecraft:sugar_cane":21,"minecraft:birch_sapling":4,"minecraft:iron_boots":2,"minecraft:egg":4,"minecraft:furnace":1,"minecraft:stick":111,"minecraft:raw_iron":130,"minecraft:torch":65,"minecraft:porkchop":66,"minecraft:dried_kelp":16,"minecraft:cherry_log":16,"minecraft:pointed_dripstone":1,"minecraft:diorite":230,"minecraft:carrot":9,"minecraft:redstone":32,"minecraft:arrow":17,"minecraft:rotten_flesh":9,"minecraft:hay_block":14,"minecraft:mutton":36,"minecraft:cobblestone":1176,"minecraft:white_wool":21,"minecraft:bone_block":56,"minecraft:birch_log":24,"minecraft:pink_petals":3,"minecraft:feather":22,"minecraft:basalt":107,"minecraft:water_bucket":1,"minecraft:andesite":169,"minecraft:leather":18,"minecraft:red_mushroom":16,"minecraft:potato":67,"minecraft:flint":1,"minecraft:tuff":84,"minecraft:oak_log":320,"minecraft:dirt":131,"minecraft:lapis_lazuli":42,"minecraft:bone":22,"minecraft:apple":31,"minecraft:bow":1,"minecraft:wheat_seeds":59,"minecraft:raw_gold":12,"minecraft:iron_ingot":2,"minecraft:stone_pickaxe":6,"minecraft:cooked_chicken":6,"minecraft:glass_bottle":1,"minecraft:iron_sword":2,"minecraft:oak_planks":128,"minecraft:sweet_berries":318,"minecraft:quartz":20,"minecraft:raw_iron_block":2,"minecraft:dripstone_block":1,"minecraft:gravel":23,"minecraft:white_bed":9,"minecraft:grass_block":1,"minecraft:dark_oak_log":79,"minecraft:spider_eye":2,"minecraft:diamond":9,"minecraft:iron_helmet":2,"minecraft:granite":23,"minecraft:cherry_sapling":16,"minecraft:oak_sapling":61,"minecraft:netherrack":192,"minecraft:black_wool":3,"minecraft:coal":317,"minecraft:diamond_pickaxe":2,"minecraft:ender_pearl":1},"minecraft:custom":{"minecraft:mob_kills":146,"minecraft:interact_with_crafting_table":75,"minecraft:bell_ring":2,"minecraft:leave_game":9,"minecraft:time_since_death":3306,"minecraft:climb_one_cm":24251,"minecraft:sprint_one_cm":768550,"minecraft:walk_one_cm":697888,"minecraft:damage_blocked_by_shield":1650,"minecraft:drop":9,"minecraft:talked_to_villager":1,"minecraft:play_time":348346,"minecraft:deaths":12,"minecraft:sneak_time":21340,"minecraft:walk_under_water_one_cm":35481,"minecraft:jump":8329,"minecraft:walk_on_water_one_cm":25226,"minecraft:total_world_time":348346,"minecraft:interact_with_furnace":98,"minecraft:sleep_in_bed":4,"minecraft:time_since_rest":3326,"minecraft:damage_taken":8261,"minecraft:damage_dealt":16213,"minecraft:swim_one_cm":108065,"minecraft:fly_one_cm":925963,"minecraft:open_chest":163,"minecraft:crouch_one_cm":73758,"minecraft:fall_one_cm":260026},"minecraft:used":{"minecraft:stone_sword":20,"minecraft:iron_shovel":39,"minecraft:flint_and_steel":2,"minecraft:stone_shovel":10,"minecraft:dried_kelp":25,"minecraft:ladder":18,"minecraft:chest":6,"minecraft:shield":47,"minecraft:iron_sword":259,"minecraft:cooked_chicken":8,"minecraft:netherrack":148,"minecraft:iron_chestplate":1,"minecraft:torch":187,"minecraft:dirt":40,"minecraft:carrot":4,"minecraft:tuff":2,"minecraft:granite":6,"minecraft:azure_bluet":1,"minecraft:birch_door":1,"minecraft:lava_bucket":14,"minecraft:iron_axe":419,"minecraft:cherry_trapdoor":2,"minecraft:iron_boots":1,"minecraft:basalt":3,"minecraft:bow":5,"minecraft:sweet_berries":156,"minecraft:furnace":3,"minecraft:egg":2,"minecraft:cooked_beef":10,"minecraft:potato":24,"minecraft:cobbled_deepslate":296,"minecraft:iron_leggings":1,"minecraft:wheat_seeds":24,"minecraft:water_bucket":58,"minecraft:diorite":11,"minecraft:stone_pickaxe":683,"minecraft:oak_planks":2,"minecraft:wooden_pickaxe":27,"minecraft:cherry_planks":17,"minecraft:sugar_cane":21,"minecraft:diamond_axe":3,"minecraft:crafting_table":4,"minecraft:white_bed":12,"minecraft:oak_log":13,"minecraft:diamond_pickaxe":605,"minecraft:chicken":1,"minecraft:bread":30,"minecraft:iron_pickaxe":910,"minecraft:gravel":11,"minecraft:stone_axe":115,"minecraft:pink_petals":3,"minecraft:cobblestone":270,"minecraft:porkchop":1,"minecraft:cooked_porkchop":16,"minecraft:bucket":73,"minecraft:andesite":16},"minecraft:mined":{"minecraft:tuff":33,"minecraft:white_bed":9,"minecraft:dark_oak_leaves":1,"minecraft:deepslate_diamond_ore":9,"minecraft:cherry_log":12,"minecraft:dark_oak_log":79,"minecraft:glow_lichen":1,"minecraft:ladder":5,"minecraft:granite":23,"minecraft:grass_block":28,"minecraft:soul_soil":4,"minecraft:spawner":1,"minecraft:hay_block":14,"minecraft:raw_iron_block":2,"minecraft:furnace":1,"minecraft:carrots":3,"minecraft:fire":1,"minecraft:iron_ore":41,"minecraft:cobbled_deepslate":41,"minecraft:andesite":71,"minecraft:pointed_dripstone":2,"minecraft:potatoes":24,"minecraft:deepslate_iron_ore":87,"minecraft:stone":761,"minecraft:bone_block":64,"minecraft:deepslate_redstone_ore":7,"minecraft:blackstone":2,"minecraft:soul_fire":1,"minecraft:basalt":112,"minecraft:crafting_table":2,"minecraft:cornflower":1,"minecraft:torch":3,"minecraft:mushroom_stem":5,"minecraft:cobblestone":14,"minecraft:tall_grass":5,"minecraft:nether_quartz_ore":20,"minecraft:copper_ore":14,"minecraft:deepslate_gold_ore":12,"minecraft:lapis_ore":6,"minecraft:sugar_cane":19,"minecraft:diorite":83,"minecraft:wall_torch":25,"minecraft:pink_petals":2,"minecraft:birch_log":24,"minecraft:wheat":24,"minecraft:sweet_berry_bush":23,"minecraft:birch_leaves":2,"minecraft:birch_door":1,"minecraft:grass":48,"minecraft:oak_log":252,"minecraft:coal_ore":136,"minecraft:gravel":16,"minecraft:dripstone_block":1,"minecraft:dirt":67,"minecraft:red_mushroom_block":45,"minecraft:netherrack":193,"minecraft:oak_leaves":119,"minecraft:deepslate":451,"minecraft:fern":1}},"DataVersion":3465}