{"stats":{"minecraft:broken":{"minecraft:stone_pickaxe":4,"minecraft:stone_axe":1},"minecraft:used":{"minecraft:diorite":11,"minecraft:stone_sword":19,"minecraft:stone_pickaxe":683,"minecraft:stone_shovel":10,"minecraft:dried_kelp":25,"minecraft:ladder":17,"minecraft:oak_planks":2,"minecraft:chest":4,"minecraft:wooden_pickaxe":27,"minecraft:shield":33,"minecraft:cherry_planks":17,"minecraft:iron_sword":14,"minecraft:cooked_chicken":2,"minecraft:iron_chestplate":1,"minecraft:torch":115,"minecraft:dirt":4,"minecraft:crafting_table":4,"minecraft:carrot":1,"minecraft:white_bed":3,"minecraft:tuff":1,"minecraft:granite":1,"minecraft:birch_door":1,"minecraft:oak_log":2,"minecraft:chicken":1,"minecraft:iron_pickaxe":1,"minecraft:iron_boots":1,"minecraft:gravel":2,"minecraft:stone_axe":115,"minecraft:pink_petals":3,"minecraft:cobblestone":98,"minecraft:sweet_berries":7,"minecraft:cooked_porkchop":12,"minecraft:furnace":3,"minecraft:porkchop":1,"minecraft:andesite":10,"minecraft:egg":2,"minecraft:cobbled_deepslate":36,"minecraft:iron_leggings":1},"minecraft:mined":{"minecraft:tuff":1,"minecraft:cherry_log":12,"minecraft:crafting_table":2,"minecraft:torch":3,"minecraft:granite":1,"minecraft:ladder":4,"minecraft:grass_block":5,"minecraft:cobblestone":10,"minecraft:diorite":40,"minecraft:wall_torch":16,"minecraft:pink_petals":2,"minecraft:raw_iron_block":2,"minecraft:carrots":1,"minecraft:iron_ore":33,"minecraft:sweet_berry_bush":15,"minecraft:andesite":55,"minecraft:birch_door":1,"minecraft:grass":1,"minecraft:pointed_dripstone":2,"minecraft:oak_log":46,"minecraft:coal_ore":94,"minecraft:deepslate_iron_ore":48,"minecraft:gravel":2,"minecraft:dirt":51,"minecraft:stone":376,"minecraft:fern":1,"minecraft:oak_leaves":14,"minecraft:deepslate":19},"minecraft:picked_up":{"minecraft:pink_petals":3,"minecraft:birch_door":1,"minecraft:crafting_table":2,"minecraft:feather":2,"minecraft:chicken":3,"minecraft:ladder":8,"minecraft:andesite":143,"minecraft:leather":5,"minecraft:tuff":1,"minecraft:oak_log":114,"minecraft:shield":2,"minecraft:dirt":74,"minecraft:bone":12,"minecraft:cherry_boat":1,"minecraft:cobbled_deepslate":65,"minecraft:beef":8,"minecraft:iron_ingot":2,"minecraft:stone_pickaxe":6,"minecraft:glass_bottle":1,"minecraft:egg":2,"minecraft:raw_iron":81,"minecraft:stick":23,"minecraft:sweet_berries":44,"minecraft:torch":55,"minecraft:raw_iron_block":2,"minecraft:gravel":8,"minecraft:porkchop":17,"minecraft:dried_kelp":16,"minecraft:grass_block":1,"minecraft:pointed_dripstone":1,"minecraft:cherry_log":16,"minecraft:carrot":2,"minecraft:diorite":187,"minecraft:spider_eye":1,"minecraft:arrow":9,"minecraft:rotten_flesh":4,"minecraft:granite":1,"minecraft:cherry_sapling":16,"minecraft:oak_sapling":4,"minecraft:black_wool":2,"minecraft:mutton":14,"minecraft:coal":274,"minecraft:white_wool":7,"minecraft:cobblestone":642,"minecraft:ender_pearl":1},"minecraft:killed_by":{"minecraft:skeleton":3},"minecraft:crafted":{"minecraft:cherry_planks":64,"minecraft:oak_planks":68,"minecraft:raw_iron":18,"minecraft:cooked_porkchop":16,"minecraft:crafting_table":2,"minecraft:iron_helmet":1,"minecraft:dried_kelp":27,"minecraft:wooden_pickaxe":1,"minecraft:cooked_chicken":2,"minecraft:iron_sword":1,"minecraft:furnace":2,"minecraft:stone_axe":2,"minecraft:air":0,"minecraft:iron_boots":1,"minecraft:iron_chestplate":1,"minecraft:iron_axe":1,"minecraft:ladder":15,"minecraft:stick":88,"minecraft:iron_ingot":36,"minecraft:iron_pickaxe":1,"minecraft:stone_pickaxe":7,"minecraft:iron_shovel":1,"minecraft:iron_leggings":1,"minecraft:stone_sword":2,"minecraft:chest":4,"minecraft:white_bed":2,"minecraft:torch":108},"minecraft:killed":{"minecraft:magma_cube":2,"minecraft:pig":8,"minecraft:witch":1,"minecraft:sheep":9,"minecraft:skeleton":4,"minecraft:goat":10,"minecraft:zombie":3,"minecraft:chicken":3,"minecraft:enderman":1,"minecraft:cow":5},"minecraft:custom":{"minecraft:interact_with_furnace":37,"minecraft:mob_kills":46,"minecraft:interact_with_crafting_table":39,"minecraft:leave_game":5,"minecraft:time_since_death":77895,"minecraft:sleep_in_bed":1,"minecraft:climb_one_cm":9934,"minecraft:time_since_rest":20159,"minecraft:sprint_one_cm":203297,"minecraft:damage_taken":2621,"minecraft:walk_one_cm":231390,"minecraft:damage_blocked_by_shield":1070,"minecraft:damage_dealt":5517,"minecraft:swim_one_cm":18674,"minecraft:fly_one_cm":261331,"minecraft:open_chest":30,"minecraft:crouch_one_cm":23498,"minecraft:play_time":120680,"minecraft:deaths":5,"minecraft:sneak_time":8197,"minecraft:walk_under_water_one_cm":8517,"minecraft:jump":2525,"minecraft:walk_on_water_one_cm":9227,"minecraft:total_world_time":120680,"minecraft:fall_one_cm":78488}},"DataVersion":3465}