{"stats":{"minecraft:custom":{"minecraft:mob_kills":83,"minecraft:interact_with_crafting_table":60,"minecraft:bell_ring":2,"minecraft:leave_game":6,"minecraft:time_since_death":165608,"minecraft:climb_one_cm":13623,"minecraft:sprint_one_cm":394187,"minecraft:walk_one_cm":415001,"minecraft:damage_blocked_by_shield":1210,"minecraft:drop":6,"minecraft:talked_to_villager":1,"minecraft:play_time":208393,"minecraft:deaths":5,"minecraft:sneak_time":12956,"minecraft:walk_under_water_one_cm":14254,"minecraft:jump":4795,"minecraft:walk_on_water_one_cm":12393,"minecraft:total_world_time":208393,"minecraft:interact_with_furnace":55,"minecraft:sleep_in_bed":1,"minecraft:time_since_rest":107872,"minecraft:damage_taken":3811,"minecraft:damage_dealt":9905,"minecraft:fly_one_cm":526135,"minecraft:swim_one_cm":33339,"minecraft:open_chest":77,"minecraft:crouch_one_cm":36765,"minecraft:fall_one_cm":151466},"minecraft:killed_by":{"minecraft:skeleton":3},"minecraft:broken":{"minecraft:stone_pickaxe":4,"minecraft:stone_axe":1,"minecraft:iron_pickaxe":3},"minecraft:used":{"minecraft:stone_sword":19,"minecraft:iron_shovel":26,"minecraft:stone_shovel":10,"minecraft:dried_kelp":25,"minecraft:ladder":18,"minecraft:chest":6,"minecraft:shield":36,"minecraft:iron_sword":127,"minecraft:cooked_chicken":2,"minecraft:iron_chestplate":1,"minecraft:torch":185,"minecraft:dirt":19,"minecraft:carrot":4,"minecraft:tuff":1,"minecraft:granite":1,"minecraft:birch_door":1,"minecraft:cherry_trapdoor":2,"minecraft:iron_boots":1,"minecraft:sweet_berries":69,"minecraft:furnace":3,"minecraft:egg":2,"minecraft:cooked_beef":9,"minecraft:potato":5,"minecraft:cobbled_deepslate":36,"minecraft:iron_leggings":1,"minecraft:wheat_seeds":24,"minecraft:water_bucket":13,"minecraft:diorite":11,"minecraft:stone_pickaxe":683,"minecraft:oak_planks":2,"minecraft:wooden_pickaxe":27,"minecraft:cherry_planks":17,"minecraft:crafting_table":4,"minecraft:white_bed":6,"minecraft:oak_log":2,"minecraft:diamond_pickaxe":1,"minecraft:chicken":1,"minecraft:bread":2,"minecraft:iron_pickaxe":783,"minecraft:gravel":2,"minecraft:stone_axe":115,"minecraft:pink_petals":3,"minecraft:cobblestone":175,"minecraft:cooked_porkchop":16,"minecraft:porkchop":1,"minecraft:bucket":14,"minecraft:andesite":10},"minecraft:mined":{"minecraft:tuff":6,"minecraft:white_bed":3,"minecraft:deepslate_diamond_ore":7,"minecraft:cherry_log":12,"minecraft:glow_lichen":1,"minecraft:granite":18,"minecraft:ladder":5,"minecraft:grass_block":25,"minecraft:spawner":1,"minecraft:hay_block":14,"minecraft:raw_iron_block":2,"minecraft:furnace":1,"minecraft:carrots":3,"minecraft:iron_ore":41,"minecraft:andesite":55,"minecraft:pointed_dripstone":2,"minecraft:potatoes":5,"minecraft:deepslate_iron_ore":77,"minecraft:stone":661,"minecraft:deepslate_redstone_ore":7,"minecraft:crafting_table":2,"minecraft:torch":3,"minecraft:copper_ore":9,"minecraft:tall_grass":1,"minecraft:cobblestone":13,"minecraft:deepslate_gold_ore":12,"minecraft:lapis_ore":6,"minecraft:diorite":83,"minecraft:wall_torch":22,"minecraft:pink_petals":2,"minecraft:sweet_berry_bush":19,"minecraft:wheat":24,"minecraft:birch_door":1,"minecraft:grass":10,"minecraft:coal_ore":135,"minecraft:oak_log":46,"minecraft:gravel":2,"minecraft:dirt":61,"minecraft:oak_leaves":20,"minecraft:deepslate":322,"minecraft:fern":1},"minecraft:crafted":{"minecraft:cherry_planks":64,"minecraft:oak_planks":68,"minecraft:raw_iron":18,"minecraft:cooked_chicken":2,"minecraft:furnace":2,"minecraft:cooked_mutton":20,"minecraft:cherry_trapdoor":2,"minecraft:iron_boots":1,"minecraft:iron_axe":1,"minecraft:ladder":15,"minecraft:stone_pickaxe":7,"minecraft:chest":6,"minecraft:wheat":126,"minecraft:cooked_beef":19,"minecraft:cooked_porkchop":16,"minecraft:diamond_axe":1,"minecraft:crafting_table":2,"minecraft:dried_kelp":27,"minecraft:wooden_pickaxe":1,"minecraft:iron_helmet":1,"minecraft:iron_sword":1,"minecraft:bucket":6,"minecraft:stone_axe":2,"minecraft:bread":42,"minecraft:air":0,"minecraft:iron_chestplate":1,"minecraft:diamond_pickaxe":1,"minecraft:stick":104,"minecraft:iron_ingot":64,"minecraft:iron_pickaxe":5,"minecraft:stone_sword":2,"minecraft:iron_shovel":1,"minecraft:iron_leggings":1,"minecraft:white_bed":2,"minecraft:torch":156},"minecraft:dropped":{"minecraft:wheat_seeds":31,"minecraft:glass_bottle":1,"minecraft:feather":1,"minecraft:iron_pickaxe":1,"minecraft:gravel":1,"minecraft:oak_sapling":1},"minecraft:killed":{"minecraft:witch":1,"minecraft:skeleton":6,"minecraft:chicken":11,"minecraft:magma_cube":2,"minecraft:pig":13,"minecraft:creeper":1,"minecraft:sheep":14,"minecraft:goat":10,"minecraft:zombie":13,"minecraft:cow":11,"minecraft:enderman":1},"minecraft:picked_up":{"minecraft:crafting_table":2,"minecraft:birch_door":1,"minecraft:wheat":23,"minecraft:chicken":11,"minecraft:ladder":9,"minecraft:shield":2,"minecraft:raw_copper":25,"minecraft:cherry_boat":1,"minecraft:cobbled_deepslate":367,"minecraft:beef":19,"minecraft:iron_pickaxe":1,"minecraft:egg":4,"minecraft:furnace":1,"minecraft:stick":23,"minecraft:raw_iron":117,"minecraft:torch":62,"minecraft:porkchop":24,"minecraft:dried_kelp":16,"minecraft:cherry_log":16,"minecraft:pointed_dripstone":1,"minecraft:diorite":230,"minecraft:carrot":9,"minecraft:redstone":32,"minecraft:arrow":9,"minecraft:rotten_flesh":9,"minecraft:hay_block":14,"minecraft:mutton":20,"minecraft:white_wool":11,"minecraft:cobblestone":929,"minecraft:pink_petals":3,"minecraft:feather":14,"minecraft:andesite":143,"minecraft:leather":10,"minecraft:potato":21,"minecraft:tuff":6,"minecraft:oak_log":114,"minecraft:lapis_lazuli":42,"minecraft:dirt":103,"minecraft:bone":13,"minecraft:wheat_seeds":57,"minecraft:raw_gold":12,"minecraft:iron_ingot":2,"minecraft:stone_pickaxe":6,"minecraft:glass_bottle":1,"minecraft:sweet_berries":120,"minecraft:gravel":8,"minecraft:raw_iron_block":2,"minecraft:white_bed":3,"minecraft:grass_block":1,"minecraft:spider_eye":1,"minecraft:diamond":7,"minecraft:granite":18,"minecraft:cherry_sapling":16,"minecraft:oak_sapling":4,"minecraft:coal":315,"minecraft:black_wool":2,"minecraft:ender_pearl":1}},"DataVersion":3465}