{"stats":{"minecraft:custom":{"minecraft:time_since_rest":17759,"minecraft:interact_with_furnace":7,"minecraft:sprint_one_cm":22662,"minecraft:damage_taken":210,"minecraft:walk_one_cm":29875,"minecraft:mob_kills":1,"minecraft:damage_dealt":325,"minecraft:swim_one_cm":3363,"minecraft:interact_with_crafting_table":9,"minecraft:fly_one_cm":32962,"minecraft:open_chest":6,"minecraft:crouch_one_cm":6819,"minecraft:play_time":17759,"minecraft:sneak_time":1970,"minecraft:walk_under_water_one_cm":943,"minecraft:jump":205,"minecraft:leave_game":2,"minecraft:time_since_death":17759,"minecraft:walk_on_water_one_cm":1328,"minecraft:climb_one_cm":1184,"minecraft:total_world_time":17759,"minecraft:fall_one_cm":4474},"minecraft:mined":{"minecraft:carrots":1,"minecraft:andesite":47,"minecraft:crafting_table":1,"minecraft:grass":1,"minecraft:coal_ore":38,"minecraft:grass_block":3,"minecraft:oak_log":17,"minecraft:gravel":1,"minecraft:dirt":8,"minecraft:stone":143,"minecraft:diorite":32,"minecraft:oak_leaves":4,"minecraft:wall_torch":3},"minecraft:picked_up":{"minecraft:crafting_table":1,"minecraft:andesite":47,"minecraft:torch":3,"minecraft:gravel":1,"minecraft:oak_log":17,"minecraft:diorite":32,"minecraft:carrot":2,"minecraft:dirt":11,"minecraft:rotten_flesh":1,"minecraft:oak_sapling":1,"minecraft:coal":38,"minecraft:cobblestone":142},"minecraft:crafted":{"minecraft:crafting_table":1,"minecraft:ladder":9,"minecraft:stick":36,"minecraft:dried_kelp":27,"minecraft:stone_pickaxe":2,"minecraft:stone_sword":1,"minecraft:chest":2,"minecraft:torch":40,"minecraft:air":0},"minecraft:killed":{"minecraft:zombie":1},"minecraft:used":{"minecraft:stone_shovel":10,"minecraft:stone_pickaxe":264,"minecraft:dried_kelp":20,"minecraft:ladder":7,"minecraft:chest":2,"minecraft:stone_axe":26,"minecraft:torch":15,"minecraft:dirt":2,"minecraft:crafting_table":2,"minecraft:furnace":1,"minecraft:carrot":1,"minecraft:andesite":10,"minecraft:white_bed":1},"minecraft:broken":{"minecraft:stone_pickaxe":1}},"DataVersion":3465}