{"stats":{"minecraft:custom":{"minecraft:interact_with_furnace":7,"minecraft:mob_kills":37,"minecraft:interact_with_crafting_table":15,"minecraft:leave_game":4,"minecraft:time_since_death":14636,"minecraft:climb_one_cm":8035,"minecraft:time_since_rest":14662,"minecraft:sprint_one_cm":120009,"minecraft:damage_taken":1670,"minecraft:walk_one_cm":126986,"minecraft:damage_blocked_by_shield":640,"minecraft:damage_dealt":3780,"minecraft:swim_one_cm":10947,"minecraft:fly_one_cm":156893,"minecraft:open_chest":15,"minecraft:crouch_one_cm":15079,"minecraft:play_time":57421,"minecraft:deaths":5,"minecraft:sneak_time":4739,"minecraft:walk_under_water_one_cm":7869,"minecraft:jump":1357,"minecraft:walk_on_water_one_cm":8697,"minecraft:total_world_time":57421,"minecraft:fall_one_cm":41611},"minecraft:killed_by":{"minecraft:skeleton":3},"minecraft:mined":{"minecraft:cherry_log":12,"minecraft:crafting_table":2,"minecraft:torch":1,"minecraft:grass_block":4,"minecraft:cobblestone":2,"minecraft:diorite":40,"minecraft:wall_torch":14,"minecraft:pink_petals":2,"minecraft:carrots":1,"minecraft:andesite":54,"minecraft:birch_door":1,"minecraft:grass":1,"minecraft:coal_ore":48,"minecraft:oak_log":19,"minecraft:deepslate_iron_ore":4,"minecraft:gravel":1,"minecraft:dirt":20,"minecraft:stone":199,"minecraft:oak_leaves":7,"minecraft:deepslate":3},"minecraft:picked_up":{"minecraft:pink_petals":3,"minecraft:birch_door":1,"minecraft:crafting_table":2,"minecraft:feather":2,"minecraft:chicken":3,"minecraft:ladder":4,"minecraft:andesite":142,"minecraft:leather":3,"minecraft:oak_log":87,"minecraft:shield":2,"minecraft:dirt":42,"minecraft:bone":7,"minecraft:cherry_boat":1,"minecraft:cobbled_deepslate":49,"minecraft:beef":3,"minecraft:iron_ingot":2,"minecraft:stone_pickaxe":6,"minecraft:egg":2,"minecraft:raw_iron":4,"minecraft:stick":19,"minecraft:sweet_berries":6,"minecraft:torch":50,"minecraft:gravel":7,"minecraft:porkchop":17,"minecraft:dried_kelp":16,"minecraft:cherry_log":16,"minecraft:diorite":187,"minecraft:carrot":2,"minecraft:spider_eye":1,"minecraft:arrow":7,"minecraft:rotten_flesh":4,"minecraft:cherry_sapling":16,"minecraft:oak_sapling":4,"minecraft:black_wool":2,"minecraft:mutton":12,"minecraft:coal":228,"minecraft:white_wool":6,"minecraft:cobblestone":456},"minecraft:crafted":{"minecraft:cherry_planks":64,"minecraft:oak_planks":68,"minecraft:crafting_table":2,"minecraft:dried_kelp":27,"minecraft:wooden_pickaxe":1,"minecraft:stone_axe":1,"minecraft:air":0,"minecraft:ladder":9,"minecraft:stick":44,"minecraft:stone_pickaxe":4,"minecraft:stone_sword":1,"minecraft:chest":2,"minecraft:torch":40},"minecraft:killed":{"minecraft:magma_cube":2,"minecraft:pig":8,"minecraft:sheep":8,"minecraft:skeleton":1,"minecraft:goat":10,"minecraft:zombie":3,"minecraft:chicken":3,"minecraft:cow":2},"minecraft:used":{"minecraft:diorite":11,"minecraft:stone_shovel":10,"minecraft:stone_pickaxe":371,"minecraft:dried_kelp":25,"minecraft:oak_planks":2,"minecraft:ladder":7,"minecraft:wooden_pickaxe":3,"minecraft:chest":2,"minecraft:shield":18,"minecraft:cherry_planks":17,"minecraft:torch":54,"minecraft:dirt":4,"minecraft:crafting_table":4,"minecraft:carrot":1,"minecraft:white_bed":1,"minecraft:birch_door":1,"minecraft:oak_log":2,"minecraft:chicken":1,"minecraft:gravel":2,"minecraft:stone_axe":84,"minecraft:pink_petals":3,"minecraft:cobblestone":36,"minecraft:sweet_berries":5,"minecraft:furnace":1,"minecraft:porkchop":1,"minecraft:andesite":10,"minecraft:egg":2,"minecraft:cobbled_deepslate":20},"minecraft:broken":{"minecraft:stone_pickaxe":2}},"DataVersion":3465}