{"stats":{"minecraft:custom":{"minecraft:mob_kills":131,"minecraft:interact_with_crafting_table":56,"minecraft:leave_game":3,"minecraft:time_since_death":123869,"minecraft:sprint_one_cm":940159,"minecraft:walk_one_cm":235282,"minecraft:damage_blocked_by_shield":430,"minecraft:drop":60,"minecraft:play_time":225226,"minecraft:deaths":22,"minecraft:sneak_time":1677,"minecraft:walk_under_water_one_cm":15065,"minecraft:boat_one_cm":106802,"minecraft:jump":5415,"minecraft:walk_on_water_one_cm":24394,"minecraft:total_world_time":225226,"minecraft:interact_with_furnace":46,"minecraft:sleep_in_bed":8,"minecraft:time_since_rest":24860,"minecraft:damage_taken":9638,"minecraft:damage_dealt":14525,"minecraft:swim_one_cm":183074,"minecraft:fly_one_cm":892074,"minecraft:player_kills":2,"minecraft:open_chest":42,"minecraft:crouch_one_cm":2477,"minecraft:fall_one_cm":206290},"minecraft:killed_by":{"minecraft:player":2,"minecraft:enderman":1,"minecraft:zombie":2},"minecraft:mined":{"minecraft:tuff":2,"minecraft:white_bed":5,"minecraft:deepslate_diamond_ore":2,"minecraft:cherry_log":53,"minecraft:granite":7,"minecraft:grass_block":20,"minecraft:spruce_leaves":6,"minecraft:oxeye_daisy":1,"minecraft:spawner":2,"minecraft:furnace":9,"minecraft:iron_ore":81,"minecraft:andesite":9,"minecraft:pumpkin":1,"minecraft:deepslate_lapis_ore":1,"minecraft:deepslate_iron_ore":38,"minecraft:stone":216,"minecraft:cherry_planks":2,"minecraft:dandelion":1,"minecraft:powder_snow":4,"minecraft:cornflower":1,"minecraft:crafting_table":10,"minecraft:torch":26,"minecraft:calcite":2,"minecraft:tall_grass":3,"minecraft:copper_ore":1,"minecraft:cobblestone":11,"minecraft:deepslate_gold_ore":17,"minecraft:lapis_ore":1,"minecraft:sugar_cane":1,"minecraft:diorite":3,"minecraft:wall_torch":4,"minecraft:amethyst_block":4,"minecraft:pink_petals":1,"minecraft:sweet_berry_bush":16,"minecraft:spruce_log":13,"minecraft:birch_leaves":10,"minecraft:cherry_door":15,"minecraft:grass":39,"minecraft:oak_log":9,"minecraft:coal_ore":118,"minecraft:cherry_leaves":2,"minecraft:gravel":3,"minecraft:dirt":22,"minecraft:cobweb":7,"minecraft:gold_ore":8,"minecraft:oak_leaves":28,"minecraft:deepslate":38,"minecraft:fern":2},"minecraft:picked_up":{"minecraft:crafting_table":10,"minecraft:chicken":10,"minecraft:amethyst_block":4,"minecraft:cornflower":1,"minecraft:string":3,"minecraft:iron_axe":1,"minecraft:cherry_boat":6,"minecraft:cobbled_deepslate":35,"minecraft:spruce_planks":3,"minecraft:beef":124,"minecraft:calcite":1,"minecraft:poppy":2,"minecraft:iron_pickaxe":3,"minecraft:light_gray_wool":3,"minecraft:sugar_cane":2,"minecraft:birch_sapling":2,"minecraft:egg":1,"minecraft:furnace":10,"minecraft:golden_helmet":3,"minecraft:stick":1,"minecraft:raw_iron":131,"minecraft:torch":53,"minecraft:porkchop":79,"minecraft:cherry_log":95,"minecraft:diorite":3,"minecraft:stone_sword":1,"minecraft:arrow":5,"minecraft:rotten_flesh":10,"minecraft:mutton":54,"minecraft:rail":2,"minecraft:white_wool":30,"minecraft:cobblestone":266,"minecraft:oxeye_daisy":1,"minecraft:feather":10,"minecraft:cooked_beef":3,"minecraft:cherry_planks":26,"minecraft:andesite":8,"minecraft:leather":36,"minecraft:brown_wool":1,"minecraft:tuff":2,"minecraft:oak_log":18,"minecraft:cherry_door":15,"minecraft:lapis_lazuli":11,"minecraft:dirt":35,"minecraft:bone":4,"minecraft:wheat_seeds":7,"minecraft:raw_gold":24,"minecraft:stone_pickaxe":6,"minecraft:iron_ingot":4,"minecraft:cooked_chicken":1,"minecraft:oak_planks":186,"minecraft:iron_sword":1,"minecraft:smooth_basalt":3,"minecraft:cooked_porkchop":1,"minecraft:pumpkin":1,"minecraft:sweet_berries":17,"minecraft:dandelion":1,"minecraft:gravel":1,"minecraft:white_bed":4,"minecraft:spruce_log":21,"minecraft:lily_of_the_valley":6,"minecraft:spider_eye":1,"minecraft:diamond":2,"minecraft:granite":2,"minecraft:oak_sapling":11,"minecraft:coal":189,"minecraft:black_wool":4},"minecraft:crafted":{"minecraft:cherry_planks":76,"minecraft:oak_planks":32,"minecraft:leather_boots":1,"minecraft:cooked_chicken":4,"minecraft:furnace":4,"minecraft:cherry_boat":2,"minecraft:iron_boots":1,"minecraft:iron_axe":2,"minecraft:stone_pickaxe":1,"minecraft:chest":2,"minecraft:cooked_beef":6,"minecraft:cooked_porkchop":42,"minecraft:crafting_table":4,"minecraft:spruce_planks":16,"minecraft:iron_helmet":1,"minecraft:iron_sword":2,"minecraft:bucket":2,"minecraft:stone_axe":1,"minecraft:iron_chestplate":1,"minecraft:shield":1,"minecraft:stick":48,"minecraft:iron_ingot":56,"minecraft:iron_pickaxe":3,"minecraft:wooden_axe":1,"minecraft:cherry_door":3,"minecraft:iron_leggings":1,"minecraft:white_bed":1,"minecraft:torch":88},"minecraft:killed":{"minecraft:cave_spider":3,"minecraft:skeleton":5,"minecraft:chicken":9,"minecraft:pig":21,"minecraft:sheep":40,"minecraft:zombie":18,"minecraft:cow":35},"minecraft:dropped":{"minecraft:iron_ingot":2,"minecraft:iron_sword":1,"minecraft:wheat_seeds":6,"minecraft:golden_helmet":3,"minecraft:cherry_log":45,"minecraft:cooked_porkchop":1,"minecraft:feather":5,"minecraft:cobblestone":48,"minecraft:amethyst_block":4,"minecraft:rail":2,"minecraft:coal":29,"minecraft:stick":6,"minecraft:dirt":4,"minecraft:diorite":2,"minecraft:wooden_axe":1,"minecraft:cherry_planks":24,"minecraft:iron_axe":2,"minecraft:iron_pickaxe":3,"minecraft:string":3,"minecraft:cherry_door":2,"minecraft:bone":8,"minecraft:gravel":1,"minecraft:furnace":2,"minecraft:stone_axe":1,"minecraft:iron_nugget":1,"minecraft:stone_sword":1,"minecraft:obsidian":2,"minecraft:raw_iron":7,"minecraft:rotten_flesh":7,"minecraft:oak_planks":107,"minecraft:lily_of_the_valley":3,"minecraft:poppy":1,"minecraft:potato":1,"minecraft:spruce_planks":3,"minecraft:oak_sapling":5,"minecraft:stone_pickaxe":7,"minecraft:calcite":1,"minecraft:black_wool":2,"minecraft:egg":1},"minecraft:used":{"minecraft:cherry_boat":7,"minecraft:spruce_planks":5,"minecraft:chest":2,"minecraft:shield":4,"minecraft:iron_sword":311,"minecraft:cooked_chicken":5,"minecraft:iron_chestplate":1,"minecraft:torch":106,"minecraft:dirt":19,"minecraft:tuff":2,"minecraft:granite":2,"minecraft:wooden_axe":9,"minecraft:lava_bucket":15,"minecraft:iron_axe":164,"minecraft:iron_helmet":1,"minecraft:smooth_basalt":3,"minecraft:sweet_berries":17,"minecraft:furnace":9,"minecraft:cooked_beef":9,"minecraft:cobbled_deepslate":35,"minecraft:iron_leggings":2,"minecraft:water_bucket":4,"minecraft:diorite":1,"minecraft:stone_pickaxe":115,"minecraft:oak_planks":2,"minecraft:cherry_planks":25,"minecraft:leather_boots":2,"minecraft:crafting_table":14,"minecraft:white_bed":5,"minecraft:oak_log":1,"minecraft:cherry_door":16,"minecraft:chicken":1,"minecraft:iron_pickaxe":486,"minecraft:golden_helmet":2,"minecraft:stone_axe":1,"minecraft:cobblestone":180,"minecraft:cooked_porkchop":42,"minecraft:bucket":21,"minecraft:andesite":8}},"DataVersion":3465}