{"stats":{"minecraft:custom":{"minecraft:animals_bred":16,"minecraft:interact_with_crafting_table":85,"minecraft:leave_game":8,"minecraft:time_since_death":33828,"minecraft:sprint_one_cm":2270382,"minecraft:damage_blocked_by_shield":2623,"minecraft:drop":248,"minecraft:play_time":480773,"minecraft:deaths":27,"minecraft:jump":9103,"minecraft:walk_on_water_one_cm":35467,"minecraft:enchant_item":2,"minecraft:interact_with_furnace":112,"minecraft:play_record":2,"minecraft:sleep_in_bed":11,"minecraft:damage_dealt":22704,"minecraft:player_kills":4,"minecraft:crouch_one_cm":4245,"minecraft:interact_with_smoker":3,"minecraft:horse_one_cm":728417,"minecraft:mob_kills":175,"minecraft:climb_one_cm":299,"minecraft:walk_one_cm":636006,"minecraft:sneak_time":2919,"minecraft:walk_under_water_one_cm":26578,"minecraft:boat_one_cm":198261,"minecraft:total_world_time":480773,"minecraft:interact_with_stonecutter":8,"minecraft:time_since_rest":33858,"minecraft:damage_absorbed":40,"minecraft:damage_taken":13624,"minecraft:swim_one_cm":199271,"minecraft:fly_one_cm":1644357,"minecraft:open_chest":189,"minecraft:fish_caught":1,"minecraft:fall_one_cm":292968},"minecraft:killed_by":{"minecraft:creeper":1,"minecraft:zombie":2,"minecraft:player":5,"minecraft:enderman":1,"minecraft:skeleton":1},"minecraft:mined":{"minecraft:white_bed":6,"minecraft:oak_sapling":24,"minecraft:cherry_log":105,"minecraft:carved_pumpkin":1,"minecraft:granite":53,"minecraft:grass_block":38,"minecraft:oxeye_daisy":1,"minecraft:spawner":2,"minecraft:iron_ore":81,"minecraft:fire":2,"minecraft:pumpkin":1,"minecraft:deepslate_lapis_ore":1,"minecraft:enchanting_table":1,"minecraft:powder_snow":4,"minecraft:torch":27,"minecraft:poppy":1,"minecraft:calcite":2,"minecraft:glass":2,"minecraft:cobblestone":43,"minecraft:sugar_cane":1,"minecraft:oak_planks":2,"minecraft:wall_torch":6,"minecraft:amethyst_block":4,"minecraft:pink_petals":5,"minecraft:birch_log":3,"minecraft:wheat":45,"minecraft:cherry_door":15,"minecraft:grass":84,"minecraft:oak_log":429,"minecraft:sand":6,"minecraft:dirt":35,"minecraft:oak_leaves":139,"minecraft:deepslate":38,"minecraft:tuff":2,"minecraft:deepslate_diamond_ore":2,"minecraft:spruce_leaves":16,"minecraft:furnace":10,"minecraft:carrots":43,"minecraft:andesite":9,"minecraft:peony":4,"minecraft:potatoes":44,"minecraft:deepslate_iron_ore":38,"minecraft:stripped_oak_log":1,"minecraft:stone":235,"minecraft:white_wool":1,"minecraft:cherry_planks":7,"minecraft:dandelion":1,"minecraft:crafting_table":10,"minecraft:cornflower":1,"minecraft:tall_grass":6,"minecraft:copper_ore":2,"minecraft:lapis_ore":1,"minecraft:deepslate_gold_ore":17,"minecraft:diorite":3,"minecraft:purple_bed":3,"minecraft:sweet_berry_bush":19,"minecraft:spruce_log":13,"minecraft:birch_leaves":10,"minecraft:coal_ore":146,"minecraft:cherry_leaves":80,"minecraft:gravel":5,"minecraft:cobweb":7,"minecraft:gold_ore":8,"minecraft:fern":4},"minecraft:picked_up":{"minecraft:iron_chestplate":4,"minecraft:wheat":193,"minecraft:lead":2,"minecraft:amethyst_block":4,"minecraft:string":11,"minecraft:raw_copper":21,"minecraft:iron_leggings":5,"minecraft:pufferfish":5,"minecraft:cherry_boat":9,"minecraft:cobbled_deepslate":35,"minecraft:bucket":2,"minecraft:spruce_planks":3,"minecraft:calcite":1,"minecraft:iron_pickaxe":10,"minecraft:furnace":11,"minecraft:iron_boots":1,"minecraft:golden_helmet":3,"minecraft:stick":33,"minecraft:torch":102,"minecraft:porkchop":88,"minecraft:cherry_log":146,"minecraft:diorite":15,"minecraft:music_disc_pigstep":4,"minecraft:stone_sword":1,"minecraft:rotten_flesh":31,"minecraft:carved_pumpkin":1,"minecraft:obsidian":2,"minecraft:cobblestone":543,"minecraft:enchanting_table":1,"minecraft:birch_log":3,"minecraft:pink_petals":5,"minecraft:feather":11,"minecraft:cooked_beef":4,"minecraft:cherry_planks":32,"minecraft:cherry_leaves":32,"minecraft:water_bucket":2,"minecraft:andesite":10,"minecraft:brown_wool":1,"minecraft:potato":254,"minecraft:flint":9,"minecraft:tuff":2,"minecraft:lapis_lazuli":60,"minecraft:cherry_door":15,"minecraft:dirt":220,"minecraft:bone":26,"minecraft:wheat_seeds":327,"minecraft:raw_gold":24,"minecraft:stone_hoe":1,"minecraft:oak_planks":193,"minecraft:cooked_porkchop":1,"minecraft:poisonous_potato":5,"minecraft:sand":6,"minecraft:grass_block":1,"minecraft:lily_of_the_valley":6,"minecraft:iron_hoe":2,"minecraft:diamond":8,"minecraft:spruce_boat":1,"minecraft:granite":122,"minecraft:golden_apple":15,"minecraft:bread":3,"minecraft:oak_sapling":80,"minecraft:diamond_pickaxe":4,"minecraft:fishing_rod":1,"minecraft:crafting_table":10,"minecraft:chicken":10,"minecraft:wooden_pickaxe":2,"minecraft:shield":3,"minecraft:cornflower":1,"minecraft:flint_and_steel":3,"minecraft:iron_axe":5,"minecraft:wooden_sword":2,"minecraft:glass_pane":89,"minecraft:beef":172,"minecraft:poppy":3,"minecraft:light_gray_wool":3,"minecraft:sugar_cane":2,"minecraft:birch_sapling":3,"minecraft:egg":2,"minecraft:raw_iron":135,"minecraft:stone":15,"minecraft:carrot":283,"minecraft:arrow":18,"minecraft:stone_shovel":1,"minecraft:peony":1,"minecraft:shears":2,"minecraft:gold_ingot":9,"minecraft:mutton":55,"minecraft:white_wool":59,"minecraft:rail":2,"minecraft:oxeye_daisy":1,"minecraft:stripped_oak_log":1,"minecraft:golden_carrot":1,"minecraft:leather":37,"minecraft:oak_log":615,"minecraft:gunpowder":6,"minecraft:apple":7,"minecraft:stone_bricks":29,"minecraft:stone_pickaxe":6,"minecraft:iron_ingot":4,"minecraft:cooked_chicken":1,"minecraft:iron_sword":5,"minecraft:book":4,"minecraft:oak_slab":40,"minecraft:smooth_basalt":3,"minecraft:sweet_berries":17,"minecraft:pumpkin":1,"minecraft:dandelion":1,"minecraft:gravel":18,"minecraft:white_bed":5,"minecraft:spruce_log":21,"minecraft:spider_eye":12,"minecraft:pumpkin_seeds":4,"minecraft:purple_bed":3,"minecraft:stone_axe":2,"minecraft:iron_helmet":4,"minecraft:cherry_sapling":4,"minecraft:baked_potato":1,"minecraft:black_wool":4,"minecraft:coal":325,"minecraft:ender_pearl":1},"minecraft:crafted":{"minecraft:oak_planks":40,"minecraft:cooked_chicken":4,"minecraft:cherry_boat":2,"minecraft:stone":64,"minecraft:glass":5,"minecraft:iron_boots":1,"minecraft:chest":2,"minecraft:stone_bricks":22,"minecraft:glass_bottle":3,"minecraft:cooked_porkchop":42,"minecraft:crafting_table":4,"minecraft:spruce_planks":16,"minecraft:iron_helmet":2,"minecraft:baked_potato":47,"minecraft:golden_pickaxe":1,"minecraft:campfire":1,"minecraft:iron_chestplate":2,"minecraft:diamond_pickaxe":1,"minecraft:shield":1,"minecraft:stick":72,"minecraft:iron_ingot":109,"minecraft:iron_pickaxe":13,"minecraft:gold_ingot":81,"minecraft:shears":1,"minecraft:golden_carrot":5,"minecraft:cherry_planks":76,"minecraft:fishing_rod":1,"minecraft:leather_boots":1,"minecraft:furnace":4,"minecraft:bone_meal":3,"minecraft:iron_axe":2,"minecraft:iron_hoe":1,"minecraft:stone_pickaxe":1,"minecraft:cooked_beef":57,"minecraft:iron_sword":2,"minecraft:bucket":2,"minecraft:stone_axe":1,"minecraft:oak_boat":1,"minecraft:golden_apple":9,"minecraft:gold_nugget":54,"minecraft:wooden_axe":1,"minecraft:cherry_door":3,"minecraft:iron_leggings":2,"minecraft:white_bed":1,"minecraft:torch":88},"minecraft:killed":{"minecraft:cave_spider":3,"minecraft:spider":10,"minecraft:skeleton":12,"minecraft:chicken":10,"minecraft:pig":25,"minecraft:creeper":2,"minecraft:sheep":41,"minecraft:zombie":28,"minecraft:cow":35,"minecraft:enderman":1},"minecraft:broken":{"minecraft:iron_axe":2,"minecraft:leather_boots":1},"minecraft:dropped":{"minecraft:iron_sword":2,"minecraft:lapis_lazuli":64,"minecraft:oak_log":404,"minecraft:baked_potato":33,"minecraft:diamond":3,"minecraft:cooked_porkchop":1,"minecraft:leather":33,"minecraft:rail":2,"minecraft:flint":8,"minecraft:dirt":44,"minecraft:cornflower":1,"minecraft:cherry_leaves":16,"minecraft:wooden_sword":2,"minecraft:iron_pickaxe":15,"minecraft:cherry_door":2,"minecraft:birch_log":2,"minecraft:white_wool":27,"minecraft:bone":11,"minecraft:gravel":1,"minecraft:stone_axe":2,"minecraft:iron_nugget":1,"minecraft:birch_sapling":2,"minecraft:wheat":115,"minecraft:obsidian":4,"minecraft:cherry_sapling":2,"minecraft:rotten_flesh":8,"minecraft:oak_planks":107,"minecraft:honey_bottle":1,"minecraft:white_bed":1,"minecraft:carrot":96,"minecraft:poppy":1,"minecraft:egg":1,"minecraft:stone_hoe":1,"minecraft:water_bucket":1,"minecraft:iron_ingot":2,"minecraft:oak_slab":40,"minecraft:wheat_seeds":51,"minecraft:golden_helmet":3,"minecraft:cherry_log":127,"minecraft:poisonous_potato":4,"minecraft:feather":6,"minecraft:cobblestone":188,"minecraft:book":2,"minecraft:amethyst_block":4,"minecraft:granite":64,"minecraft:golden_apple":13,"minecraft:coal":97,"minecraft:stick":8,"minecraft:pufferfish":2,"minecraft:diorite":2,"minecraft:wooden_axe":1,"minecraft:cherry_planks":28,"minecraft:iron_leggings":1,"minecraft:iron_axe":2,"minecraft:string":3,"minecraft:bucket":1,"minecraft:dandelion":1,"minecraft:furnace":2,"minecraft:stone_sword":1,"minecraft:raw_copper":14,"minecraft:raw_iron":7,"minecraft:stone_shovel":1,"minecraft:flint_and_steel":1,"minecraft:lily_of_the_valley":3,"minecraft:potato":34,"minecraft:spruce_boat":1,"minecraft:stone":35,"minecraft:shield":1,"minecraft:peony":1,"minecraft:spruce_planks":3,"minecraft:diamond_pickaxe":5,"minecraft:oak_sapling":26,"minecraft:spider_eye":2,"minecraft:stone_bricks":4,"minecraft:stone_pickaxe":7,"minecraft:wooden_pickaxe":2,"minecraft:calcite":1,"minecraft:black_wool":2},"minecraft:used":{"minecraft:cherry_sapling":2,"minecraft:poppy":1,"minecraft:chest":2,"minecraft:shield":32,"minecraft:iron_sword":535,"minecraft:iron_chestplate":2,"minecraft:carrot":64,"minecraft:tuff":2,"minecraft:milk_bucket":1,"minecraft:glass":2,"minecraft:lava_bucket":30,"minecraft:music_disc_pigstep":2,"minecraft:iron_helmet":2,"minecraft:stone_bricks":5,"minecraft:sweet_berries":17,"minecraft:oak_sapling":48,"minecraft:furnace":12,"minecraft:egg":1,"minecraft:potato":55,"minecraft:diorite":1,"minecraft:stone_pickaxe":115,"minecraft:oak_planks":4,"minecraft:sugar_cane":2,"minecraft:white_wool":2,"minecraft:golden_apple":1,"minecraft:sand":1,"minecraft:shears":63,"minecraft:bread":6,"minecraft:gravel":12,"minecraft:golden_helmet":2,"minecraft:pufferfish":1,"minecraft:wooden_sword":8,"minecraft:andesite":8,"minecraft:oak_boat":1,"minecraft:bone_meal":3,"minecraft:cherry_boat":11,"minecraft:enchanting_table":1,"minecraft:flint_and_steel":1,"minecraft:spruce_planks":5,"minecraft:cooked_chicken":5,"minecraft:torch":108,"minecraft:dirt":55,"minecraft:granite":2,"minecraft:iron_hoe":64,"minecraft:wooden_axe":9,"minecraft:iron_axe":758,"minecraft:smooth_basalt":3,"minecraft:golden_carrot":5,"minecraft:beef":12,"minecraft:cooked_beef":28,"minecraft:cobbled_deepslate":35,"minecraft:pumpkin":1,"minecraft:iron_leggings":4,"minecraft:wheat_seeds":86,"minecraft:water_bucket":7,"minecraft:glass_bottle":1,"minecraft:baked_potato":15,"minecraft:cherry_planks":27,"minecraft:leather_boots":2,"minecraft:crafting_table":14,"minecraft:campfire":1,"minecraft:white_bed":5,"minecraft:oak_log":10,"minecraft:diamond_pickaxe":1,"minecraft:cherry_door":16,"minecraft:chicken":1,"minecraft:iron_pickaxe":671,"minecraft:stone_axe":4,"minecraft:fishing_rod":17,"minecraft:cobblestone":197,"minecraft:purple_bed":3,"minecraft:cooked_porkchop":42,"minecraft:bucket":37,"minecraft:glass_pane":15}},"DataVersion":3465}