{"stats":{"minecraft:broken":{"minecraft:leather_boots":1},"minecraft:custom":{"minecraft:mob_kills":138,"minecraft:interact_with_crafting_table":65,"minecraft:leave_game":4,"minecraft:time_since_death":229120,"minecraft:climb_one_cm":299,"minecraft:sprint_one_cm":1343527,"minecraft:walk_one_cm":372231,"minecraft:damage_blocked_by_shield":2054,"minecraft:drop":134,"minecraft:play_time":330477,"minecraft:deaths":22,"minecraft:sneak_time":2206,"minecraft:walk_under_water_one_cm":17891,"minecraft:boat_one_cm":169359,"minecraft:jump":6858,"minecraft:walk_on_water_one_cm":26952,"minecraft:total_world_time":330477,"minecraft:interact_with_furnace":64,"minecraft:sleep_in_bed":10,"minecraft:time_since_rest":14629,"minecraft:damage_taken":10656,"minecraft:damage_dealt":15884,"minecraft:player_kills":2,"minecraft:swim_one_cm":186171,"minecraft:fly_one_cm":1183399,"minecraft:open_chest":81,"minecraft:crouch_one_cm":3103,"minecraft:fish_caught":1,"minecraft:fall_one_cm":245227,"minecraft:horse_one_cm":728417},"minecraft:picked_up":{"minecraft:crafting_table":10,"minecraft:chicken":10,"minecraft:amethyst_block":4,"minecraft:cornflower":1,"minecraft:string":5,"minecraft:iron_axe":1,"minecraft:pufferfish":1,"minecraft:cherry_boat":9,"minecraft:cobbled_deepslate":35,"minecraft:spruce_planks":3,"minecraft:beef":172,"minecraft:calcite":1,"minecraft:poppy":2,"minecraft:iron_pickaxe":4,"minecraft:light_gray_wool":3,"minecraft:sugar_cane":2,"minecraft:birch_sapling":2,"minecraft:furnace":11,"minecraft:egg":1,"minecraft:golden_helmet":3,"minecraft:stick":3,"minecraft:raw_iron":131,"minecraft:torch":86,"minecraft:porkchop":79,"minecraft:cherry_log":146,"minecraft:diorite":3,"minecraft:carrot":3,"minecraft:stone_sword":1,"minecraft:arrow":8,"minecraft:rotten_flesh":11,"minecraft:peony":1,"minecraft:carved_pumpkin":1,"minecraft:obsidian":2,"minecraft:mutton":54,"minecraft:rail":2,"minecraft:white_wool":30,"minecraft:cobblestone":269,"minecraft:oxeye_daisy":1,"minecraft:birch_log":2,"minecraft:pink_petals":5,"minecraft:feather":11,"minecraft:cooked_beef":4,"minecraft:cherry_planks":30,"minecraft:cherry_leaves":16,"minecraft:andesite":9,"minecraft:brown_wool":1,"minecraft:leather":36,"minecraft:tuff":2,"minecraft:oak_log":18,"minecraft:lapis_lazuli":11,"minecraft:cherry_door":15,"minecraft:dirt":75,"minecraft:bone":5,"minecraft:wheat_seeds":65,"minecraft:raw_gold":24,"minecraft:stone_pickaxe":6,"minecraft:iron_ingot":4,"minecraft:cooked_chicken":1,"minecraft:iron_sword":1,"minecraft:oak_planks":186,"minecraft:smooth_basalt":3,"minecraft:cooked_porkchop":1,"minecraft:pumpkin":1,"minecraft:sweet_berries":17,"minecraft:dandelion":1,"minecraft:gravel":1,"minecraft:white_bed":4,"minecraft:spruce_log":21,"minecraft:lily_of_the_valley":6,"minecraft:spider_eye":3,"minecraft:pumpkin_seeds":4,"minecraft:purple_bed":2,"minecraft:diamond":6,"minecraft:granite":2,"minecraft:cherry_sapling":4,"minecraft:oak_sapling":12,"minecraft:black_wool":4,"minecraft:coal":235},"minecraft:crafted":{"minecraft:cherry_planks":76,"minecraft:oak_planks":32,"minecraft:fishing_rod":1,"minecraft:leather_boots":1,"minecraft:cooked_chicken":4,"minecraft:furnace":4,"minecraft:cherry_boat":2,"minecraft:bone_meal":3,"minecraft:iron_boots":1,"minecraft:iron_axe":2,"minecraft:stone_pickaxe":1,"minecraft:chest":2,"minecraft:cooked_beef":57,"minecraft:cooked_porkchop":42,"minecraft:crafting_table":4,"minecraft:baked_potato":36,"minecraft:spruce_planks":16,"minecraft:iron_helmet":1,"minecraft:iron_sword":2,"minecraft:bucket":2,"minecraft:stone_axe":1,"minecraft:iron_chestplate":1,"minecraft:diamond_pickaxe":1,"minecraft:shield":1,"minecraft:stick":56,"minecraft:iron_ingot":56,"minecraft:iron_pickaxe":4,"minecraft:wooden_axe":1,"minecraft:cherry_door":3,"minecraft:iron_leggings":1,"minecraft:white_bed":1,"minecraft:torch":88,"minecraft:shears":1},"minecraft:used":{"minecraft:cherry_boat":11,"minecraft:cherry_sapling":2,"minecraft:chest":2,"minecraft:spruce_planks":5,"minecraft:shield":17,"minecraft:iron_sword":345,"minecraft:cooked_chicken":5,"minecraft:iron_chestplate":1,"minecraft:torch":107,"minecraft:dirt":19,"minecraft:carrot":3,"minecraft:tuff":2,"minecraft:granite":2,"minecraft:wooden_axe":9,"minecraft:lava_bucket":30,"minecraft:iron_axe":241,"minecraft:iron_helmet":1,"minecraft:smooth_basalt":3,"minecraft:beef":12,"minecraft:sweet_berries":17,"minecraft:furnace":12,"minecraft:cooked_beef":22,"minecraft:cobbled_deepslate":35,"minecraft:pumpkin":1,"minecraft:iron_leggings":2,"minecraft:water_bucket":7,"minecraft:diorite":1,"minecraft:baked_potato":3,"minecraft:stone_pickaxe":115,"minecraft:oak_planks":2,"minecraft:sugar_cane":2,"minecraft:cherry_planks":25,"minecraft:leather_boots":2,"minecraft:crafting_table":14,"minecraft:white_bed":5,"minecraft:shears":63,"minecraft:oak_log":1,"minecraft:diamond_pickaxe":1,"minecraft:cherry_door":16,"minecraft:chicken":1,"minecraft:iron_pickaxe":523,"minecraft:golden_helmet":2,"minecraft:stone_axe":1,"minecraft:fishing_rod":14,"minecraft:cobblestone":180,"minecraft:purple_bed":2,"minecraft:cooked_porkchop":42,"minecraft:andesite":8,"minecraft:bucket":37,"minecraft:bone_meal":3},"minecraft:killed_by":{"minecraft:player":2,"minecraft:enderman":1,"minecraft:zombie":2},"minecraft:killed":{"minecraft:cave_spider":3,"minecraft:spider":2,"minecraft:skeleton":7,"minecraft:chicken":9,"minecraft:pig":21,"minecraft:sheep":40,"minecraft:zombie":20,"minecraft:cow":35},"minecraft:mined":{"minecraft:tuff":2,"minecraft:white_bed":6,"minecraft:deepslate_diamond_ore":2,"minecraft:cherry_log":105,"minecraft:carved_pumpkin":1,"minecraft:granite":7,"minecraft:grass_block":27,"minecraft:spruce_leaves":16,"minecraft:oxeye_daisy":1,"minecraft:spawner":2,"minecraft:furnace":10,"minecraft:carrots":1,"minecraft:iron_ore":81,"minecraft:andesite":9,"minecraft:pumpkin":1,"minecraft:deepslate_lapis_ore":1,"minecraft:peony":4,"minecraft:deepslate_iron_ore":38,"minecraft:stone":216,"minecraft:cherry_planks":2,"minecraft:dandelion":1,"minecraft:powder_snow":4,"minecraft:crafting_table":10,"minecraft:cornflower":1,"minecraft:torch":26,"minecraft:calcite":2,"minecraft:tall_grass":4,"minecraft:copper_ore":1,"minecraft:cobblestone":16,"minecraft:lapis_ore":1,"minecraft:deepslate_gold_ore":17,"minecraft:sugar_cane":1,"minecraft:diorite":3,"minecraft:wall_torch":4,"minecraft:amethyst_block":4,"minecraft:pink_petals":5,"minecraft:purple_bed":2,"minecraft:birch_log":2,"minecraft:sweet_berry_bush":19,"minecraft:spruce_log":13,"minecraft:birch_leaves":10,"minecraft:cherry_door":15,"minecraft:grass":52,"minecraft:oak_log":9,"minecraft:coal_ore":118,"minecraft:cherry_leaves":80,"minecraft:gravel":3,"minecraft:dirt":23,"minecraft:cobweb":7,"minecraft:gold_ore":8,"minecraft:oak_leaves":55,"minecraft:deepslate":38,"minecraft:fern":4},"minecraft:dropped":{"minecraft:iron_ingot":2,"minecraft:iron_sword":1,"minecraft:wheat_seeds":6,"minecraft:golden_helmet":3,"minecraft:cherry_log":127,"minecraft:baked_potato":33,"minecraft:cooked_porkchop":1,"minecraft:feather":6,"minecraft:cobblestone":49,"minecraft:leather":32,"minecraft:amethyst_block":4,"minecraft:rail":2,"minecraft:coal":45,"minecraft:stick":8,"minecraft:dirt":4,"minecraft:diorite":2,"minecraft:cornflower":1,"minecraft:wooden_axe":1,"minecraft:cherry_planks":28,"minecraft:iron_axe":2,"minecraft:iron_pickaxe":6,"minecraft:string":3,"minecraft:cherry_door":2,"minecraft:birch_log":2,"minecraft:bucket":1,"minecraft:dandelion":1,"minecraft:bone":8,"minecraft:gravel":1,"minecraft:furnace":2,"minecraft:stone_axe":1,"minecraft:iron_nugget":1,"minecraft:stone_sword":1,"minecraft:birch_sapling":2,"minecraft:obsidian":4,"minecraft:raw_iron":7,"minecraft:cherry_sapling":2,"minecraft:rotten_flesh":8,"minecraft:oak_planks":107,"minecraft:lily_of_the_valley":3,"minecraft:poppy":1,"minecraft:potato":1,"minecraft:peony":1,"minecraft:spruce_planks":3,"minecraft:diamond_pickaxe":1,"minecraft:oak_sapling":6,"minecraft:spider_eye":2,"minecraft:stone_pickaxe":7,"minecraft:calcite":1,"minecraft:black_wool":2,"minecraft:egg":1}},"DataVersion":3465}