{"stats":{"minecraft:picked_up":{"minecraft:iron_chestplate":5,"minecraft:wheat":232,"minecraft:lead":2,"minecraft:amethyst_block":4,"minecraft:string":16,"minecraft:raw_copper":21,"minecraft:iron_leggings":5,"minecraft:pufferfish":6,"minecraft:oak_sign":2,"minecraft:cherry_boat":9,"minecraft:diamond_leggings":1,"minecraft:cobbled_deepslate":35,"minecraft:bucket":2,"minecraft:spruce_planks":3,"minecraft:calcite":1,"minecraft:iron_pickaxe":10,"minecraft:furnace":12,"minecraft:iron_boots":1,"minecraft:golden_helmet":3,"minecraft:stick":53,"minecraft:oak_fence":1,"minecraft:torch":120,"minecraft:porkchop":92,"minecraft:cherry_log":150,"minecraft:diorite":15,"minecraft:music_disc_pigstep":4,"minecraft:stone_sword":1,"minecraft:rotten_flesh":44,"minecraft:carved_pumpkin":1,"minecraft:obsidian":10,"minecraft:cod":5,"minecraft:cobblestone":778,"minecraft:enchanting_table":1,"minecraft:birch_log":37,"minecraft:pink_petals":5,"minecraft:feather":11,"minecraft:cooked_beef":4,"minecraft:cherry_planks":78,"minecraft:cherry_leaves":32,"minecraft:water_bucket":2,"minecraft:andesite":10,"minecraft:brown_wool":1,"minecraft:potato":258,"minecraft:flint":9,"minecraft:tuff":2,"minecraft:cherry_door":15,"minecraft:lapis_lazuli":125,"minecraft:dirt":257,"minecraft:bone":42,"minecraft:bow":2,"minecraft:wheat_seeds":511,"minecraft:raw_gold":24,"minecraft:diamond_helmet":1,"minecraft:stone_hoe":2,"minecraft:oak_planks":241,"minecraft:cooked_porkchop":1,"minecraft:poisonous_potato":8,"minecraft:sand":42,"minecraft:grass_block":1,"minecraft:lily_of_the_valley":6,"minecraft:iron_hoe":2,"minecraft:diamond":8,"minecraft:spruce_boat":1,"minecraft:granite":147,"minecraft:golden_apple":15,"minecraft:bread":7,"minecraft:oak_sapling":80,"minecraft:diamond_pickaxe":6,"minecraft:fishing_rod":3,"minecraft:crafting_table":15,"minecraft:chicken":10,"minecraft:wooden_pickaxe":3,"minecraft:shield":3,"minecraft:cornflower":1,"minecraft:flint_and_steel":3,"minecraft:iron_axe":6,"minecraft:wooden_sword":2,"minecraft:glass_pane":89,"minecraft:beef":172,"minecraft:oak_boat":1,"minecraft:poppy":4,"minecraft:light_gray_wool":3,"minecraft:sugar_cane":2,"minecraft:birch_sapling":3,"minecraft:egg":2,"minecraft:raw_iron":139,"minecraft:stone":15,"minecraft:carrot":408,"minecraft:arrow":29,"minecraft:stone_shovel":2,"minecraft:peony":1,"minecraft:shears":2,"minecraft:gold_ingot":9,"minecraft:mutton":55,"minecraft:rail":2,"minecraft:white_wool":86,"minecraft:oxeye_daisy":1,"minecraft:stripped_oak_log":1,"minecraft:golden_carrot":1,"minecraft:salmon":2,"minecraft:leather":48,"minecraft:oak_log":671,"minecraft:yellow_bed":1,"minecraft:gunpowder":6,"minecraft:white_banner":2,"minecraft:apple":9,"minecraft:stone_bricks":29,"minecraft:iron_ingot":19,"minecraft:stone_pickaxe":8,"minecraft:cooked_chicken":1,"minecraft:iron_sword":5,"minecraft:book":4,"minecraft:oak_slab":40,"minecraft:smooth_basalt":3,"minecraft:pumpkin":1,"minecraft:sweet_berries":17,"minecraft:dandelion":7,"minecraft:gravel":37,"minecraft:white_bed":5,"minecraft:spruce_log":21,"minecraft:spider_eye":13,"minecraft:pumpkin_seeds":4,"minecraft:purple_bed":3,"minecraft:stone_axe":3,"minecraft:iron_helmet":5,"minecraft:cherry_sapling":4,"minecraft:baked_potato":1,"minecraft:black_wool":4,"minecraft:coal":431,"minecraft:ender_pearl":1},"minecraft:crafted":{"minecraft:oak_planks":60,"minecraft:cooked_chicken":4,"minecraft:cherry_boat":2,"minecraft:loom":1,"minecraft:stone":64,"minecraft:glass":5,"minecraft:iron_boots":1,"minecraft:chest":2,"minecraft:stone_bricks":22,"minecraft:glass_bottle":3,"minecraft:cooked_porkchop":42,"minecraft:crafting_table":4,"minecraft:spruce_planks":16,"minecraft:iron_helmet":3,"minecraft:baked_potato":55,"minecraft:golden_pickaxe":1,"minecraft:campfire":1,"minecraft:iron_chestplate":2,"minecraft:diamond_pickaxe":1,"minecraft:shield":3,"minecraft:stick":80,"minecraft:iron_ingot":112,"minecraft:iron_pickaxe":13,"minecraft:gold_ingot":88,"minecraft:shears":1,"minecraft:golden_carrot":5,"minecraft:cherry_planks":76,"minecraft:fishing_rod":2,"minecraft:leather_boots":1,"minecraft:furnace":4,"minecraft:bone_meal":3,"minecraft:iron_axe":2,"minecraft:iron_hoe":1,"minecraft:stone_pickaxe":2,"minecraft:cooked_beef":57,"minecraft:red_dye":1,"minecraft:iron_sword":3,"minecraft:bucket":2,"minecraft:stone_axe":1,"minecraft:bread":19,"minecraft:oak_boat":1,"minecraft:golden_apple":9,"minecraft:gold_nugget":54,"minecraft:wooden_axe":1,"minecraft:cherry_door":3,"minecraft:iron_leggings":3,"minecraft:white_bed":1,"minecraft:torch":88},"minecraft:dropped":{"minecraft:iron_sword":3,"minecraft:lapis_lazuli":68,"minecraft:oak_log":457,"minecraft:baked_potato":33,"minecraft:ender_pearl":1,"minecraft:diamond":3,"minecraft:cooked_porkchop":1,"minecraft:leather":33,"minecraft:rail":2,"minecraft:cod":5,"minecraft:flint":8,"minecraft:dirt":69,"minecraft:cornflower":1,"minecraft:cherry_leaves":16,"minecraft:wooden_sword":2,"minecraft:iron_pickaxe":15,"minecraft:cherry_door":2,"minecraft:fishing_rod":3,"minecraft:birch_log":19,"minecraft:white_wool":27,"minecraft:bone":19,"minecraft:gravel":1,"minecraft:stone_axe":3,"minecraft:iron_nugget":1,"minecraft:birch_sapling":2,"minecraft:wheat":118,"minecraft:obsidian":4,"minecraft:cherry_sapling":2,"minecraft:rotten_flesh":17,"minecraft:oak_planks":115,"minecraft:white_bed":1,"minecraft:honey_bottle":1,"minecraft:salmon":2,"minecraft:carrot":160,"minecraft:poppy":1,"minecraft:arrow":6,"minecraft:egg":1,"minecraft:water_bucket":1,"minecraft:stone_hoe":1,"minecraft:iron_ingot":2,"minecraft:bread":3,"minecraft:oak_slab":40,"minecraft:wheat_seeds":152,"minecraft:golden_helmet":3,"minecraft:cherry_log":129,"minecraft:diamond_leggings":1,"minecraft:poisonous_potato":4,"minecraft:oak_fence":1,"minecraft:iron_helmet":1,"minecraft:feather":6,"minecraft:cobblestone":225,"minecraft:book":2,"minecraft:amethyst_block":4,"minecraft:granite":64,"minecraft:coal":139,"minecraft:golden_apple":13,"minecraft:stick":10,"minecraft:pufferfish":3,"minecraft:diorite":2,"minecraft:wooden_axe":1,"minecraft:cherry_planks":28,"minecraft:diamond_helmet":1,"minecraft:iron_leggings":2,"minecraft:iron_axe":2,"minecraft:red_dye":1,"minecraft:string":8,"minecraft:bucket":1,"minecraft:dandelion":7,"minecraft:furnace":2,"minecraft:stone_sword":1,"minecraft:raw_copper":14,"minecraft:raw_iron":7,"minecraft:stone_shovel":1,"minecraft:flint_and_steel":1,"minecraft:lily_of_the_valley":3,"minecraft:potato":34,"minecraft:spruce_boat":1,"minecraft:stone":35,"minecraft:shield":2,"minecraft:peony":1,"minecraft:spruce_planks":3,"minecraft:iron_chestplate":2,"minecraft:diamond_pickaxe":7,"minecraft:oak_sapling":26,"minecraft:spider_eye":3,"minecraft:stone_bricks":4,"minecraft:bow":1,"minecraft:stone_pickaxe":9,"minecraft:wooden_pickaxe":2,"minecraft:calcite":1,"minecraft:black_wool":2},"minecraft:custom":{"minecraft:animals_bred":17,"minecraft:interact_with_crafting_table":105,"minecraft:open_barrel":6,"minecraft:leave_game":13,"minecraft:time_since_death":50166,"minecraft:sprint_one_cm":2838206,"minecraft:damage_blocked_by_shield":4413,"minecraft:drop":299,"minecraft:play_time":608670,"minecraft:deaths":28,"minecraft:jump":11342,"minecraft:walk_on_water_one_cm":43461,"minecraft:enchant_item":2,"minecraft:interact_with_furnace":145,"minecraft:play_record":3,"minecraft:interact_with_loom":2,"minecraft:sleep_in_bed":12,"minecraft:damage_dealt":27761,"minecraft:player_kills":5,"minecraft:crouch_one_cm":10345,"minecraft:interact_with_smoker":6,"minecraft:horse_one_cm":728417,"minecraft:mob_kills":206,"minecraft:interact_with_anvil":2,"minecraft:climb_one_cm":299,"minecraft:walk_one_cm":846634,"minecraft:sneak_time":4409,"minecraft:walk_under_water_one_cm":31808,"minecraft:boat_one_cm":307734,"minecraft:total_world_time":608670,"minecraft:interact_with_stonecutter":9,"minecraft:time_since_rest":50191,"minecraft:damage_absorbed":40,"minecraft:damage_taken":15201,"minecraft:swim_one_cm":204932,"minecraft:fly_one_cm":2026023,"minecraft:open_chest":316,"minecraft:fish_caught":8,"minecraft:fall_one_cm":348414},"minecraft:broken":{"minecraft:stone_shovel":2,"minecraft:shield":1,"minecraft:iron_axe":2,"minecraft:leather_boots":1,"minecraft:golden_pickaxe":1},"minecraft:mined":{"minecraft:white_bed":6,"minecraft:oak_sapling":24,"minecraft:cherry_log":105,"minecraft:carved_pumpkin":1,"minecraft:granite":53,"minecraft:grass_block":38,"minecraft:oak_wall_sign":2,"minecraft:oxeye_daisy":1,"minecraft:spawner":2,"minecraft:iron_ore":82,"minecraft:fire":2,"minecraft:pumpkin":1,"minecraft:deepslate_lapis_ore":1,"minecraft:enchanting_table":1,"minecraft:white_banner":1,"minecraft:powder_snow":4,"minecraft:torch":27,"minecraft:calcite":2,"minecraft:poppy":1,"minecraft:glass":2,"minecraft:cobblestone":89,"minecraft:sugar_cane":1,"minecraft:oak_planks":3,"minecraft:wall_torch":6,"minecraft:amethyst_block":4,"minecraft:pink_petals":5,"minecraft:birch_log":20,"minecraft:wheat":108,"minecraft:cherry_door":15,"minecraft:grass":103,"minecraft:oak_log":429,"minecraft:sand":43,"minecraft:dirt":36,"minecraft:oak_leaves":139,"minecraft:deepslate":38,"minecraft:tuff":2,"minecraft:deepslate_diamond_ore":2,"minecraft:spruce_leaves":16,"minecraft:furnace":10,"minecraft:carrots":80,"minecraft:andesite":9,"minecraft:peony":4,"minecraft:potatoes":45,"minecraft:deepslate_iron_ore":38,"minecraft:stripped_oak_log":1,"minecraft:stone":272,"minecraft:white_wool":1,"minecraft:cherry_planks":9,"minecraft:dandelion":2,"minecraft:oak_fence":1,"minecraft:crafting_table":13,"minecraft:cornflower":1,"minecraft:tall_grass":10,"minecraft:copper_ore":2,"minecraft:lapis_ore":1,"minecraft:deepslate_gold_ore":17,"minecraft:diorite":3,"minecraft:purple_bed":3,"minecraft:sweet_berry_bush":19,"minecraft:spruce_log":13,"minecraft:birch_leaves":11,"minecraft:white_wall_banner":2,"minecraft:yellow_bed":1,"minecraft:coal_ore":252,"minecraft:cherry_leaves":80,"minecraft:gravel":5,"minecraft:cobweb":7,"minecraft:gold_ore":8,"minecraft:fern":4},"minecraft:killed_by":{"minecraft:creeper":2,"minecraft:zombie":2,"minecraft:player":5,"minecraft:enderman":1,"minecraft:skeleton":1},"minecraft:killed":{"minecraft:cave_spider":3,"minecraft:spider":13,"minecraft:skeleton":20,"minecraft:chicken":10,"minecraft:pig":27,"minecraft:creeper":2,"minecraft:sheep":41,"minecraft:pillager":1,"minecraft:zombie":40,"minecraft:cow":35,"minecraft:phantom":1,"minecraft:enderman":1},"minecraft:used":{"minecraft:cherry_sapling":2,"minecraft:poppy":1,"minecraft:chest":2,"minecraft:shield":95,"minecraft:iron_sword":669,"minecraft:iron_chestplate":3,"minecraft:carrot":123,"minecraft:tuff":2,"minecraft:milk_bucket":1,"minecraft:glass":2,"minecraft:lava_bucket":30,"minecraft:music_disc_pigstep":3,"minecraft:iron_helmet":2,"minecraft:stone_bricks":5,"minecraft:sweet_berries":17,"minecraft:oak_sapling":48,"minecraft:furnace":12,"minecraft:egg":1,"minecraft:potato":59,"minecraft:diorite":1,"minecraft:stone_pickaxe":209,"minecraft:oak_planks":5,"minecraft:sugar_cane":2,"minecraft:golden_apple":1,"minecraft:white_wool":2,"minecraft:sand":1,"minecraft:loom":1,"minecraft:shears":63,"minecraft:bread":22,"minecraft:gravel":12,"minecraft:golden_helmet":2,"minecraft:pufferfish":1,"minecraft:wooden_sword":8,"minecraft:andesite":8,"minecraft:oak_boat":2,"minecraft:bone_meal":3,"minecraft:golden_pickaxe":32,"minecraft:cherry_boat":11,"minecraft:enchanting_table":1,"minecraft:flint_and_steel":1,"minecraft:stone_shovel":20,"minecraft:spruce_planks":5,"minecraft:cooked_chicken":5,"minecraft:torch":109,"minecraft:dirt":55,"minecraft:granite":2,"minecraft:iron_hoe":64,"minecraft:wooden_axe":9,"minecraft:iron_axe":758,"minecraft:smooth_basalt":3,"minecraft:golden_carrot":5,"minecraft:beef":12,"minecraft:cooked_beef":28,"minecraft:cobbled_deepslate":35,"minecraft:pumpkin":1,"minecraft:iron_leggings":5,"minecraft:wheat_seeds":104,"minecraft:water_bucket":7,"minecraft:glass_bottle":1,"minecraft:baked_potato":23,"minecraft:cherry_planks":30,"minecraft:leather_boots":2,"minecraft:crafting_table":18,"minecraft:white_bed":5,"minecraft:campfire":1,"minecraft:oak_log":10,"minecraft:diamond_pickaxe":49,"minecraft:cherry_door":16,"minecraft:chicken":1,"minecraft:iron_pickaxe":688,"minecraft:stone_axe":62,"minecraft:fishing_rod":35,"minecraft:cobblestone":404,"minecraft:purple_bed":3,"minecraft:white_banner":1,"minecraft:cooked_porkchop":42,"minecraft:bucket":37,"minecraft:glass_pane":15,"minecraft:yellow_bed":1}},"DataVersion":3465}