{"stats":{"minecraft:picked_up":{"minecraft:iron_chestplate":8,"minecraft:wheat":398,"minecraft:diamond_sword":1,"minecraft:lead":9,"minecraft:oak_stairs":13,"minecraft:potion":5,"minecraft:enchanted_book":11,"minecraft:string":81,"minecraft:raw_copper":168,"minecraft:cooked_salmon":1,"minecraft:iron_leggings":9,"minecraft:pufferfish":42,"minecraft:oak_sign":6,"minecraft:cherry_boat":1,"minecraft:diamond_leggings":3,"minecraft:gold_nugget":1,"minecraft:cobbled_deepslate":19,"minecraft:bucket":6,"minecraft:spruce_planks":51,"minecraft:iron_pickaxe":7,"minecraft:iron_boots":7,"minecraft:furnace":11,"minecraft:stick":135,"minecraft:oak_fence":94,"minecraft:torch":345,"minecraft:porkchop":18,"minecraft:cherry_log":188,"minecraft:music_disc_pigstep":1,"minecraft:pointed_dripstone":8,"minecraft:diorite":12,"minecraft:stone_sword":9,"minecraft:rotten_flesh":46,"minecraft:tropical_fish":8,"minecraft:glowstone":1,"minecraft:obsidian":28,"minecraft:cod":93,"minecraft:cobblestone":2768,"minecraft:enchanting_table":1,"minecraft:nautilus_shell":5,"minecraft:birch_log":53,"minecraft:feather":3,"minecraft:cooked_beef":27,"minecraft:water_bucket":4,"minecraft:magma_cream":2,"minecraft:cherry_planks":485,"minecraft:cherry_leaves":72,"minecraft:andesite":11,"minecraft:potato":542,"minecraft:flint":52,"minecraft:cherry_fence":15,"minecraft:dirt":588,"minecraft:lapis_lazuli":78,"minecraft:cherry_door":4,"minecraft:lantern":8,"minecraft:name_tag":1,"minecraft:purple_carpet":13,"minecraft:glass":50,"minecraft:bone":48,"minecraft:bow":12,"minecraft:wheat_seeds":932,"minecraft:deepslate_brick_slab":10,"minecraft:raw_gold":2,"minecraft:rabbit":2,"minecraft:diamond_helmet":3,"minecraft:stone_hoe":7,"minecraft:oak_planks":339,"minecraft:poisonous_potato":26,"minecraft:sand":21,"minecraft:iron_hoe":1,"minecraft:diamond":32,"minecraft:black_concrete":1,"minecraft:spruce_boat":9,"minecraft:crossbow":1,"minecraft:granite":502,"minecraft:spruce_sign":4,"minecraft:emerald":1,"minecraft:bread":38,"minecraft:oak_sapling":98,"minecraft:diamond_pickaxe":7,"minecraft:fishing_rod":20,"minecraft:crafting_table":21,"minecraft:chicken":3,"minecraft:brown_mushroom":9,"minecraft:wooden_pickaxe":6,"minecraft:shield":10,"minecraft:iron_axe":14,"minecraft:wooden_sword":6,"minecraft:flint_and_steel":5,"minecraft:iron_shovel":1,"minecraft:glass_pane":10,"minecraft:deepslate_diamond_ore":37,"minecraft:beef":33,"minecraft:poppy":1,"minecraft:cherry_trapdoor":2,"minecraft:sugar_cane":56,"minecraft:chest":7,"minecraft:birch_sapling":15,"minecraft:egg":3,"minecraft:raw_iron":181,"minecraft:cherry_stairs":19,"minecraft:stone":19,"minecraft:bowl":4,"minecraft:carrot":443,"minecraft:stone_shovel":4,"minecraft:arrow":54,"minecraft:diamond_chestplate":2,"minecraft:shears":1,"minecraft:diamond_boots":2,"minecraft:saddle":2,"minecraft:white_wool":85,"minecraft:stripped_oak_log":1,"minecraft:basalt":1,"minecraft:glow_ink_sac":3,"minecraft:salmon":42,"minecraft:leather":27,"minecraft:birch_planks":122,"minecraft:oak_log":217,"minecraft:lily_pad":2,"minecraft:golden_boots":2,"minecraft:gunpowder":13,"minecraft:paper":3,"minecraft:apple":6,"minecraft:kelp":44,"minecraft:oak_fence_gate":6,"minecraft:iron_ingot":1,"minecraft:rabbit_hide":3,"minecraft:stone_pickaxe":5,"minecraft:iron_sword":12,"minecraft:book":4,"minecraft:oak_slab":58,"minecraft:sweet_berries":16,"minecraft:gravel":176,"minecraft:spruce_sapling":2,"minecraft:white_bed":11,"minecraft:spruce_log":18,"minecraft:spider_eye":11,"minecraft:spruce_door":1,"minecraft:stone_axe":8,"minecraft:iron_helmet":4,"minecraft:diamond_axe":2,"minecraft:cherry_sapling":18,"minecraft:baked_potato":15,"minecraft:coal":436},"minecraft:killed_by":{"minecraft:creeper":1,"minecraft:player":8},"minecraft:killed":{"minecraft:cave_spider":2,"minecraft:zombified_piglin":3,"minecraft:spider":12,"minecraft:skeleton":20,"minecraft:chicken":2,"minecraft:magma_cube":6,"minecraft:pig":4,"minecraft:creeper":9,"minecraft:pillager":3,"minecraft:zombie":42,"minecraft:cow":16,"minecraft:slime":1,"minecraft:phantom":6,"minecraft:bat":1,"minecraft:enderman":2},"minecraft:used":{"minecraft:cherry_sapling":18,"minecraft:iron_shovel":37,"minecraft:oak_sign":16,"minecraft:chest":23,"minecraft:shield":298,"minecraft:stone":9,"minecraft:iron_sword":277,"minecraft:rotten_flesh":20,"minecraft:carrot":216,"minecraft:obsidian":4,"minecraft:spruce_boat":1,"minecraft:lantern":8,"minecraft:birch_sapling":16,"minecraft:cherry_leaves":56,"minecraft:deepslate_diamond_ore":37,"minecraft:bow":183,"minecraft:sweet_berries":11,"minecraft:furnace":15,"minecraft:oak_sapling":46,"minecraft:cooked_cod":14,"minecraft:egg":4,"minecraft:potato":141,"minecraft:diorite":6,"minecraft:spruce_door":1,"minecraft:stone_pickaxe":731,"minecraft:oak_planks":94,"minecraft:wooden_pickaxe":24,"minecraft:diamond_axe":485,"minecraft:sugar_cane":26,"minecraft:crossbow":1,"minecraft:black_concrete":1,"minecraft:bread":44,"minecraft:diamond_sword":15,"minecraft:andesite":8,"minecraft:oak_fence":177,"minecraft:enchanting_table":1,"minecraft:stone_sword":133,"minecraft:flint_and_steel":4,"minecraft:tropical_fish":2,"minecraft:stone_shovel":258,"minecraft:dried_kelp":24,"minecraft:cooked_salmon":2,"minecraft:stone_hoe":135,"minecraft:cooked_chicken":2,"minecraft:torch":258,"minecraft:dirt":478,"minecraft:granite":6,"minecraft:oak_fence_gate":11,"minecraft:iron_hoe":4,"minecraft:bookshelf":1,"minecraft:iron_axe":537,"minecraft:oak_stairs":9,"minecraft:barrel":3,"minecraft:basalt":1,"minecraft:beef":7,"minecraft:cooked_beef":25,"minecraft:cobbled_deepslate":7,"minecraft:cherry_fence":11,"minecraft:cherry_log":20,"minecraft:wheat_seeds":276,"minecraft:water_bucket":50,"minecraft:birch_planks":264,"minecraft:baked_potato":23,"minecraft:cherry_planks":425,"minecraft:spruce_sign":1,"minecraft:salmon":7,"minecraft:oak_slab":21,"minecraft:crafting_table":21,"minecraft:white_bed":8,"minecraft:cod":7,"minecraft:spruce_log":2,"minecraft:oak_log":26,"minecraft:diamond_pickaxe":1278,"minecraft:cherry_door":4,"minecraft:iron_pickaxe":449,"minecraft:spruce_sapling":1,"minecraft:stone_axe":411,"minecraft:fishing_rod":315,"minecraft:cobblestone":994,"minecraft:potion":2,"minecraft:cherry_stairs":11,"minecraft:cooked_porkchop":1,"minecraft:porkchop":5,"minecraft:bucket":51,"minecraft:glass_pane":6,"minecraft:stripped_oak_log":1,"minecraft:kelp":4,"minecraft:purple_carpet":18},"minecraft:custom":{"minecraft:animals_bred":16,"minecraft:interact_with_crafting_table":145,"minecraft:open_barrel":8,"minecraft:eat_cake_slice":2,"minecraft:leave_game":18,"minecraft:time_since_death":229644,"minecraft:sprint_one_cm":2233182,"minecraft:damage_blocked_by_shield":3267,"minecraft:drop":160,"minecraft:talked_to_villager":2,"minecraft:play_time":902932,"minecraft:deaths":14,"minecraft:jump":11383,"minecraft:walk_on_water_one_cm":142362,"minecraft:enchant_item":4,"minecraft:interact_with_furnace":109,"minecraft:sleep_in_bed":8,"minecraft:damage_dealt":14613,"minecraft:player_kills":7,"minecraft:crouch_one_cm":5825,"minecraft:interact_with_smoker":4,"minecraft:interact_with_smithing_table":2,"minecraft:mob_kills":134,"minecraft:interact_with_anvil":17,"minecraft:walk_one_cm":2238183,"minecraft:sneak_time":5185,"minecraft:walk_under_water_one_cm":111561,"minecraft:boat_one_cm":99999,"minecraft:total_world_time":902932,"minecraft:interact_with_grindstone":2,"minecraft:interact_with_stonecutter":3,"minecraft:time_since_rest":178989,"minecraft:damage_taken":9741,"minecraft:swim_one_cm":38879,"minecraft:fly_one_cm":2214372,"minecraft:open_chest":339,"minecraft:fish_caught":164,"minecraft:fall_one_cm":250483},"minecraft:dropped":{"minecraft:spruce_sign":1,"minecraft:iron_sword":3,"minecraft:brown_mushroom":5,"minecraft:diamond_axe":1,"minecraft:lapis_lazuli":118,"minecraft:oak_log":64,"minecraft:baked_potato":56,"minecraft:glass_bottle":2,"minecraft:diamond":8,"minecraft:crafting_table":1,"minecraft:dirt":63,"minecraft:wooden_sword":1,"minecraft:gold_nugget":1,"minecraft:sand":21,"minecraft:iron_pickaxe":2,"minecraft:fishing_rod":6,"minecraft:bone":5,"minecraft:gravel":62,"minecraft:stone_axe":1,"minecraft:cherry_stairs":9,"minecraft:iron_nugget":48,"minecraft:rotten_flesh":6,"minecraft:oak_planks":70,"minecraft:salmon":17,"minecraft:carrot":34,"minecraft:rabbit_hide":2,"minecraft:gunpowder":2,"minecraft:glowstone":1,"minecraft:arrow":21,"minecraft:cherry_fence":11,"minecraft:purple_carpet":1,"minecraft:iron_ingot":2,"minecraft:enchanted_book":2,"minecraft:stone_hoe":3,"minecraft:water_bucket":1,"minecraft:bread":21,"minecraft:oak_slab":21,"minecraft:wheat_seeds":1,"minecraft:diamond_leggings":1,"minecraft:poisonous_potato":9,"minecraft:feather":1,"minecraft:oak_fence":1,"minecraft:iron_helmet":2,"minecraft:cobblestone":6,"minecraft:granite":147,"minecraft:music_disc_pigstep":1,"minecraft:spruce_door":1,"minecraft:tropical_fish":3,"minecraft:golden_apple":1,"minecraft:stick":3,"minecraft:diorite":6,"minecraft:torch":88,"minecraft:diamond_helmet":1,"minecraft:potion":1,"minecraft:dried_kelp":9,"minecraft:string":2,"minecraft:kelp":3,"minecraft:sweet_berries":5,"minecraft:stone_sword":6,"minecraft:raw_copper":64,"minecraft:bowl":2,"minecraft:raw_iron":58,"minecraft:stone_shovel":1,"minecraft:iron_boots":1,"minecraft:oak_sign":1,"minecraft:shears":1,"minecraft:spruce_boat":1,"minecraft:stone":53,"minecraft:spruce_planks":1,"minecraft:iron_chestplate":2,"minecraft:andesite":2,"minecraft:oak_sapling":23,"minecraft:spider_eye":7,"minecraft:spruce_log":2,"minecraft:bow":7,"minecraft:stone_pickaxe":1,"minecraft:nautilus_shell":1},"minecraft:mined":{"minecraft:white_bed":6,"minecraft:oak_sapling":3,"minecraft:farmland":1,"minecraft:cherry_log":82,"minecraft:obsidian":18,"minecraft:cherry_trapdoor":2,"minecraft:granite":285,"minecraft:grass_block":94,"minecraft:oak_wall_sign":1,"minecraft:spawner":1,"minecraft:fire":4,"minecraft:iron_ore":96,"minecraft:deepslate_lapis_ore":9,"minecraft:enchanting_table":1,"minecraft:pointed_dripstone":3,"minecraft:purple_carpet":8,"minecraft:oak_stairs":9,"minecraft:brown_mushroom":5,"minecraft:kelp_plant":7,"minecraft:torch":45,"minecraft:poppy":1,"minecraft:chest":7,"minecraft:dead_bush":1,"minecraft:spruce_wall_sign":1,"minecraft:glass":6,"minecraft:cobblestone":188,"minecraft:sugar_cane":33,"minecraft:oak_planks":16,"minecraft:wall_torch":43,"minecraft:spruce_sign":1,"minecraft:birch_sapling":2,"minecraft:seagrass":1,"minecraft:cherry_fence":11,"minecraft:birch_log":57,"minecraft:wheat":279,"minecraft:cherry_door":4,"minecraft:grass":165,"minecraft:oak_log":217,"minecraft:oak_fence_gate":4,"minecraft:sand":30,"minecraft:dirt":168,"minecraft:oak_leaves":108,"minecraft:deepslate":22,"minecraft:cherry_sapling":3,"minecraft:stripped_cherry_log":3,"minecraft:glow_lichen":2,"minecraft:spruce_leaves":11,"minecraft:kelp":11,"minecraft:large_fern":12,"minecraft:deepslate_brick_slab":10,"minecraft:furnace":7,"minecraft:carrots":110,"minecraft:andesite":11,"minecraft:black_concrete":1,"minecraft:potatoes":107,"minecraft:deepslate_iron_ore":7,"minecraft:lantern":2,"minecraft:stripped_oak_log":1,"minecraft:stone":1599,"minecraft:cherry_stairs":11,"minecraft:oak_slab":9,"minecraft:glass_pane":2,"minecraft:cherry_planks":424,"minecraft:basalt":1,"minecraft:oak_fence":77,"minecraft:crafting_table":18,"minecraft:tall_grass":17,"minecraft:copper_ore":10,"minecraft:deepslate_gold_ore":2,"minecraft:lapis_ore":2,"minecraft:diorite":6,"minecraft:birch_planks":264,"minecraft:sweet_berry_bush":4,"minecraft:spruce_log":16,"minecraft:birch_leaves":4,"minecraft:coal_ore":158,"minecraft:cherry_leaves":31,"minecraft:gravel":142,"minecraft:cobweb":35,"minecraft:fern":20},"minecraft:broken":{"minecraft:stone_pickaxe":5,"minecraft:stone_axe":2,"minecraft:fishing_rod":3,"minecraft:stone_shovel":1,"minecraft:stone_sword":1,"minecraft:iron_pickaxe":2},"minecraft:crafted":{"minecraft:oak_planks":516,"minecraft:oak_sign":12,"minecraft:barrel":3,"minecraft:cooked_chicken":2,"minecraft:stone":53,"minecraft:bookshelf":1,"minecraft:diamond_helmet":1,"minecraft:diamond_leggings":1,"minecraft:chest":16,"minecraft:stone_hoe":1,"minecraft:oak_fence":126,"minecraft:cherry_fence":15,"minecraft:oak_slab":18,"minecraft:cooked_porkchop":4,"minecraft:crafting_table":7,"minecraft:spruce_planks":56,"minecraft:wooden_pickaxe":1,"minecraft:baked_potato":64,"minecraft:iron_helmet":1,"minecraft:spruce_door":3,"minecraft:birch_planks":212,"minecraft:iron_chestplate":1,"minecraft:book":5,"minecraft:paper":18,"minecraft:purple_dye":6,"minecraft:shield":1,"minecraft:stick":204,"minecraft:iron_ingot":38,"minecraft:iron_pickaxe":3,"minecraft:stone_sword":3,"minecraft:cherry_planks":444,"minecraft:wooden_sword":1,"minecraft:purple_wool":4,"minecraft:stone_shovel":3,"minecraft:fishing_rod":6,"minecraft:iron_nugget":45,"minecraft:furnace":8,"minecraft:oak_trapdoor":2,"minecraft:glass_pane":16,"minecraft:flint_and_steel":1,"minecraft:cherry_stairs":8,"minecraft:stone_pickaxe":7,"minecraft:diamond_boots":1,"minecraft:spruce_boat":1,"minecraft:purple_carpet":6,"minecraft:cooked_beef":3,"minecraft:red_dye":3,"minecraft:cooked_cod":14,"minecraft:diamond_sword":1,"minecraft:enchanting_table":2,"minecraft:dried_kelp":33,"minecraft:cooked_salmon":2,"minecraft:bucket":2,"minecraft:stone_axe":7,"minecraft:bread":42,"minecraft:blue_dye":3,"minecraft:oak_fence_gate":7,"minecraft:oak_stairs":4,"minecraft:iron_shovel":1,"minecraft:cherry_door":3,"minecraft:torch":196,"minecraft:diamond_chestplate":1}},"DataVersion":3465}