{"stats":{"minecraft:custom":{"minecraft:mob_kills":53,"minecraft:animals_bred":9,"minecraft:interact_with_crafting_table":93,"minecraft:open_barrel":4,"minecraft:leave_game":9,"minecraft:time_since_death":55932,"minecraft:sprint_one_cm":1095838,"minecraft:walk_one_cm":1279589,"minecraft:damage_blocked_by_shield":1352,"minecraft:drop":66,"minecraft:play_time":432647,"minecraft:deaths":6,"minecraft:sneak_time":2151,"minecraft:walk_under_water_one_cm":63241,"minecraft:boat_one_cm":21202,"minecraft:jump":5372,"minecraft:walk_on_water_one_cm":88399,"minecraft:total_world_time":432647,"minecraft:interact_with_furnace":63,"minecraft:interact_with_stonecutter":1,"minecraft:sleep_in_bed":7,"minecraft:time_since_rest":56334,"minecraft:damage_taken":4225,"minecraft:damage_dealt":8564,"minecraft:player_kills":1,"minecraft:swim_one_cm":12657,"minecraft:fly_one_cm":1102403,"minecraft:open_chest":153,"minecraft:crouch_one_cm":2947,"minecraft:fish_caught":6,"minecraft:fall_one_cm":112637},"minecraft:killed_by":{"minecraft:player":5},"minecraft:mined":{"minecraft:white_bed":6,"minecraft:oak_sapling":3,"minecraft:farmland":1,"minecraft:cherry_log":67,"minecraft:cherry_sapling":3,"minecraft:obsidian":18,"minecraft:granite":242,"minecraft:grass_block":87,"minecraft:spruce_leaves":5,"minecraft:kelp":9,"minecraft:large_fern":1,"minecraft:furnace":6,"minecraft:carrots":26,"minecraft:iron_ore":33,"minecraft:andesite":2,"minecraft:potatoes":34,"minecraft:oak_stairs":9,"minecraft:purple_carpet":8,"minecraft:lantern":2,"minecraft:stripped_oak_log":1,"minecraft:stone":1138,"minecraft:cherry_stairs":5,"minecraft:oak_slab":9,"minecraft:glass_pane":2,"minecraft:cherry_planks":54,"minecraft:kelp_plant":6,"minecraft:oak_fence":69,"minecraft:crafting_table":11,"minecraft:torch":41,"minecraft:poppy":1,"minecraft:chest":7,"minecraft:copper_ore":8,"minecraft:glass":6,"minecraft:tall_grass":6,"minecraft:cobblestone":70,"minecraft:sugar_cane":17,"minecraft:oak_planks":10,"minecraft:wall_torch":35,"minecraft:birch_sapling":1,"minecraft:seagrass":1,"minecraft:birch_planks":27,"minecraft:birch_log":54,"minecraft:wheat":199,"minecraft:spruce_log":16,"minecraft:birch_leaves":4,"minecraft:grass":127,"minecraft:oak_log":169,"minecraft:coal_ore":89,"minecraft:oak_fence_gate":4,"minecraft:cherry_leaves":15,"minecraft:gravel":59,"minecraft:dirt":155,"minecraft:oak_leaves":77},"minecraft:picked_up":{"minecraft:fishing_rod":5,"minecraft:crafting_table":12,"minecraft:iron_chestplate":6,"minecraft:wheat":311,"minecraft:chicken":2,"minecraft:lead":9,"minecraft:wooden_pickaxe":6,"minecraft:oak_stairs":13,"minecraft:shield":7,"minecraft:iron_axe":2,"minecraft:raw_copper":66,"minecraft:string":7,"minecraft:wooden_sword":6,"minecraft:flint_and_steel":1,"minecraft:iron_leggings":6,"minecraft:pufferfish":8,"minecraft:glass_pane":10,"minecraft:oak_sign":3,"minecraft:gold_nugget":1,"minecraft:bucket":5,"minecraft:spruce_planks":51,"minecraft:beef":24,"minecraft:poppy":1,"minecraft:iron_pickaxe":4,"minecraft:sugar_cane":25,"minecraft:chest":7,"minecraft:birch_sapling":14,"minecraft:furnace":9,"minecraft:iron_boots":7,"minecraft:egg":2,"minecraft:stick":98,"minecraft:raw_iron":64,"minecraft:cherry_stairs":7,"minecraft:stone":19,"minecraft:oak_fence":86,"minecraft:torch":117,"minecraft:bowl":2,"minecraft:porkchop":7,"minecraft:cherry_log":173,"minecraft:carrot":186,"minecraft:stone_sword":2,"minecraft:arrow":14,"minecraft:rotten_flesh":15,"minecraft:stone_shovel":4,"minecraft:shears":1,"minecraft:glowstone":1,"minecraft:obsidian":24,"minecraft:cod":1,"minecraft:white_wool":85,"minecraft:cobblestone":2164,"minecraft:birch_log":53,"minecraft:stripped_oak_log":1,"minecraft:feather":3,"minecraft:cherry_planks":107,"minecraft:andesite":1,"minecraft:cherry_leaves":72,"minecraft:water_bucket":3,"minecraft:salmon":5,"minecraft:leather":16,"minecraft:potato":211,"minecraft:birch_planks":27,"minecraft:flint":17,"minecraft:oak_log":169,"minecraft:cherry_fence":4,"minecraft:gunpowder":3,"minecraft:dirt":553,"minecraft:lantern":8,"minecraft:purple_carpet":13,"minecraft:glass":50,"minecraft:bone":19,"minecraft:apple":5,"minecraft:kelp":40,"minecraft:bow":1,"minecraft:wheat_seeds":664,"minecraft:rabbit_hide":3,"minecraft:stone_pickaxe":2,"minecraft:oak_fence_gate":6,"minecraft:rabbit":2,"minecraft:stone_hoe":5,"minecraft:iron_sword":10,"minecraft:oak_planks":234,"minecraft:book":4,"minecraft:oak_slab":58,"minecraft:poisonous_potato":25,"minecraft:gravel":58,"minecraft:white_bed":11,"minecraft:spruce_log":16,"minecraft:spider_eye":8,"minecraft:diamond":7,"minecraft:spruce_boat":6,"minecraft:stone_axe":6,"minecraft:iron_helmet":3,"minecraft:crossbow":1,"minecraft:granite":457,"minecraft:cherry_sapling":18,"minecraft:bread":34,"minecraft:baked_potato":15,"minecraft:oak_sapling":84,"minecraft:coal":259,"minecraft:diamond_pickaxe":5},"minecraft:crafted":{"minecraft:wooden_sword":1,"minecraft:purple_wool":4,"minecraft:oak_planks":300,"minecraft:oak_sign":12,"minecraft:stone_shovel":2,"minecraft:barrel":3,"minecraft:fishing_rod":1,"minecraft:iron_nugget":45,"minecraft:cooked_chicken":2,"minecraft:furnace":6,"minecraft:stone":53,"minecraft:flint_and_steel":1,"minecraft:glass_pane":16,"minecraft:oak_trapdoor":2,"minecraft:cherry_stairs":8,"minecraft:stone_pickaxe":3,"minecraft:chest":14,"minecraft:spruce_boat":1,"minecraft:purple_carpet":6,"minecraft:stone_hoe":1,"minecraft:cherry_fence":15,"minecraft:oak_fence":123,"minecraft:cooked_beef":3,"minecraft:red_dye":3,"minecraft:cooked_cod":4,"minecraft:oak_slab":18,"minecraft:crafting_table":4,"minecraft:spruce_planks":56,"minecraft:enchanting_table":2,"minecraft:dried_kelp":33,"minecraft:iron_helmet":1,"minecraft:wooden_pickaxe":1,"minecraft:baked_potato":10,"minecraft:spruce_door":3,"minecraft:birch_planks":212,"minecraft:bucket":2,"minecraft:stone_axe":4,"minecraft:bread":36,"minecraft:blue_dye":3,"minecraft:oak_fence_gate":6,"minecraft:iron_chestplate":1,"minecraft:book":2,"minecraft:paper":6,"minecraft:purple_dye":6,"minecraft:stick":144,"minecraft:iron_ingot":32,"minecraft:iron_pickaxe":2,"minecraft:oak_stairs":4,"minecraft:stone_sword":1,"minecraft:torch":148,"minecraft:cherry_planks":444},"minecraft:killed":{"minecraft:zombified_piglin":1,"minecraft:spider":7,"minecraft:skeleton":8,"minecraft:chicken":2,"minecraft:pig":3,"minecraft:pillager":3,"minecraft:zombie":14,"minecraft:cow":11},"minecraft:broken":{"minecraft:stone_pickaxe":3,"minecraft:stone_axe":2,"minecraft:iron_pickaxe":2,"minecraft:stone_shovel":1},"minecraft:used":{"minecraft:oak_fence":177,"minecraft:cherry_sapling":18,"minecraft:enchanting_table":1,"minecraft:stone_sword":20,"minecraft:stone_shovel":194,"minecraft:dried_kelp":24,"minecraft:oak_sign":13,"minecraft:chest":21,"minecraft:shield":50,"minecraft:stone":9,"minecraft:iron_sword":248,"minecraft:cooked_chicken":2,"minecraft:rotten_flesh":8,"minecraft:stone_hoe":107,"minecraft:torch":163,"minecraft:dirt":459,"minecraft:carrot":94,"minecraft:oak_fence_gate":10,"minecraft:spruce_boat":1,"minecraft:lantern":8,"minecraft:iron_axe":219,"minecraft:oak_stairs":9,"minecraft:birch_sapling":14,"minecraft:cherry_leaves":56,"minecraft:barrel":3,"minecraft:beef":7,"minecraft:oak_sapling":42,"minecraft:furnace":12,"minecraft:cooked_cod":4,"minecraft:egg":2,"minecraft:potato":56,"minecraft:cooked_beef":3,"minecraft:cherry_fence":11,"minecraft:cherry_log":20,"minecraft:wheat_seeds":194,"minecraft:water_bucket":50,"minecraft:spruce_door":1,"minecraft:birch_planks":163,"minecraft:stone_pickaxe":396,"minecraft:baked_potato":17,"minecraft:oak_planks":7,"minecraft:wooden_pickaxe":24,"minecraft:cherry_planks":421,"minecraft:sugar_cane":21,"minecraft:salmon":2,"minecraft:oak_slab":21,"minecraft:crafting_table":15,"minecraft:crossbow":1,"minecraft:white_bed":8,"minecraft:spruce_log":2,"minecraft:oak_log":26,"minecraft:diamond_pickaxe":952,"minecraft:bread":35,"minecraft:iron_pickaxe":263,"minecraft:stone_axe":395,"minecraft:cherry_stairs":11,"minecraft:fishing_rod":12,"minecraft:cobblestone":98,"minecraft:porkchop":3,"minecraft:bucket":51,"minecraft:glass_pane":6,"minecraft:kelp":4,"minecraft:stripped_oak_log":1,"minecraft:purple_carpet":18},"minecraft:dropped":{"minecraft:iron_sword":3,"minecraft:water_bucket":1,"minecraft:iron_ingot":2,"minecraft:bread":21,"minecraft:oak_slab":21,"minecraft:oak_log":64,"minecraft:baked_potato":8,"minecraft:diamond":8,"minecraft:crafting_table":1,"minecraft:poisonous_potato":9,"minecraft:iron_helmet":1,"minecraft:feather":1,"minecraft:cobblestone":6,"minecraft:granite":144,"minecraft:dirt":48,"minecraft:torch":60,"minecraft:dried_kelp":9,"minecraft:gold_nugget":1,"minecraft:wooden_sword":1,"minecraft:iron_pickaxe":2,"minecraft:fishing_rod":1,"minecraft:gravel":16,"minecraft:iron_nugget":45,"minecraft:stone_sword":1,"minecraft:stone_shovel":1,"minecraft:iron_boots":1,"minecraft:oak_planks":25,"minecraft:shears":1,"minecraft:rabbit_hide":2,"minecraft:spruce_boat":1,"minecraft:stone":53,"minecraft:gunpowder":2,"minecraft:spruce_planks":1,"minecraft:iron_chestplate":1,"minecraft:glowstone":1,"minecraft:oak_sapling":23,"minecraft:spider_eye":4,"minecraft:bow":1,"minecraft:arrow":3,"minecraft:purple_carpet":1}},"DataVersion":3465}