{"stats":{"minecraft:broken":{"minecraft:stone_pickaxe":3,"minecraft:stone_axe":2,"minecraft:iron_pickaxe":2,"minecraft:stone_shovel":1},"minecraft:dropped":{"minecraft:water_bucket":1,"minecraft:iron_ingot":2,"minecraft:bread":21,"minecraft:iron_sword":3,"minecraft:oak_slab":21,"minecraft:lapis_lazuli":61,"minecraft:oak_log":64,"minecraft:baked_potato":8,"minecraft:diamond":8,"minecraft:crafting_table":1,"minecraft:diamond_leggings":1,"minecraft:poisonous_potato":9,"minecraft:feather":1,"minecraft:iron_helmet":2,"minecraft:cobblestone":6,"minecraft:granite":145,"minecraft:music_disc_pigstep":1,"minecraft:dirt":48,"minecraft:torch":60,"minecraft:diamond_helmet":1,"minecraft:dried_kelp":9,"minecraft:wooden_sword":1,"minecraft:gold_nugget":1,"minecraft:iron_pickaxe":2,"minecraft:fishing_rod":1,"minecraft:gravel":62,"minecraft:iron_nugget":48,"minecraft:stone_sword":1,"minecraft:raw_copper":64,"minecraft:raw_iron":3,"minecraft:stone_shovel":1,"minecraft:rotten_flesh":1,"minecraft:oak_planks":70,"minecraft:iron_boots":1,"minecraft:oak_sign":1,"minecraft:shears":1,"minecraft:rabbit_hide":2,"minecraft:spruce_boat":1,"minecraft:stone":53,"minecraft:gunpowder":2,"minecraft:spruce_planks":1,"minecraft:iron_chestplate":2,"minecraft:glowstone":1,"minecraft:oak_sapling":23,"minecraft:spider_eye":4,"minecraft:bow":1,"minecraft:arrow":3,"minecraft:wheat_seeds":1,"minecraft:purple_carpet":1},"minecraft:mined":{"minecraft:white_bed":6,"minecraft:oak_sapling":3,"minecraft:farmland":1,"minecraft:cherry_log":67,"minecraft:cherry_sapling":3,"minecraft:obsidian":18,"minecraft:granite":267,"minecraft:grass_block":87,"minecraft:spruce_leaves":5,"minecraft:kelp":9,"minecraft:large_fern":1,"minecraft:carrots":51,"minecraft:furnace":6,"minecraft:fire":2,"minecraft:iron_ore":33,"minecraft:andesite":2,"minecraft:potatoes":51,"minecraft:oak_stairs":9,"minecraft:lantern":2,"minecraft:purple_carpet":8,"minecraft:stripped_oak_log":1,"minecraft:stone":1429,"minecraft:cherry_stairs":5,"minecraft:oak_slab":9,"minecraft:glass_pane":2,"minecraft:cherry_planks":54,"minecraft:kelp_plant":6,"minecraft:oak_fence":69,"minecraft:crafting_table":13,"minecraft:torch":41,"minecraft:poppy":1,"minecraft:chest":7,"minecraft:copper_ore":10,"minecraft:tall_grass":13,"minecraft:glass":6,"minecraft:cobblestone":76,"minecraft:oak_planks":13,"minecraft:sugar_cane":19,"minecraft:wall_torch":38,"minecraft:birch_sapling":2,"minecraft:seagrass":1,"minecraft:birch_planks":52,"minecraft:birch_log":54,"minecraft:wheat":199,"minecraft:spruce_log":16,"minecraft:birch_leaves":4,"minecraft:cherry_door":2,"minecraft:grass":147,"minecraft:coal_ore":91,"minecraft:oak_log":188,"minecraft:oak_fence_gate":4,"minecraft:cherry_leaves":15,"minecraft:gravel":140,"minecraft:dirt":155,"minecraft:oak_leaves":82},"minecraft:used":{"minecraft:oak_fence":177,"minecraft:flint_and_steel":4,"minecraft:stone_sword":20,"minecraft:enchanting_table":1,"minecraft:stone_shovel":258,"minecraft:dried_kelp":24,"minecraft:oak_sign":13,"minecraft:chest":23,"minecraft:shield":289,"minecraft:iron_sword":277,"minecraft:stone":9,"minecraft:cooked_chicken":2,"minecraft:rotten_flesh":8,"minecraft:stone_hoe":122,"minecraft:torch":175,"minecraft:dirt":459,"minecraft:carrot":129,"minecraft:obsidian":4,"minecraft:oak_fence_gate":10,"minecraft:spruce_boat":1,"minecraft:lantern":8,"minecraft:iron_axe":247,"minecraft:oak_stairs":9,"minecraft:birch_sapling":16,"minecraft:cherry_leaves":56,"minecraft:barrel":3,"minecraft:beef":7,"minecraft:oak_sapling":42,"minecraft:furnace":12,"minecraft:cooked_cod":4,"minecraft:egg":2,"minecraft:potato":80,"minecraft:cooked_beef":3,"minecraft:cherry_fence":11,"minecraft:cherry_log":20,"minecraft:wheat_seeds":194,"minecraft:water_bucket":50,"minecraft:spruce_door":1,"minecraft:birch_planks":264,"minecraft:stone_pickaxe":400,"minecraft:baked_potato":17,"minecraft:oak_planks":12,"minecraft:wooden_pickaxe":24,"minecraft:cherry_planks":421,"minecraft:sugar_cane":22,"minecraft:salmon":2,"minecraft:oak_slab":21,"minecraft:crafting_table":17,"minecraft:crossbow":1,"minecraft:white_bed":8,"minecraft:spruce_log":2,"minecraft:oak_log":26,"minecraft:diamond_pickaxe":1277,"minecraft:cherry_door":4,"minecraft:bread":38,"minecraft:iron_pickaxe":263,"minecraft:stone_axe":395,"minecraft:diamond_sword":3,"minecraft:cherry_stairs":11,"minecraft:fishing_rod":12,"minecraft:cobblestone":118,"minecraft:porkchop":3,"minecraft:bucket":51,"minecraft:glass_pane":6,"minecraft:kelp":4,"minecraft:stripped_oak_log":1,"minecraft:purple_carpet":18,"minecraft:cherry_sapling":18},"minecraft:picked_up":{"minecraft:iron_chestplate":8,"minecraft:fishing_rod":7,"minecraft:crafting_table":14,"minecraft:wheat":311,"minecraft:chicken":2,"minecraft:lead":9,"minecraft:wooden_pickaxe":6,"minecraft:oak_stairs":13,"minecraft:shield":9,"minecraft:string":7,"minecraft:raw_copper":168,"minecraft:iron_axe":2,"minecraft:wooden_sword":6,"minecraft:flint_and_steel":3,"minecraft:iron_leggings":8,"minecraft:pufferfish":8,"minecraft:glass_pane":10,"minecraft:oak_sign":3,"minecraft:diamond_leggings":1,"minecraft:gold_nugget":1,"minecraft:bucket":5,"minecraft:spruce_planks":51,"minecraft:beef":24,"minecraft:poppy":1,"minecraft:iron_pickaxe":4,"minecraft:sugar_cane":29,"minecraft:chest":7,"minecraft:birch_sapling":15,"minecraft:furnace":9,"minecraft:iron_boots":7,"minecraft:egg":2,"minecraft:raw_iron":64,"minecraft:stick":98,"minecraft:stone":19,"minecraft:cherry_stairs":7,"minecraft:oak_fence":86,"minecraft:torch":121,"minecraft:bowl":2,"minecraft:porkchop":7,"minecraft:cherry_log":173,"minecraft:music_disc_pigstep":1,"minecraft:carrot":260,"minecraft:stone_sword":2,"minecraft:arrow":16,"minecraft:stone_shovel":4,"minecraft:rotten_flesh":18,"minecraft:shears":1,"minecraft:glowstone":1,"minecraft:obsidian":24,"minecraft:cod":1,"minecraft:white_wool":85,"minecraft:cobblestone":2437,"minecraft:birch_log":53,"minecraft:stripped_oak_log":1,"minecraft:feather":3,"minecraft:andesite":1,"minecraft:cherry_planks":107,"minecraft:cherry_leaves":72,"minecraft:water_bucket":3,"minecraft:salmon":5,"minecraft:leather":16,"minecraft:potato":271,"minecraft:birch_planks":52,"minecraft:flint":52,"minecraft:oak_log":188,"minecraft:golden_boots":1,"minecraft:cherry_fence":4,"minecraft:gunpowder":3,"minecraft:cherry_door":2,"minecraft:dirt":553,"minecraft:lantern":8,"minecraft:purple_carpet":13,"minecraft:glass":50,"minecraft:bone":21,"minecraft:apple":5,"minecraft:kelp":40,"minecraft:bow":1,"minecraft:wheat_seeds":731,"minecraft:rabbit_hide":3,"minecraft:oak_fence_gate":6,"minecraft:stone_pickaxe":2,"minecraft:rabbit":2,"minecraft:diamond_helmet":1,"minecraft:iron_sword":11,"minecraft:stone_hoe":5,"minecraft:oak_planks":283,"minecraft:book":4,"minecraft:oak_slab":58,"minecraft:poisonous_potato":26,"minecraft:gravel":176,"minecraft:white_bed":11,"minecraft:spruce_log":16,"minecraft:spider_eye":8,"minecraft:stone_axe":6,"minecraft:diamond":31,"minecraft:spruce_boat":8,"minecraft:iron_helmet":3,"minecraft:crossbow":1,"minecraft:granite":483,"minecraft:cherry_sapling":18,"minecraft:bread":34,"minecraft:baked_potato":15,"minecraft:oak_sapling":94,"minecraft:coal":289,"minecraft:diamond_pickaxe":6},"minecraft:killed_by":{"minecraft:player":7},"minecraft:crafted":{"minecraft:cherry_planks":444,"minecraft:wooden_sword":1,"minecraft:purple_wool":4,"minecraft:oak_planks":392,"minecraft:barrel":3,"minecraft:stone_shovel":3,"minecraft:oak_sign":12,"minecraft:fishing_rod":1,"minecraft:iron_nugget":45,"minecraft:cooked_chicken":2,"minecraft:furnace":6,"minecraft:stone":53,"minecraft:flint_and_steel":1,"minecraft:glass_pane":16,"minecraft:oak_trapdoor":2,"minecraft:diamond_helmet":1,"minecraft:diamond_leggings":1,"minecraft:cherry_stairs":8,"minecraft:stone_pickaxe":4,"minecraft:chest":16,"minecraft:diamond_boots":1,"minecraft:spruce_boat":1,"minecraft:purple_carpet":6,"minecraft:stone_hoe":1,"minecraft:oak_fence":123,"minecraft:cherry_fence":15,"minecraft:cooked_beef":3,"minecraft:red_dye":3,"minecraft:cooked_cod":4,"minecraft:oak_slab":18,"minecraft:diamond_sword":1,"minecraft:crafting_table":5,"minecraft:spruce_planks":56,"minecraft:enchanting_table":2,"minecraft:dried_kelp":33,"minecraft:baked_potato":10,"minecraft:wooden_pickaxe":1,"minecraft:iron_helmet":1,"minecraft:spruce_door":3,"minecraft:bucket":2,"minecraft:birch_planks":212,"minecraft:stone_axe":4,"minecraft:bread":36,"minecraft:blue_dye":3,"minecraft:oak_fence_gate":6,"minecraft:book":2,"minecraft:iron_chestplate":1,"minecraft:paper":9,"minecraft:purple_dye":6,"minecraft:stick":152,"minecraft:iron_ingot":33,"minecraft:iron_pickaxe":2,"minecraft:oak_stairs":4,"minecraft:stone_sword":2,"minecraft:cherry_door":3,"minecraft:torch":148,"minecraft:diamond_chestplate":1},"minecraft:killed":{"minecraft:zombified_piglin":1,"minecraft:spider":7,"minecraft:skeleton":8,"minecraft:chicken":2,"minecraft:pig":3,"minecraft:pillager":3,"minecraft:zombie":14,"minecraft:cow":11},"minecraft:custom":{"minecraft:mob_kills":53,"minecraft:animals_bred":9,"minecraft:interact_with_crafting_table":113,"minecraft:open_barrel":4,"minecraft:leave_game":10,"minecraft:time_since_death":31219,"minecraft:sprint_one_cm":1224402,"minecraft:walk_one_cm":1447540,"minecraft:damage_blocked_by_shield":2817,"minecraft:drop":82,"minecraft:play_time":487355,"minecraft:deaths":8,"minecraft:sneak_time":2377,"minecraft:walk_under_water_one_cm":70635,"minecraft:boat_one_cm":73389,"minecraft:jump":6072,"minecraft:walk_on_water_one_cm":93523,"minecraft:total_world_time":487355,"minecraft:interact_with_furnace":72,"minecraft:interact_with_grindstone":2,"minecraft:interact_with_stonecutter":3,"minecraft:sleep_in_bed":7,"minecraft:time_since_rest":31587,"minecraft:damage_taken":5042,"minecraft:damage_dealt":8953,"minecraft:player_kills":1,"minecraft:swim_one_cm":18113,"minecraft:fly_one_cm":1288467,"minecraft:open_chest":199,"minecraft:crouch_one_cm":2948,"minecraft:interact_with_smoker":4,"minecraft:fish_caught":6,"minecraft:interact_with_smithing_table":2,"minecraft:fall_one_cm":129053,"minecraft:interact_with_anvil":3}},"DataVersion":3465}