{"stats":{"minecraft:picked_up":{"minecraft:iron_chestplate":8,"minecraft:wheat":390,"minecraft:lead":9,"minecraft:diamond_sword":1,"minecraft:oak_stairs":13,"minecraft:enchanted_book":2,"minecraft:potion":3,"minecraft:string":45,"minecraft:raw_copper":168,"minecraft:iron_leggings":9,"minecraft:pufferfish":23,"minecraft:oak_sign":3,"minecraft:diamond_leggings":3,"minecraft:gold_nugget":1,"minecraft:cobbled_deepslate":19,"minecraft:bucket":6,"minecraft:spruce_planks":51,"minecraft:iron_pickaxe":6,"minecraft:iron_boots":7,"minecraft:furnace":11,"minecraft:stick":103,"minecraft:oak_fence":87,"minecraft:torch":290,"minecraft:porkchop":18,"minecraft:cherry_log":173,"minecraft:diorite":12,"minecraft:pointed_dripstone":8,"minecraft:music_disc_pigstep":1,"minecraft:stone_sword":8,"minecraft:rotten_flesh":41,"minecraft:tropical_fish":5,"minecraft:glowstone":1,"minecraft:obsidian":28,"minecraft:cod":22,"minecraft:cobblestone":2599,"minecraft:nautilus_shell":1,"minecraft:birch_log":53,"minecraft:cooked_beef":27,"minecraft:feather":3,"minecraft:magma_cream":2,"minecraft:cherry_planks":150,"minecraft:cherry_leaves":72,"minecraft:water_bucket":4,"minecraft:andesite":11,"minecraft:potato":510,"minecraft:flint":52,"minecraft:cherry_fence":4,"minecraft:lapis_lazuli":78,"minecraft:cherry_door":2,"minecraft:dirt":580,"minecraft:lantern":8,"minecraft:purple_carpet":13,"minecraft:glass":50,"minecraft:bone":41,"minecraft:bow":5,"minecraft:wheat_seeds":911,"minecraft:raw_gold":2,"minecraft:rabbit":2,"minecraft:diamond_helmet":3,"minecraft:stone_hoe":5,"minecraft:oak_planks":337,"minecraft:poisonous_potato":26,"minecraft:iron_hoe":1,"minecraft:diamond":32,"minecraft:spruce_boat":9,"minecraft:crossbow":1,"minecraft:granite":492,"minecraft:spruce_sign":4,"minecraft:emerald":1,"minecraft:bread":38,"minecraft:oak_sapling":96,"minecraft:diamond_pickaxe":7,"minecraft:fishing_rod":12,"minecraft:crafting_table":21,"minecraft:chicken":2,"minecraft:brown_mushroom":9,"minecraft:wooden_pickaxe":6,"minecraft:shield":10,"minecraft:iron_axe":2,"minecraft:wooden_sword":6,"minecraft:flint_and_steel":5,"minecraft:iron_shovel":1,"minecraft:glass_pane":10,"minecraft:deepslate_diamond_ore":37,"minecraft:beef":33,"minecraft:poppy":1,"minecraft:sugar_cane":56,"minecraft:chest":7,"minecraft:birch_sapling":15,"minecraft:egg":3,"minecraft:raw_iron":181,"minecraft:stone":19,"minecraft:cherry_stairs":7,"minecraft:bowl":2,"minecraft:carrot":279,"minecraft:arrow":52,"minecraft:stone_shovel":4,"minecraft:diamond_chestplate":2,"minecraft:shears":1,"minecraft:diamond_boots":2,"minecraft:white_wool":85,"minecraft:stripped_oak_log":1,"minecraft:basalt":1,"minecraft:glow_ink_sac":3,"minecraft:salmon":13,"minecraft:leather":23,"minecraft:birch_planks":52,"minecraft:oak_log":203,"minecraft:golden_boots":2,"minecraft:gunpowder":13,"minecraft:paper":3,"minecraft:apple":5,"minecraft:kelp":44,"minecraft:oak_fence_gate":6,"minecraft:iron_ingot":1,"minecraft:rabbit_hide":3,"minecraft:stone_pickaxe":4,"minecraft:iron_sword":12,"minecraft:book":4,"minecraft:oak_slab":58,"minecraft:sweet_berries":16,"minecraft:gravel":176,"minecraft:spruce_sapling":2,"minecraft:white_bed":11,"minecraft:spruce_log":18,"minecraft:spider_eye":11,"minecraft:stone_axe":6,"minecraft:iron_helmet":4,"minecraft:diamond_axe":2,"minecraft:cherry_sapling":18,"minecraft:baked_potato":15,"minecraft:coal":436},"minecraft:crafted":{"minecraft:oak_planks":464,"minecraft:oak_sign":12,"minecraft:barrel":3,"minecraft:cooked_chicken":2,"minecraft:stone":53,"minecraft:bookshelf":1,"minecraft:diamond_helmet":1,"minecraft:diamond_leggings":1,"minecraft:chest":16,"minecraft:stone_hoe":1,"minecraft:oak_fence":123,"minecraft:cherry_fence":15,"minecraft:oak_slab":18,"minecraft:cooked_porkchop":4,"minecraft:crafting_table":7,"minecraft:spruce_planks":56,"minecraft:iron_helmet":1,"minecraft:wooden_pickaxe":1,"minecraft:baked_potato":64,"minecraft:spruce_door":3,"minecraft:birch_planks":212,"minecraft:iron_chestplate":1,"minecraft:book":5,"minecraft:paper":18,"minecraft:purple_dye":6,"minecraft:shield":1,"minecraft:stick":176,"minecraft:iron_ingot":38,"minecraft:iron_pickaxe":3,"minecraft:stone_sword":3,"minecraft:cherry_planks":444,"minecraft:wooden_sword":1,"minecraft:purple_wool":4,"minecraft:stone_shovel":3,"minecraft:fishing_rod":1,"minecraft:iron_nugget":45,"minecraft:furnace":7,"minecraft:oak_trapdoor":2,"minecraft:glass_pane":16,"minecraft:flint_and_steel":1,"minecraft:cherry_stairs":8,"minecraft:stone_pickaxe":5,"minecraft:diamond_boots":1,"minecraft:spruce_boat":1,"minecraft:purple_carpet":6,"minecraft:cooked_beef":3,"minecraft:red_dye":3,"minecraft:cooked_cod":14,"minecraft:diamond_sword":1,"minecraft:enchanting_table":2,"minecraft:dried_kelp":33,"minecraft:cooked_salmon":2,"minecraft:bucket":2,"minecraft:stone_axe":7,"minecraft:bread":42,"minecraft:blue_dye":3,"minecraft:oak_fence_gate":6,"minecraft:oak_stairs":4,"minecraft:iron_shovel":1,"minecraft:cherry_door":3,"minecraft:torch":196,"minecraft:diamond_chestplate":1},"minecraft:dropped":{"minecraft:spruce_sign":1,"minecraft:iron_sword":3,"minecraft:diamond_axe":1,"minecraft:brown_mushroom":5,"minecraft:lapis_lazuli":118,"minecraft:oak_log":64,"minecraft:baked_potato":8,"minecraft:diamond":8,"minecraft:crafting_table":1,"minecraft:dirt":60,"minecraft:wooden_sword":1,"minecraft:gold_nugget":1,"minecraft:iron_pickaxe":2,"minecraft:fishing_rod":2,"minecraft:gravel":62,"minecraft:iron_nugget":48,"minecraft:rotten_flesh":1,"minecraft:oak_planks":70,"minecraft:carrot":34,"minecraft:rabbit_hide":2,"minecraft:gunpowder":2,"minecraft:glowstone":1,"minecraft:arrow":20,"minecraft:purple_carpet":1,"minecraft:water_bucket":1,"minecraft:iron_ingot":2,"minecraft:bread":21,"minecraft:oak_slab":21,"minecraft:wheat_seeds":1,"minecraft:diamond_leggings":1,"minecraft:poisonous_potato":9,"minecraft:oak_fence":1,"minecraft:iron_helmet":2,"minecraft:feather":1,"minecraft:cobblestone":6,"minecraft:granite":147,"minecraft:music_disc_pigstep":1,"minecraft:golden_apple":1,"minecraft:stick":3,"minecraft:diorite":6,"minecraft:torch":60,"minecraft:diamond_helmet":1,"minecraft:dried_kelp":9,"minecraft:kelp":3,"minecraft:sweet_berries":5,"minecraft:stone_sword":5,"minecraft:raw_copper":64,"minecraft:raw_iron":50,"minecraft:stone_shovel":1,"minecraft:iron_boots":1,"minecraft:oak_sign":1,"minecraft:shears":1,"minecraft:spruce_boat":1,"minecraft:stone":53,"minecraft:spruce_planks":1,"minecraft:iron_chestplate":2,"minecraft:andesite":2,"minecraft:oak_sapling":23,"minecraft:spider_eye":5,"minecraft:spruce_log":2,"minecraft:bow":2},"minecraft:custom":{"minecraft:animals_bred":15,"minecraft:interact_with_crafting_table":131,"minecraft:open_barrel":7,"minecraft:leave_game":12,"minecraft:time_since_death":64528,"minecraft:sprint_one_cm":1916991,"minecraft:damage_blocked_by_shield":3267,"minecraft:drop":110,"minecraft:play_time":661822,"minecraft:deaths":13,"minecraft:jump":9436,"minecraft:walk_on_water_one_cm":114820,"minecraft:interact_with_furnace":107,"minecraft:sleep_in_bed":7,"minecraft:damage_dealt":13381,"minecraft:player_kills":6,"minecraft:crouch_one_cm":3686,"minecraft:interact_with_smoker":4,"minecraft:interact_with_smithing_table":2,"minecraft:mob_kills":110,"minecraft:interact_with_anvil":6,"minecraft:walk_one_cm":1852365,"minecraft:sneak_time":2688,"minecraft:walk_under_water_one_cm":81035,"minecraft:boat_one_cm":88946,"minecraft:total_world_time":661822,"minecraft:interact_with_grindstone":2,"minecraft:interact_with_stonecutter":3,"minecraft:time_since_rest":64558,"minecraft:damage_taken":8348,"minecraft:swim_one_cm":37309,"minecraft:fly_one_cm":1866025,"minecraft:open_chest":273,"minecraft:fish_caught":42,"minecraft:fall_one_cm":216270},"minecraft:broken":{"minecraft:stone_pickaxe":4,"minecraft:stone_axe":2,"minecraft:fishing_rod":1,"minecraft:stone_shovel":1,"minecraft:stone_sword":1,"minecraft:iron_pickaxe":2},"minecraft:mined":{"minecraft:white_bed":6,"minecraft:oak_sapling":3,"minecraft:farmland":1,"minecraft:cherry_log":67,"minecraft:obsidian":18,"minecraft:granite":275,"minecraft:grass_block":92,"minecraft:spawner":1,"minecraft:iron_ore":96,"minecraft:fire":4,"minecraft:deepslate_lapis_ore":9,"minecraft:pointed_dripstone":3,"minecraft:oak_stairs":9,"minecraft:purple_carpet":8,"minecraft:brown_mushroom":5,"minecraft:kelp_plant":7,"minecraft:torch":44,"minecraft:poppy":1,"minecraft:chest":7,"minecraft:dead_bush":1,"minecraft:spruce_wall_sign":1,"minecraft:glass":6,"minecraft:cobblestone":120,"minecraft:sugar_cane":33,"minecraft:oak_planks":15,"minecraft:wall_torch":40,"minecraft:spruce_sign":1,"minecraft:birch_sapling":2,"minecraft:seagrass":1,"minecraft:birch_log":54,"minecraft:wheat":270,"minecraft:cherry_door":2,"minecraft:grass":164,"minecraft:oak_log":203,"minecraft:oak_fence_gate":4,"minecraft:dirt":163,"minecraft:oak_leaves":95,"minecraft:deepslate":22,"minecraft:cherry_sapling":3,"minecraft:glow_lichen":2,"minecraft:spruce_leaves":11,"minecraft:kelp":9,"minecraft:large_fern":12,"minecraft:furnace":7,"minecraft:carrots":56,"minecraft:andesite":11,"minecraft:potatoes":98,"minecraft:deepslate_iron_ore":7,"minecraft:lantern":2,"minecraft:stripped_oak_log":1,"minecraft:stone":1490,"minecraft:cherry_stairs":5,"minecraft:oak_slab":9,"minecraft:glass_pane":2,"minecraft:cherry_planks":54,"minecraft:basalt":1,"minecraft:oak_fence":69,"minecraft:crafting_table":18,"minecraft:tall_grass":16,"minecraft:copper_ore":10,"minecraft:deepslate_gold_ore":2,"minecraft:lapis_ore":2,"minecraft:diorite":6,"minecraft:birch_planks":52,"minecraft:sweet_berry_bush":4,"minecraft:spruce_log":16,"minecraft:birch_leaves":4,"minecraft:coal_ore":158,"minecraft:cherry_leaves":15,"minecraft:gravel":141,"minecraft:cobweb":35,"minecraft:fern":20},"minecraft:killed_by":{"minecraft:creeper":1,"minecraft:player":8},"minecraft:killed":{"minecraft:cave_spider":2,"minecraft:zombified_piglin":1,"minecraft:spider":10,"minecraft:skeleton":17,"minecraft:chicken":2,"minecraft:magma_cube":6,"minecraft:pig":4,"minecraft:creeper":4,"minecraft:pillager":3,"minecraft:zombie":35,"minecraft:cow":16,"minecraft:slime":1,"minecraft:phantom":2,"minecraft:bat":1,"minecraft:enderman":1},"minecraft:used":{"minecraft:cherry_sapling":18,"minecraft:iron_shovel":3,"minecraft:oak_sign":13,"minecraft:chest":23,"minecraft:shield":298,"minecraft:stone":9,"minecraft:iron_sword":277,"minecraft:rotten_flesh":20,"minecraft:carrot":155,"minecraft:obsidian":4,"minecraft:spruce_boat":1,"minecraft:lantern":8,"minecraft:birch_sapling":16,"minecraft:cherry_leaves":56,"minecraft:deepslate_diamond_ore":37,"minecraft:bow":109,"minecraft:sweet_berries":11,"minecraft:furnace":14,"minecraft:oak_sapling":44,"minecraft:cooked_cod":14,"minecraft:egg":4,"minecraft:potato":129,"minecraft:diorite":6,"minecraft:spruce_door":1,"minecraft:stone_pickaxe":532,"minecraft:oak_planks":94,"minecraft:wooden_pickaxe":24,"minecraft:diamond_axe":62,"minecraft:sugar_cane":22,"minecraft:crossbow":1,"minecraft:bread":44,"minecraft:diamond_sword":15,"minecraft:andesite":8,"minecraft:oak_fence":177,"minecraft:enchanting_table":1,"minecraft:stone_sword":133,"minecraft:flint_and_steel":4,"minecraft:tropical_fish":2,"minecraft:stone_shovel":258,"minecraft:dried_kelp":24,"minecraft:cooked_salmon":1,"minecraft:stone_hoe":122,"minecraft:cooked_chicken":2,"minecraft:torch":254,"minecraft:dirt":473,"minecraft:granite":5,"minecraft:oak_fence_gate":10,"minecraft:iron_hoe":4,"minecraft:bookshelf":1,"minecraft:iron_axe":247,"minecraft:oak_stairs":9,"minecraft:barrel":3,"minecraft:basalt":1,"minecraft:beef":7,"minecraft:cooked_beef":10,"minecraft:cobbled_deepslate":7,"minecraft:cherry_fence":11,"minecraft:cherry_log":20,"minecraft:wheat_seeds":266,"minecraft:water_bucket":50,"minecraft:birch_planks":264,"minecraft:baked_potato":22,"minecraft:cherry_planks":421,"minecraft:spruce_sign":1,"minecraft:salmon":7,"minecraft:oak_slab":21,"minecraft:crafting_table":21,"minecraft:white_bed":8,"minecraft:cod":7,"minecraft:spruce_log":2,"minecraft:oak_log":26,"minecraft:diamond_pickaxe":1278,"minecraft:cherry_door":4,"minecraft:iron_pickaxe":449,"minecraft:spruce_sapling":1,"minecraft:stone_axe":411,"minecraft:fishing_rod":81,"minecraft:cherry_stairs":11,"minecraft:cobblestone":197,"minecraft:porkchop":5,"minecraft:cooked_porkchop":1,"minecraft:bucket":51,"minecraft:glass_pane":6,"minecraft:stripped_oak_log":1,"minecraft:kelp":4,"minecraft:purple_carpet":18}},"DataVersion":3465}