{"stats":{"minecraft:dropped":{"minecraft:stone_sword":1,"minecraft:cobblestone":1,"minecraft:oak_planks":25,"minecraft:torch":59,"minecraft:dried_kelp":9},"minecraft:used":{"minecraft:oak_fence":172,"minecraft:wheat_seeds":16,"minecraft:stone_sword":20,"minecraft:stone_shovel":144,"minecraft:stone_pickaxe":71,"minecraft:dried_kelp":23,"minecraft:shield":2,"minecraft:chest":6,"minecraft:wooden_pickaxe":24,"minecraft:iron_sword":15,"minecraft:stone_hoe":49,"minecraft:cooked_chicken":2,"minecraft:torch":17,"minecraft:dirt":354,"minecraft:crafting_table":5,"minecraft:stone_axe":128,"minecraft:cobblestone":24,"minecraft:beef":5,"minecraft:furnace":6,"minecraft:cooked_cod":3,"minecraft:glass_pane":6,"minecraft:egg":2,"minecraft:cooked_beef":3,"minecraft:kelp":2},"minecraft:killed":{"minecraft:spider":2,"minecraft:skeleton":2,"minecraft:chicken":2,"minecraft:cow":3},"minecraft:picked_up":{"minecraft:wheat":1,"minecraft:crafting_table":5,"minecraft:feather":1,"minecraft:chicken":2,"minecraft:oak_log":46,"minecraft:shield":1,"minecraft:string":1,"minecraft:dirt":346,"minecraft:glass":28,"minecraft:bone":1,"minecraft:apple":1,"minecraft:kelp":29,"minecraft:wheat_seeds":16,"minecraft:beef":8,"minecraft:oak_planks":21,"minecraft:iron_sword":1,"minecraft:egg":2,"minecraft:furnace":3,"minecraft:stick":3,"minecraft:oak_fence":68,"minecraft:torch":5,"minecraft:spider_eye":1,"minecraft:stone_sword":1,"minecraft:arrow":2,"minecraft:oak_sapling":7,"minecraft:coal":21,"minecraft:cobblestone":124},"minecraft:broken":{"minecraft:stone_shovel":1},"minecraft:mined":{"minecraft:glass_pane":2,"minecraft:kelp_plant":5,"minecraft:oak_fence":68,"minecraft:crafting_table":4,"minecraft:torch":1,"minecraft:grass_block":63,"minecraft:glass":6,"minecraft:tall_grass":6,"minecraft:cobblestone":12,"minecraft:kelp":3,"minecraft:wall_torch":3,"minecraft:seagrass":1,"minecraft:furnace":3,"minecraft:wheat":1,"minecraft:grass":91,"minecraft:coal_ore":6,"minecraft:oak_log":46,"minecraft:dirt":119,"minecraft:stone":71,"minecraft:oak_leaves":20},"minecraft:custom":{"minecraft:interact_with_furnace":19,"minecraft:mob_kills":9,"minecraft:interact_with_crafting_table":20,"minecraft:leave_game":3,"minecraft:time_since_death":84430,"minecraft:time_since_rest":84430,"minecraft:sprint_one_cm":203117,"minecraft:damage_taken":793,"minecraft:walk_one_cm":208670,"minecraft:damage_blocked_by_shield":55,"minecraft:drop":5,"minecraft:damage_dealt":1097,"minecraft:swim_one_cm":9062,"minecraft:fly_one_cm":98015,"minecraft:open_chest":15,"minecraft:crouch_one_cm":108,"minecraft:play_time":84430,"minecraft:sneak_time":108,"minecraft:walk_under_water_one_cm":8120,"minecraft:jump":727,"minecraft:walk_on_water_one_cm":35065,"minecraft:total_world_time":84430,"minecraft:fall_one_cm":16814},"minecraft:crafted":{"minecraft:cooked_beef":3,"minecraft:wooden_sword":1,"minecraft:cooked_cod":4,"minecraft:oak_planks":184,"minecraft:stone_shovel":2,"minecraft:crafting_table":1,"minecraft:dried_kelp":33,"minecraft:wooden_pickaxe":1,"minecraft:cooked_chicken":2,"minecraft:furnace":3,"minecraft:stone_axe":1,"minecraft:glass_pane":16,"minecraft:stick":128,"minecraft:stone_pickaxe":1,"minecraft:stone_sword":1,"minecraft:chest":6,"minecraft:torch":12,"minecraft:stone_hoe":1,"minecraft:oak_fence":123}},"DataVersion":3465}