{"stats":{"minecraft:picked_up":{"minecraft:crafting_table":6,"minecraft:wheat":24,"minecraft:chicken":1,"minecraft:yellow_wool":6,"minecraft:stone_slab":1,"minecraft:lead":3,"minecraft:enchanted_book":1,"minecraft:string":4,"minecraft:raw_copper":54,"minecraft:cooked_salmon":10,"minecraft:oak_sign":1,"minecraft:diamond_leggings":5,"minecraft:gold_nugget":1,"minecraft:cobbled_deepslate":261,"minecraft:deepslate_diamond_ore":23,"minecraft:beef":13,"minecraft:iron_nugget":3,"minecraft:poppy":3,"minecraft:iron_pickaxe":2,"minecraft:sugar_cane":15,"minecraft:furnace":5,"minecraft:raw_iron":43,"minecraft:stick":9,"minecraft:sandstone":12,"minecraft:stone":8,"minecraft:composter":6,"minecraft:oak_fence":72,"minecraft:torch":68,"minecraft:porkchop":8,"minecraft:music_disc_pigstep":8,"minecraft:diorite":23,"minecraft:redstone":42,"minecraft:diamond_chestplate":5,"minecraft:rotten_flesh":14,"minecraft:arrow":18,"minecraft:cooked_cod":9,"minecraft:diamond_boots":4,"minecraft:mutton":8,"minecraft:white_wool":10,"minecraft:cobblestone":1820,"minecraft:birch_log":10,"minecraft:stripped_oak_log":3,"minecraft:feather":1,"minecraft:basalt":1,"minecraft:magma_cream":2,"minecraft:cherry_planks":1,"minecraft:andesite":27,"minecraft:leather":9,"minecraft:smoker":1,"minecraft:flint":8,"minecraft:tuff":20,"minecraft:oak_log":147,"minecraft:golden_boots":2,"minecraft:yellow_bed":3,"minecraft:gunpowder":8,"minecraft:lapis_lazuli":126,"minecraft:dirt":271,"minecraft:bone":12,"minecraft:stone_bricks":1,"minecraft:stonecutter":2,"minecraft:bow":1,"minecraft:wheat_seeds":91,"minecraft:grindstone":1,"minecraft:iron_ingot":6,"minecraft:stone_pickaxe":3,"minecraft:stripped_oak_wood":1,"minecraft:diamond_helmet":6,"minecraft:oak_planks":74,"minecraft:iron_sword":1,"minecraft:oak_slab":7,"minecraft:birch_boat":11,"minecraft:sand":16,"minecraft:gravel":100,"minecraft:blast_furnace":3,"minecraft:white_bed":12,"minecraft:spider_eye":1,"minecraft:spruce_door":2,"minecraft:diamond_shovel":2,"minecraft:diamond":73,"minecraft:spruce_boat":1,"minecraft:granite":23,"minecraft:diamond_axe":5,"minecraft:golden_apple":1,"minecraft:bread":16,"minecraft:oak_button":6,"minecraft:oak_sapling":5,"minecraft:coal":194,"minecraft:diamond_pickaxe":3},"minecraft:crafted":{"minecraft:oak_planks":104,"minecraft:birch_boat":2,"minecraft:furnace":3,"minecraft:stone":15,"minecraft:yellow_bed":2,"minecraft:bone_meal":21,"minecraft:diamond_shovel":1,"minecraft:cooked_mutton":8,"minecraft:flint_and_steel":1,"minecraft:diamond_leggings":1,"minecraft:iron_axe":1,"minecraft:stone_pickaxe":4,"minecraft:oak_button":2,"minecraft:chest":2,"minecraft:diamond_boots":1,"minecraft:cooked_beef":20,"minecraft:diamond_sword":1,"minecraft:cooked_porkchop":4,"minecraft:diamond_axe":1,"minecraft:crafting_table":8,"minecraft:wooden_pickaxe":2,"minecraft:fletching_table":1,"minecraft:bucket":2,"minecraft:birch_planks":40,"minecraft:stone_axe":1,"minecraft:bread":6,"minecraft:air":0,"minecraft:oak_fence_gate":3,"minecraft:iron_chestplate":1,"minecraft:diamond_pickaxe":2,"minecraft:shield":1,"minecraft:white_dye":3,"minecraft:stick":64,"minecraft:iron_ingot":40,"minecraft:iron_pickaxe":3,"minecraft:white_bed":3,"minecraft:torch":84},"minecraft:dropped":{"minecraft:enchanted_book":1,"minecraft:golden_boots":1,"minecraft:wheat_seeds":102,"minecraft:diamond_axe":1,"minecraft:diamond":16,"minecraft:diamond_leggings":1,"minecraft:oak_fence":18,"minecraft:fletching_table":1,"minecraft:diamond_helmet":1,"minecraft:gold_nugget":1,"minecraft:bone":5,"minecraft:stone_axe":1,"minecraft:cobbled_deepslate":3,"minecraft:composter":1,"minecraft:rotten_flesh":1,"minecraft:stripped_oak_log":1,"minecraft:oak_sign":1,"minecraft:poppy":3,"minecraft:stone":4,"minecraft:diamond_pickaxe":1,"minecraft:andesite":27,"minecraft:white_dye":1,"minecraft:birch_boat":3,"minecraft:bow":1,"minecraft:stone_pickaxe":1,"minecraft:wooden_pickaxe":2},"minecraft:custom":{"minecraft:mob_kills":55,"minecraft:interact_with_crafting_table":44,"minecraft:open_barrel":4,"minecraft:bell_ring":1,"minecraft:leave_game":4,"minecraft:time_since_death":82027,"minecraft:sprint_one_cm":920448,"minecraft:walk_one_cm":551258,"minecraft:damage_blocked_by_shield":40,"minecraft:drop":64,"minecraft:talked_to_villager":26,"minecraft:play_time":268376,"minecraft:deaths":9,"minecraft:sneak_time":6401,"minecraft:walk_under_water_one_cm":7034,"minecraft:boat_one_cm":103438,"minecraft:jump":4865,"minecraft:interact_with_blast_furnace":1,"minecraft:walk_on_water_one_cm":6239,"minecraft:total_world_time":268376,"minecraft:interact_with_furnace":86,"minecraft:play_record":6,"minecraft:sleep_in_bed":5,"minecraft:time_since_rest":82052,"minecraft:damage_taken":3868,"minecraft:damage_dealt":7725,"minecraft:swim_one_cm":10110,"minecraft:fly_one_cm":952191,"minecraft:open_chest":78,"minecraft:crouch_one_cm":14548,"minecraft:interact_with_smoker":11,"minecraft:fall_one_cm":127229,"minecraft:horse_one_cm":6817},"minecraft:broken":{"minecraft:stone_pickaxe":3,"minecraft:iron_pickaxe":2},"minecraft:mined":{"minecraft:tuff":20,"minecraft:spruce_planks":1,"minecraft:white_bed":12,"minecraft:deepslate_diamond_ore":30,"minecraft:granite":17,"minecraft:grass_block":37,"minecraft:redstone_wire":6,"minecraft:composter":5,"minecraft:sandstone":6,"minecraft:furnace":3,"minecraft:iron_ore":30,"minecraft:fire":1,"minecraft:cobbled_deepslate":3,"minecraft:andesite":13,"minecraft:deepslate_iron_ore":11,"minecraft:dirt_path":19,"minecraft:stripped_oak_log":2,"minecraft:stone":1098,"minecraft:white_wool":6,"minecraft:deepslate_redstone_ore":8,"minecraft:oak_slab":8,"minecraft:cherry_planks":1,"minecraft:smoker":1,"minecraft:basalt":1,"minecraft:spruce_door":1,"minecraft:oak_fence":21,"minecraft:crafting_table":6,"minecraft:torch":25,"minecraft:blast_furnace":3,"minecraft:stone_slab":1,"minecraft:cobblestone":5,"minecraft:copper_ore":6,"minecraft:tall_grass":9,"minecraft:lapis_ore":8,"minecraft:grindstone":1,"minecraft:oak_planks":13,"minecraft:diorite":23,"minecraft:wall_torch":28,"minecraft:yellow_wool":6,"minecraft:birch_log":10,"minecraft:wheat":28,"minecraft:birch_leaves":3,"minecraft:stripped_oak_wood":1,"minecraft:yellow_bed":3,"minecraft:grass":43,"minecraft:coal_ore":71,"minecraft:oak_log":65,"minecraft:dirt":74,"minecraft:gravel":54,"minecraft:stone_bricks":3,"minecraft:stonecutter":3,"minecraft:oak_leaves":13,"minecraft:deepslate":418},"minecraft:killed_by":{"minecraft:ghast":1,"minecraft:player":2,"minecraft:magma_cube":3},"minecraft:killed":{"minecraft:spider":2,"minecraft:skeleton":10,"minecraft:chicken":1,"minecraft:magma_cube":16,"minecraft:pig":4,"minecraft:creeper":2,"minecraft:sheep":4,"minecraft:zombie":11,"minecraft:cow":3},"minecraft:used":{"minecraft:oak_fence":7,"minecraft:redstone":6,"minecraft:chest":2,"minecraft:shield":1,"minecraft:stone":4,"minecraft:iron_sword":32,"minecraft:cooked_salmon":2,"minecraft:rotten_flesh":10,"minecraft:iron_chestplate":1,"minecraft:torch":121,"minecraft:dirt":190,"minecraft:cod_bucket":1,"minecraft:diamond_helmet":3,"minecraft:tuff":20,"minecraft:oak_fence_gate":3,"minecraft:lava_bucket":8,"minecraft:music_disc_pigstep":6,"minecraft:iron_axe":4,"minecraft:stone_bricks":1,"minecraft:basalt":1,"minecraft:deepslate_diamond_ore":23,"minecraft:diamond_chestplate":2,"minecraft:bow":12,"minecraft:cooked_cod":9,"minecraft:furnace":5,"minecraft:oak_sapling":5,"minecraft:cooked_beef":6,"minecraft:cobbled_deepslate":75,"minecraft:wheat_seeds":53,"minecraft:diorite":23,"minecraft:water_bucket":11,"minecraft:diamond_boots":3,"minecraft:cherry_planks":1,"minecraft:composter":6,"minecraft:fletching_table":1,"minecraft:stonecutter":2,"minecraft:stone_pickaxe":436,"minecraft:oak_planks":11,"minecraft:wooden_pickaxe":11,"minecraft:birch_boat":7,"minecraft:sandstone":10,"minecraft:white_dye":2,"minecraft:spruce_sign":2,"minecraft:diamond_axe":246,"minecraft:sand":16,"minecraft:oak_slab":7,"minecraft:crafting_table":14,"minecraft:blast_furnace":3,"minecraft:white_bed":12,"minecraft:smoker":1,"minecraft:diamond_pickaxe":843,"minecraft:diamond_shovel":97,"minecraft:chicken":1,"minecraft:bread":22,"minecraft:oak_button":8,"minecraft:iron_pickaxe":531,"minecraft:stone_slab":1,"minecraft:gravel":29,"minecraft:stone_axe":15,"minecraft:diamond_sword":24,"minecraft:cobblestone":40,"minecraft:grindstone":1,"minecraft:cooked_porkchop":4,"minecraft:porkchop":4,"minecraft:bucket":22,"minecraft:yellow_bed":3,"minecraft:bone_meal":18,"minecraft:diamond_leggings":3}},"DataVersion":3465}