{"stats":{"minecraft:picked_up":{"minecraft:wheat":42,"minecraft:yellow_wool":6,"minecraft:stone_slab":6,"minecraft:lead":3,"minecraft:potion":1,"minecraft:enchanted_book":3,"minecraft:string":8,"minecraft:raw_copper":72,"minecraft:cooked_salmon":11,"minecraft:pufferfish":7,"minecraft:oak_sign":1,"minecraft:diamond_leggings":8,"minecraft:gold_nugget":1,"minecraft:cobbled_deepslate":261,"minecraft:bucket":2,"minecraft:spruce_planks":6,"minecraft:iron_pickaxe":3,"minecraft:furnace":5,"minecraft:stick":17,"minecraft:composter":6,"minecraft:oak_fence":110,"minecraft:torch":266,"minecraft:porkchop":11,"minecraft:diorite":23,"minecraft:pointed_dripstone":5,"minecraft:music_disc_pigstep":13,"minecraft:rotten_flesh":14,"minecraft:cod":1,"minecraft:cobblestone":2061,"minecraft:birch_log":10,"minecraft:magma_cream":2,"minecraft:feather":1,"minecraft:cooked_beef":20,"minecraft:cherry_planks":1,"minecraft:andesite":36,"minecraft:smoker":1,"minecraft:flint":41,"minecraft:tuff":20,"minecraft:lapis_lazuli":220,"minecraft:dirt":272,"minecraft:name_tag":2,"minecraft:bone":21,"minecraft:stonecutter":2,"minecraft:bow":2,"minecraft:wheat_seeds":239,"minecraft:deepslate_brick_slab":15,"minecraft:grindstone":1,"minecraft:diamond_helmet":8,"minecraft:fletching_table":1,"minecraft:stone_hoe":1,"minecraft:oak_planks":236,"minecraft:sand":16,"minecraft:diamond":74,"minecraft:black_concrete":2,"minecraft:spruce_boat":1,"minecraft:granite":34,"minecraft:golden_apple":1,"minecraft:bread":38,"minecraft:emerald":1,"minecraft:oak_sapling":8,"minecraft:diamond_pickaxe":3,"minecraft:fishing_rod":1,"minecraft:crafting_table":7,"minecraft:chicken":1,"minecraft:diamond_horse_armor":1,"minecraft:chain":5,"minecraft:shield":1,"minecraft:item_frame":1,"minecraft:iron_shovel":2,"minecraft:deepslate_diamond_ore":23,"minecraft:beef":32,"minecraft:iron_nugget":3,"minecraft:poppy":3,"minecraft:spruce_slab":36,"minecraft:sugar_cane":27,"minecraft:raw_iron":61,"minecraft:sandstone":14,"minecraft:stone":107,"minecraft:carrot":162,"minecraft:redstone":42,"minecraft:arrow":18,"minecraft:diamond_chestplate":5,"minecraft:cooked_cod":9,"minecraft:diamond_boots":7,"minecraft:shears":1,"minecraft:deepslate_bricks":86,"minecraft:mutton":8,"minecraft:white_wool":10,"minecraft:stripped_oak_log":5,"minecraft:basalt":1,"minecraft:leather":15,"minecraft:oak_log":203,"minecraft:golden_boots":2,"minecraft:yellow_bed":5,"minecraft:gunpowder":16,"minecraft:stone_bricks":2,"minecraft:kelp":13,"minecraft:oak_fence_gate":1,"minecraft:iron_ingot":10,"minecraft:stone_pickaxe":4,"minecraft:stripped_oak_wood":1,"minecraft:iron_sword":1,"minecraft:oak_slab":7,"minecraft:birch_boat":13,"minecraft:gravel":352,"minecraft:blast_furnace":3,"minecraft:white_bed":25,"minecraft:spruce_log":23,"minecraft:spruce_door":3,"minecraft:spider_eye":4,"minecraft:white_concrete_powder":129,"minecraft:diamond_shovel":3,"minecraft:purple_bed":1,"minecraft:stone_axe":1,"minecraft:diamond_axe":7,"minecraft:oak_button":6,"minecraft:baked_potato":98,"minecraft:coal":203},"minecraft:crafted":{"minecraft:oak_planks":264,"minecraft:purple_bed":2,"minecraft:birch_boat":2,"minecraft:stone":191,"minecraft:diamond_shovel":1,"minecraft:cooked_mutton":8,"minecraft:diamond_leggings":1,"minecraft:chest":4,"minecraft:oak_button":2,"minecraft:stone_bricks":76,"minecraft:item_frame":1,"minecraft:emerald":12,"minecraft:cooked_porkchop":4,"minecraft:diamond_axe":1,"minecraft:crafting_table":9,"minecraft:spruce_planks":20,"minecraft:wooden_pickaxe":2,"minecraft:fletching_table":4,"minecraft:birch_planks":40,"minecraft:iron_chestplate":1,"minecraft:diamond_pickaxe":2,"minecraft:shield":1,"minecraft:stick":480,"minecraft:stone_slab":12,"minecraft:iron_ingot":40,"minecraft:iron_pickaxe":3,"minecraft:shears":1,"minecraft:furnace":3,"minecraft:yellow_bed":2,"minecraft:bone_meal":21,"minecraft:flint_and_steel":2,"minecraft:iron_axe":1,"minecraft:spruce_slab":18,"minecraft:stone_pickaxe":4,"minecraft:diamond_boots":1,"minecraft:cooked_beef":20,"minecraft:diamond_sword":1,"minecraft:deepslate_brick_slab":30,"minecraft:bucket":2,"minecraft:stone_axe":1,"minecraft:bread":100,"minecraft:air":0,"minecraft:oak_fence_gate":3,"minecraft:white_dye":3,"minecraft:white_bed":3,"minecraft:torch":84},"minecraft:dropped":{"minecraft:diamond_axe":1,"minecraft:baked_potato":49,"minecraft:diamond":16,"minecraft:fletching_table":1,"minecraft:flint":15,"minecraft:chain":1,"minecraft:gold_nugget":1,"minecraft:bone":5,"minecraft:gravel":250,"minecraft:stone_axe":2,"minecraft:sugar_cane":6,"minecraft:cobbled_deepslate":3,"minecraft:wheat":2,"minecraft:deepslate_brick_slab":3,"minecraft:rotten_flesh":1,"minecraft:poppy":3,"minecraft:gunpowder":4,"minecraft:spruce_slab":19,"minecraft:white_dye":1,"minecraft:beef":9,"minecraft:white_concrete_powder":129,"minecraft:stone_hoe":1,"minecraft:enchanted_book":1,"minecraft:golden_boots":1,"minecraft:bread":93,"minecraft:wheat_seeds":199,"minecraft:diamond_leggings":3,"minecraft:oak_fence":32,"minecraft:cobblestone":17,"minecraft:granite":11,"minecraft:spruce_door":1,"minecraft:cooked_salmon":2,"minecraft:diamond_helmet":2,"minecraft:bucket":1,"minecraft:raw_copper":18,"minecraft:composter":1,"minecraft:stripped_oak_log":3,"minecraft:stone_slab":1,"minecraft:oak_sign":1,"minecraft:shears":1,"minecraft:stone":4,"minecraft:spruce_planks":6,"minecraft:diamond_pickaxe":1,"minecraft:andesite":36,"minecraft:spruce_log":18,"minecraft:diamond_boots":2,"minecraft:sandstone":2,"minecraft:birch_boat":5,"minecraft:bow":1,"minecraft:stone_pickaxe":2,"minecraft:wooden_pickaxe":2},"minecraft:custom":{"minecraft:animals_bred":1,"minecraft:interact_with_crafting_table":61,"minecraft:open_barrel":7,"minecraft:bell_ring":1,"minecraft:leave_game":12,"minecraft:time_since_death":10114,"minecraft:sprint_one_cm":1338435,"minecraft:damage_blocked_by_shield":40,"minecraft:drop":125,"minecraft:talked_to_villager":39,"minecraft:play_time":386371,"minecraft:deaths":12,"minecraft:jump":6404,"minecraft:walk_on_water_one_cm":52595,"minecraft:interact_with_furnace":98,"minecraft:play_record":8,"minecraft:traded_with_villager":24,"minecraft:sleep_in_bed":8,"minecraft:damage_dealt":8549,"minecraft:crouch_one_cm":27725,"minecraft:interact_with_smoker":12,"minecraft:horse_one_cm":6817,"minecraft:mob_kills":63,"minecraft:walk_one_cm":746044,"minecraft:sneak_time":11403,"minecraft:walk_under_water_one_cm":24245,"minecraft:boat_one_cm":103438,"minecraft:interact_with_blast_furnace":1,"minecraft:total_world_time":386371,"minecraft:time_since_rest":10138,"minecraft:damage_taken":4591,"minecraft:swim_one_cm":93322,"minecraft:fly_one_cm":1329218,"minecraft:open_chest":144,"minecraft:fall_one_cm":168967},"minecraft:broken":{"minecraft:iron_shovel":1,"minecraft:stone_pickaxe":3,"minecraft:iron_pickaxe":2},"minecraft:mined":{"minecraft:spruce_planks":1,"minecraft:white_bed":18,"minecraft:granite":21,"minecraft:grass_block":39,"minecraft:deepslate_bricks":6,"minecraft:composter":5,"minecraft:iron_ore":30,"minecraft:cobbled_deepslate":3,"minecraft:fire":8,"minecraft:fletching_table":1,"minecraft:pointed_dripstone":5,"minecraft:dirt_path":19,"minecraft:spruce_slab":13,"minecraft:deepslate_redstone_ore":8,"minecraft:kelp_plant":2,"minecraft:smoker":1,"minecraft:torch":31,"minecraft:blast_furnace":3,"minecraft:chest":1,"minecraft:cobblestone":7,"minecraft:grindstone":1,"minecraft:oak_planks":28,"minecraft:wall_torch":32,"minecraft:chain":5,"minecraft:birch_log":10,"minecraft:yellow_wool":6,"minecraft:wheat":143,"minecraft:stripped_oak_wood":1,"minecraft:grass":49,"minecraft:oak_log":81,"minecraft:oak_fence_gate":2,"minecraft:sand":1,"minecraft:dirt":80,"minecraft:stonecutter":3,"minecraft:oak_leaves":23,"minecraft:deepslate":418,"minecraft:tuff":20,"minecraft:deepslate_diamond_ore":30,"minecraft:redstone_wire":6,"minecraft:kelp":5,"minecraft:sandstone":6,"minecraft:white_concrete_powder":1,"minecraft:deepslate_brick_slab":15,"minecraft:furnace":3,"minecraft:carrots":33,"minecraft:andesite":22,"minecraft:deepslate_iron_ore":11,"minecraft:stripped_oak_log":2,"minecraft:stone":1207,"minecraft:white_wool":6,"minecraft:oak_slab":8,"minecraft:cherry_planks":1,"minecraft:basalt":1,"minecraft:spruce_door":1,"minecraft:oak_fence":32,"minecraft:crafting_table":7,"minecraft:stone_slab":5,"minecraft:tall_grass":10,"minecraft:copper_ore":6,"minecraft:lapis_ore":8,"minecraft:diorite":23,"minecraft:purple_bed":1,"minecraft:birch_leaves":5,"minecraft:yellow_bed":3,"minecraft:coal_ore":80,"minecraft:gravel":301,"minecraft:stone_bricks":4},"minecraft:killed_by":{"minecraft:ghast":1,"minecraft:magma_cube":3,"minecraft:player":2},"minecraft:killed":{"minecraft:spider":2,"minecraft:cod":1,"minecraft:skeleton":10,"minecraft:chicken":1,"minecraft:magma_cube":16,"minecraft:pig":5,"minecraft:creeper":2,"minecraft:sheep":4,"minecraft:zombie":11,"minecraft:cow":8},"minecraft:used":{"minecraft:iron_shovel":251,"minecraft:spruce_slab":16,"minecraft:chest":4,"minecraft:shield":1,"minecraft:stone":30,"minecraft:iron_sword":32,"minecraft:rotten_flesh":10,"minecraft:iron_chestplate":1,"minecraft:carrot":98,"minecraft:deepslate_brick_slab":42,"minecraft:tuff":20,"minecraft:lava_bucket":8,"minecraft:music_disc_pigstep":8,"minecraft:stone_bricks":25,"minecraft:item_frame":2,"minecraft:deepslate_diamond_ore":23,"minecraft:bow":12,"minecraft:furnace":5,"minecraft:oak_sapling":8,"minecraft:cooked_cod":9,"minecraft:diorite":23,"minecraft:diamond_boots":3,"minecraft:oak_planks":39,"minecraft:stone_pickaxe":436,"minecraft:wooden_pickaxe":11,"minecraft:sandstone":10,"minecraft:composter":6,"minecraft:diamond_axe":323,"minecraft:sand":16,"minecraft:blast_furnace":3,"minecraft:bread":31,"minecraft:gravel":29,"minecraft:diamond_sword":24,"minecraft:grindstone":1,"minecraft:chain":7,"minecraft:bone_meal":18,"minecraft:oak_fence":28,"minecraft:flint_and_steel":8,"minecraft:redstone":6,"minecraft:spruce_planks":8,"minecraft:cooked_salmon":5,"minecraft:torch":139,"minecraft:dirt":191,"minecraft:diamond_helmet":3,"minecraft:cod_bucket":2,"minecraft:oak_fence_gate":4,"minecraft:iron_axe":4,"minecraft:diamond_chestplate":2,"minecraft:basalt":1,"minecraft:cooked_beef":6,"minecraft:cobbled_deepslate":75,"minecraft:pointed_dripstone":5,"minecraft:wheat_seeds":104,"minecraft:water_bucket":35,"minecraft:birch_boat":7,"minecraft:cherry_planks":1,"minecraft:white_dye":2,"minecraft:spruce_sign":2,"minecraft:fletching_table":5,"minecraft:stonecutter":2,"minecraft:deepslate_bricks":32,"minecraft:oak_slab":7,"minecraft:crafting_table":16,"minecraft:white_bed":21,"minecraft:smoker":1,"minecraft:diamond_pickaxe":1020,"minecraft:diamond_shovel":98,"minecraft:chicken":1,"minecraft:oak_button":8,"minecraft:iron_pickaxe":531,"minecraft:stone_slab":7,"minecraft:stone_axe":24,"minecraft:cobblestone":46,"minecraft:purple_bed":3,"minecraft:porkchop":7,"minecraft:cooked_porkchop":4,"minecraft:bucket":47,"minecraft:yellow_bed":4,"minecraft:kelp":8,"minecraft:diamond_leggings":3}},"DataVersion":3465}