{"stats":{"minecraft:dropped":{"minecraft:golden_boots":1,"minecraft:stone_axe":1,"minecraft:cobbled_deepslate":3,"minecraft:diamond":4,"minecraft:diamond_leggings":1,"minecraft:rotten_flesh":1,"minecraft:stripped_oak_log":1,"minecraft:oak_sign":1,"minecraft:andesite":25,"minecraft:diamond_helmet":1,"minecraft:gold_nugget":1,"minecraft:wooden_pickaxe":1,"minecraft:bone":5},"minecraft:broken":{"minecraft:stone_pickaxe":2,"minecraft:iron_pickaxe":2},"minecraft:used":{"minecraft:water_bucket":11,"minecraft:diorite":23,"minecraft:diamond_boots":1,"minecraft:redstone":6,"minecraft:stone_pickaxe":270,"minecraft:oak_planks":10,"minecraft:shield":1,"minecraft:wooden_pickaxe":3,"minecraft:iron_sword":32,"minecraft:diamond_axe":5,"minecraft:rotten_flesh":1,"minecraft:iron_chestplate":1,"minecraft:torch":77,"minecraft:dirt":45,"minecraft:crafting_table":6,"minecraft:cod_bucket":1,"minecraft:diamond_helmet":1,"minecraft:white_bed":1,"minecraft:tuff":20,"minecraft:diamond_pickaxe":72,"minecraft:lava_bucket":7,"minecraft:iron_axe":4,"minecraft:bread":16,"minecraft:iron_pickaxe":501,"minecraft:gravel":1,"minecraft:stone_axe":15,"minecraft:diamond_sword":13,"minecraft:cobblestone":15,"minecraft:furnace":3,"minecraft:bucket":21,"minecraft:cooked_beef":6,"minecraft:cobbled_deepslate":62,"minecraft:diamond_leggings":1},"minecraft:mined":{"minecraft:deepslate_redstone_ore":8,"minecraft:tuff":20,"minecraft:deepslate_diamond_ore":7,"minecraft:crafting_table":4,"minecraft:torch":18,"minecraft:granite":7,"minecraft:grass_block":3,"minecraft:redstone_wire":6,"minecraft:oak_planks":4,"minecraft:diorite":23,"minecraft:wall_torch":23,"minecraft:furnace":2,"minecraft:fire":1,"minecraft:iron_ore":23,"minecraft:cobbled_deepslate":3,"minecraft:andesite":13,"minecraft:grass":3,"minecraft:oak_log":18,"minecraft:coal_ore":28,"minecraft:deepslate_iron_ore":11,"minecraft:gravel":6,"minecraft:dirt":8,"minecraft:stone":259,"minecraft:oak_leaves":1,"minecraft:deepslate":418},"minecraft:picked_up":{"minecraft:stripped_oak_log":1,"minecraft:crafting_table":4,"minecraft:andesite":25,"minecraft:leather":9,"minecraft:flint":1,"minecraft:tuff":20,"minecraft:oak_log":18,"minecraft:golden_boots":2,"minecraft:dirt":50,"minecraft:bone":5,"minecraft:oak_sign":1,"minecraft:diamond_leggings":2,"minecraft:gold_nugget":1,"minecraft:cobbled_deepslate":261,"minecraft:beef":13,"minecraft:iron_nugget":3,"minecraft:diamond_helmet":2,"minecraft:sugar_cane":15,"minecraft:oak_planks":1,"minecraft:iron_sword":1,"minecraft:furnace":2,"minecraft:raw_iron":34,"minecraft:torch":46,"minecraft:gravel":15,"minecraft:diorite":23,"minecraft:redstone":42,"minecraft:diamond_chestplate":1,"minecraft:arrow":7,"minecraft:rotten_flesh":5,"minecraft:diamond":15,"minecraft:spruce_boat":1,"minecraft:granite":7,"minecraft:golden_apple":1,"minecraft:bread":16,"minecraft:mutton":8,"minecraft:coal":28,"minecraft:white_wool":4,"minecraft:cobblestone":259},"minecraft:killed_by":{"minecraft:player":1},"minecraft:crafted":{"minecraft:cooked_beef":20,"minecraft:oak_planks":72,"minecraft:diamond_sword":1,"minecraft:diamond_axe":1,"minecraft:crafting_table":2,"minecraft:wooden_pickaxe":1,"minecraft:furnace":2,"minecraft:bucket":2,"minecraft:stone_axe":1,"minecraft:cooked_mutton":8,"minecraft:air":0,"minecraft:flint_and_steel":1,"minecraft:iron_chestplate":1,"minecraft:diamond_pickaxe":1,"minecraft:shield":1,"minecraft:iron_axe":1,"minecraft:stick":32,"minecraft:iron_ingot":34,"minecraft:iron_pickaxe":2,"minecraft:stone_pickaxe":2,"minecraft:white_bed":1,"minecraft:diamond_boots":1,"minecraft:torch":40},"minecraft:killed":{"minecraft:sheep":4,"minecraft:skeleton":4,"minecraft:zombie":3,"minecraft:cow":3},"minecraft:custom":{"minecraft:interact_with_furnace":69,"minecraft:mob_kills":16,"minecraft:interact_with_crafting_table":23,"minecraft:leave_game":4,"minecraft:time_since_death":91942,"minecraft:time_since_rest":91965,"minecraft:sprint_one_cm":284715,"minecraft:damage_taken":1058,"minecraft:walk_one_cm":150834,"minecraft:damage_blocked_by_shield":40,"minecraft:drop":15,"minecraft:damage_dealt":2014,"minecraft:swim_one_cm":8623,"minecraft:fly_one_cm":298256,"minecraft:open_chest":10,"minecraft:crouch_one_cm":4036,"minecraft:play_time":93900,"minecraft:deaths":1,"minecraft:sneak_time":2067,"minecraft:walk_under_water_one_cm":3297,"minecraft:boat_one_cm":51982,"minecraft:jump":2082,"minecraft:walk_on_water_one_cm":3476,"minecraft:interact_with_smoker":2,"minecraft:total_world_time":93900,"minecraft:fall_one_cm":38932}},"DataVersion":3465}