{"stats":{"minecraft:custom":{"minecraft:time_since_rest":29059,"minecraft:sprint_one_cm":123736,"minecraft:damage_taken":816,"minecraft:walk_one_cm":64733,"minecraft:mob_kills":10,"minecraft:drop":5,"minecraft:damage_dealt":1513,"minecraft:interact_with_crafting_table":6,"minecraft:fly_one_cm":105803,"minecraft:crouch_one_cm":3523,"minecraft:play_time":30994,"minecraft:deaths":1,"minecraft:sneak_time":1831,"minecraft:walk_under_water_one_cm":907,"minecraft:jump":553,"minecraft:leave_game":2,"minecraft:time_since_death":29036,"minecraft:walk_on_water_one_cm":833,"minecraft:total_world_time":30994,"minecraft:fall_one_cm":15974},"minecraft:killed_by":{"minecraft:player":1},"minecraft:mined":{"minecraft:iron_ore":10,"minecraft:andesite":13,"minecraft:torch":11,"minecraft:crafting_table":1,"minecraft:granite":7,"minecraft:coal_ore":17,"minecraft:grass":1,"minecraft:grass_block":2,"minecraft:oak_log":18,"minecraft:deepslate_iron_ore":6,"minecraft:dirt":3,"minecraft:stone":123,"minecraft:deepslate":1,"minecraft:oak_leaves":1,"minecraft:wall_torch":8},"minecraft:picked_up":{"minecraft:raw_iron":16,"minecraft:crafting_table":1,"minecraft:andesite":17,"minecraft:leather":9,"minecraft:torch":20,"minecraft:oak_log":18,"minecraft:dirt":44,"minecraft:bone":5,"minecraft:arrow":7,"minecraft:rotten_flesh":2,"minecraft:diamond":8,"minecraft:diamond_leggings":2,"minecraft:gold_nugget":1,"minecraft:cobbled_deepslate":1,"minecraft:beef":13,"minecraft:granite":7,"minecraft:bread":16,"minecraft:diamond_helmet":2,"minecraft:coal":17,"minecraft:mutton":6,"minecraft:iron_sword":1,"minecraft:white_wool":2,"minecraft:cobblestone":123},"minecraft:crafted":{"minecraft:oak_planks":24,"minecraft:crafting_table":1,"minecraft:stick":24,"minecraft:wooden_pickaxe":1,"minecraft:stone_pickaxe":2,"minecraft:torch":12,"minecraft:stone_axe":1},"minecraft:killed":{"minecraft:sheep":2,"minecraft:skeleton":3,"minecraft:zombie":2,"minecraft:cow":3},"minecraft:dropped":{"minecraft:diamond":4,"minecraft:andesite":9,"minecraft:diamond_leggings":1,"minecraft:diamond_helmet":1,"minecraft:gold_nugget":1},"minecraft:used":{"minecraft:bread":10,"minecraft:stone_pickaxe":182,"minecraft:oak_planks":5,"minecraft:wooden_pickaxe":3,"minecraft:iron_sword":32,"minecraft:rotten_flesh":1,"minecraft:stone_axe":15,"minecraft:torch":31,"minecraft:cobblestone":15,"minecraft:crafting_table":2,"minecraft:diamond_helmet":1,"minecraft:diamond_leggings":1},"minecraft:broken":{"minecraft:stone_pickaxe":1}},"DataVersion":3465}