{"stats":{"minecraft:custom":{"minecraft:jump":33,"minecraft:time_since_rest":5629,"minecraft:crouch_one_cm":151,"minecraft:leave_game":2,"minecraft:play_time":5629,"minecraft:sprint_one_cm":9535,"minecraft:time_since_death":5629,"minecraft:walk_one_cm":4485,"minecraft:sneak_time":287,"minecraft:total_world_time":5629,"minecraft:fall_one_cm":418,"minecraft:fly_one_cm":7636},"minecraft:mined":{"minecraft:oak_log":14,"minecraft:birch_leaves":3,"minecraft:oak_leaves":10},"minecraft:picked_up":{"minecraft:oak_log":14,"minecraft:apple":1,"minecraft:oak_sapling":6},"minecraft:crafted":{"minecraft:oak_planks":56},"minecraft:used":{"minecraft:oak_sapling":6}},"DataVersion":3465}