{"stats":{"minecraft:broken":{"minecraft:iron_chestplate":1,"minecraft:golden_shovel":2,"minecraft:stone_pickaxe":1,"minecraft:stone_axe":1,"minecraft:iron_sword":1,"minecraft:iron_helmet":1,"minecraft:fishing_rod":1},"minecraft:killed":{"minecraft:spider":4,"minecraft:skeleton":16,"minecraft:magma_cube":43,"minecraft:pig":8,"minecraft:creeper":1,"minecraft:sheep":1,"minecraft:zombie":17},"minecraft:crafted":{"minecraft:wooden_sword":1,"minecraft:oak_planks":88,"minecraft:fishing_rod":1,"minecraft:birch_boat":1,"minecraft:lightning_rod":1,"minecraft:furnace":3,"minecraft:stone":56,"minecraft:diamond_shovel":1,"minecraft:cake":1,"minecraft:glass":21,"minecraft:iron_boots":1,"minecraft:iron_axe":1,"minecraft:stone_pickaxe":14,"minecraft:chest":2,"minecraft:sugar":8,"minecraft:cooked_cod":5,"minecraft:cooked_porkchop":4,"minecraft:crafting_table":2,"minecraft:baked_potato":37,"minecraft:iron_sword":1,"minecraft:cooked_salmon":2,"minecraft:copper_ingot":6,"minecraft:golden_shovel":2,"minecraft:oak_boat":1,"minecraft:iron_chestplate":2,"minecraft:diamond_pickaxe":1,"minecraft:shield":3,"minecraft:stick":60,"minecraft:iron_pickaxe":1,"minecraft:iron_ingot":63,"minecraft:birch_trapdoor":2,"minecraft:gold_ingot":2,"minecraft:iron_block":3,"minecraft:iron_leggings":1,"minecraft:anvil":1,"minecraft:torch":144,"minecraft:shears":1},"minecraft:dropped":{"minecraft:enchanted_book":2,"minecraft:bread":3,"minecraft:iron_ingot":2,"minecraft:iron_sword":1,"minecraft:black_dye":32,"minecraft:wheat_seeds":128,"minecraft:cherry_log":3,"minecraft:oak_log":55,"minecraft:diamond":11,"minecraft:crafting_table":1,"minecraft:lead":2,"minecraft:cobblestone":209,"minecraft:leather":2,"minecraft:music_disc_pigstep":1,"minecraft:spruce_door":1,"minecraft:pufferfish":2,"minecraft:golden_apple":1,"minecraft:emerald":104,"minecraft:cod":6,"minecraft:stick":194,"minecraft:dirt":5,"minecraft:ink_sac":2,"minecraft:cherry_leaves":1,"minecraft:potion":1,"minecraft:wooden_sword":1,"minecraft:sand":9,"minecraft:red_dye":1,"minecraft:string":33,"minecraft:fishing_rod":3,"minecraft:birch_log":18,"minecraft:spruce_sapling":4,"minecraft:bone":12,"minecraft:kelp":8,"minecraft:stone_axe":3,"minecraft:stone_sword":1,"minecraft:wheat":3,"minecraft:cherry_sapling":1,"minecraft:rotten_flesh":9,"minecraft:stripped_oak_log":1,"minecraft:white_bed":1,"minecraft:salmon":7,"minecraft:carrot":47,"minecraft:poppy":1,"minecraft:stone":2,"minecraft:diamond_chestplate":1,"minecraft:spruce_planks":1,"minecraft:diamond_pickaxe":3,"minecraft:andesite":2,"minecraft:oak_sapling":3,"minecraft:sandstone":4,"minecraft:spider_eye":3,"minecraft:spruce_slab":1,"minecraft:arrow":2,"minecraft:bow":7,"minecraft:stone_pickaxe":1,"minecraft:cherry_fence":2,"minecraft:oak_leaves":10},"minecraft:killed_by":{"minecraft:player":1,"minecraft:enderman":1,"minecraft:magma_cube":1},"minecraft:picked_up":{"minecraft:fishing_rod":6,"minecraft:crafting_table":11,"minecraft:iron_chestplate":4,"minecraft:wheat":47,"minecraft:lead":4,"minecraft:enchanted_book":2,"minecraft:potion":2,"minecraft:shield":3,"minecraft:string":43,"minecraft:raw_copper":36,"minecraft:iron_axe":5,"minecraft:cooked_salmon":1,"minecraft:wooden_sword":1,"minecraft:iron_leggings":4,"minecraft:pufferfish":20,"minecraft:blackstone":7,"minecraft:bucket":2,"minecraft:spruce_planks":1,"minecraft:beef":41,"minecraft:red_dye":1,"minecraft:furnace":3,"minecraft:poppy":1,"minecraft:iron_pickaxe":3,"minecraft:spruce_slab":1,"minecraft:sugar_cane":53,"minecraft:chest":2,"minecraft:birch_sapling":4,"minecraft:copper_ore":2,"minecraft:iron_boots":1,"minecraft:egg":29,"minecraft:golden_helmet":1,"minecraft:stick":231,"minecraft:raw_iron":20,"minecraft:sandstone":6,"minecraft:stone":65,"minecraft:birch_trapdoor":6,"minecraft:oak_fence":1,"minecraft:copper_ingot":3,"minecraft:torch":33,"minecraft:bowl":6,"minecraft:porkchop":37,"minecraft:cherry_log":3,"minecraft:diorite":16,"minecraft:music_disc_pigstep":2,"minecraft:carrot":132,"minecraft:black_dye":32,"minecraft:rotten_flesh":28,"minecraft:stone_sword":1,"minecraft:arrow":33,"minecraft:diamond_chestplate":2,"minecraft:cooked_cod":20,"minecraft:shears":4,"minecraft:saddle":3,"minecraft:mutton":3,"minecraft:cod":82,"minecraft:white_wool":11,"minecraft:cobblestone":994,"minecraft:nautilus_shell":2,"minecraft:stripped_oak_log":4,"minecraft:birch_log":18,"minecraft:birch_leaves":3,"minecraft:basalt":64,"minecraft:salmon":60,"minecraft:magma_cream":2,"minecraft:cherry_planks":120,"minecraft:cherry_leaves":1,"minecraft:tripwire_hook":2,"minecraft:water_bucket":4,"minecraft:andesite":44,"minecraft:leather":2,"minecraft:potato":31,"minecraft:birch_planks":344,"minecraft:oak_log":132,"minecraft:lily_pad":1,"minecraft:cherry_fence":2,"minecraft:lapis_lazuli":32,"minecraft:dirt":71,"minecraft:name_tag":2,"minecraft:leather_boots":2,"minecraft:bone":33,"minecraft:apple":4,"minecraft:kelp":21,"minecraft:bow":15,"minecraft:wheat_seeds":283,"minecraft:raw_gold":10,"minecraft:oak_fence_gate":1,"minecraft:bell":3,"minecraft:iron_ingot":2,"minecraft:stone_pickaxe":1,"minecraft:glowstone_dust":6,"minecraft:oak_planks":51,"minecraft:iron_sword":4,"minecraft:sweet_berries":34,"minecraft:quartz":20,"minecraft:dandelion":6,"minecraft:poisonous_potato":1,"minecraft:gravel":7,"minecraft:sand":230,"minecraft:spruce_sapling":4,"minecraft:ink_sac":2,"minecraft:white_bed":1,"minecraft:grass_block":4,"minecraft:spider_eye":7,"minecraft:spruce_door":3,"minecraft:iron_hoe":2,"minecraft:diamond_shovel":1,"minecraft:sugar":2,"minecraft:diamond":22,"minecraft:stone_axe":7,"minecraft:iron_helmet":2,"minecraft:granite":69,"minecraft:cherry_sapling":1,"minecraft:golden_apple":2,"minecraft:bread":3,"minecraft:emerald":110,"minecraft:baked_potato":30,"minecraft:oak_sapling":5,"minecraft:netherrack":59,"minecraft:coal":267,"minecraft:oak_leaves":19,"minecraft:diamond_pickaxe":7},"minecraft:used":{"minecraft:chest":2,"minecraft:shield":105,"minecraft:iron_sword":193,"minecraft:stone":95,"minecraft:bell":3,"minecraft:cooked_salmon":2,"minecraft:netherrack":40,"minecraft:iron_chestplate":1,"minecraft:torch":121,"minecraft:dirt":50,"minecraft:anvil":1,"minecraft:mutton":2,"minecraft:carrot":96,"minecraft:cod_bucket":1,"minecraft:salmon_bucket":4,"minecraft:golden_shovel":64,"minecraft:oak_fence_gate":1,"minecraft:glass":14,"minecraft:music_disc_pigstep":1,"minecraft:iron_axe":102,"minecraft:copper_ore":4,"minecraft:iron_helmet":1,"minecraft:iron_boots":1,"minecraft:birch_trapdoor":7,"minecraft:basalt":22,"minecraft:bow":51,"minecraft:sweet_berries":5,"minecraft:furnace":5,"minecraft:cooked_cod":12,"minecraft:iron_leggings":1,"minecraft:wheat_seeds":21,"minecraft:diorite":9,"minecraft:water_bucket":60,"minecraft:spruce_door":1,"minecraft:stone_pickaxe":300,"minecraft:birch_leaves":3,"minecraft:oak_planks":83,"minecraft:baked_potato":42,"minecraft:birch_boat":1,"minecraft:sugar_cane":30,"minecraft:leather_boots":1,"minecraft:oak_leaves":9,"minecraft:salmon":1,"minecraft:golden_apple":1,"minecraft:sand":123,"minecraft:crafting_table":8,"minecraft:cod":6,"minecraft:shears":1,"minecraft:cake":1,"minecraft:lightning_rod":1,"minecraft:oak_log":2,"minecraft:diamond_pickaxe":584,"minecraft:apple":1,"minecraft:diamond_shovel":144,"minecraft:string":2,"minecraft:iron_pickaxe":295,"minecraft:gravel":5,"minecraft:stone_axe":60,"minecraft:fishing_rod":250,"minecraft:wooden_sword":12,"minecraft:cobblestone":216,"minecraft:cooked_porkchop":4,"minecraft:bucket":63,"minecraft:oak_boat":1},"minecraft:custom":{"minecraft:mob_kills":94,"minecraft:interact_with_anvil":5,"minecraft:animals_bred":3,"minecraft:interact_with_crafting_table":54,"minecraft:bell_ring":107,"minecraft:eat_cake_slice":1,"minecraft:leave_game":20,"minecraft:time_since_death":75807,"minecraft:sprint_one_cm":1859788,"minecraft:walk_one_cm":616934,"minecraft:damage_blocked_by_shield":2801,"minecraft:drop":171,"minecraft:play_time":456656,"minecraft:deaths":5,"minecraft:sneak_time":11259,"minecraft:walk_under_water_one_cm":55910,"minecraft:boat_one_cm":120722,"minecraft:jump":6281,"minecraft:walk_on_water_one_cm":57730,"minecraft:total_world_time":456656,"minecraft:interact_with_furnace":61,"minecraft:play_record":1,"minecraft:interact_with_loom":2,"minecraft:interact_with_grindstone":1,"minecraft:sleep_in_bed":2,"minecraft:time_since_rest":75830,"minecraft:damage_taken":5394,"minecraft:damage_absorbed":40,"minecraft:damage_dealt":10830,"minecraft:swim_one_cm":132670,"minecraft:fly_one_cm":1187650,"minecraft:player_kills":5,"minecraft:open_chest":253,"minecraft:crouch_one_cm":21504,"minecraft:interact_with_smoker":12,"minecraft:fish_caught":119,"minecraft:fall_one_cm":163266,"minecraft:horse_one_cm":799},"minecraft:mined":{"minecraft:tuff":15,"minecraft:cherry_log":1,"minecraft:granite":69,"minecraft:grass_block":11,"minecraft:kelp":10,"minecraft:tall_seagrass":4,"minecraft:furnace":3,"minecraft:glowstone":5,"minecraft:carrots":6,"minecraft:iron_ore":9,"minecraft:fire":1,"minecraft:andesite":42,"minecraft:bell":1,"minecraft:potatoes":1,"minecraft:deepslate_iron_ore":6,"minecraft:stripped_oak_log":1,"minecraft:stone":505,"minecraft:tripwire":2,"minecraft:cherry_planks":1,"minecraft:blackstone":7,"minecraft:kelp_plant":2,"minecraft:basalt":69,"minecraft:spruce_door":1,"minecraft:crafting_table":7,"minecraft:torch":5,"minecraft:glass":14,"minecraft:nether_quartz_ore":21,"minecraft:copper_ore":12,"minecraft:tall_grass":3,"minecraft:cobblestone":19,"minecraft:deepslate_gold_ore":10,"minecraft:lapis_ore":4,"minecraft:sugar_cane":21,"minecraft:oak_planks":25,"minecraft:diorite":16,"minecraft:seagrass":4,"minecraft:birch_trapdoor":6,"minecraft:birch_log":1,"minecraft:wheat":30,"minecraft:birch_leaves":1,"minecraft:grass":24,"minecraft:coal_ore":138,"minecraft:oak_log":59,"minecraft:cherry_leaves":1,"minecraft:gravel":6,"minecraft:sand":205,"minecraft:dirt":12,"minecraft:netherrack":72,"minecraft:oak_leaves":32,"minecraft:deepslate":110}},"DataVersion":3465}