{"stats":{"minecraft:picked_up":{"minecraft:fishing_rod":3,"minecraft:crafting_table":3,"minecraft:iron_chestplate":1,"minecraft:wheat":3,"minecraft:potion":1,"minecraft:enchanted_book":2,"minecraft:shield":1,"minecraft:string":37,"minecraft:cooked_salmon":1,"minecraft:wooden_sword":1,"minecraft:iron_leggings":1,"minecraft:pufferfish":5,"minecraft:beef":41,"minecraft:red_dye":1,"minecraft:poppy":1,"minecraft:iron_pickaxe":1,"minecraft:chest":1,"minecraft:golden_helmet":1,"minecraft:stick":208,"minecraft:raw_iron":16,"minecraft:sandstone":4,"minecraft:stone":2,"minecraft:oak_fence":1,"minecraft:torch":1,"minecraft:bowl":2,"minecraft:porkchop":8,"minecraft:cherry_log":2,"minecraft:diorite":7,"minecraft:music_disc_pigstep":2,"minecraft:carrot":69,"minecraft:stone_sword":1,"minecraft:diamond_chestplate":2,"minecraft:arrow":25,"minecraft:rotten_flesh":19,"minecraft:cod":19,"minecraft:cobblestone":284,"minecraft:stripped_oak_log":2,"minecraft:birch_log":17,"minecraft:andesite":40,"minecraft:salmon":7,"minecraft:leather":2,"minecraft:potato":31,"minecraft:oak_log":73,"minecraft:lily_pad":1,"minecraft:lapis_lazuli":32,"minecraft:dirt":34,"minecraft:name_tag":1,"minecraft:bone":17,"minecraft:apple":1,"minecraft:kelp":5,"minecraft:bow":7,"minecraft:wheat_seeds":145,"minecraft:raw_gold":10,"minecraft:bell":3,"minecraft:oak_fence_gate":1,"minecraft:stone_pickaxe":1,"minecraft:oak_planks":28,"minecraft:sweet_berries":31,"minecraft:dandelion":6,"minecraft:gravel":1,"minecraft:sand":132,"minecraft:ink_sac":2,"minecraft:white_bed":1,"minecraft:spruce_door":2,"minecraft:spider_eye":1,"minecraft:iron_hoe":1,"minecraft:stone_axe":5,"minecraft:diamond":22,"minecraft:iron_helmet":1,"minecraft:granite":26,"minecraft:golden_apple":2,"minecraft:bread":3,"minecraft:baked_potato":1,"minecraft:oak_sapling":3,"minecraft:coal":113,"minecraft:oak_leaves":4,"minecraft:diamond_pickaxe":5},"minecraft:crafted":{"minecraft:wooden_sword":1,"minecraft:oak_planks":72,"minecraft:fishing_rod":1,"minecraft:diamond_shovel":1,"minecraft:iron_boots":1,"minecraft:cooked_porkchop":4,"minecraft:baked_potato":22,"minecraft:iron_sword":1,"minecraft:oak_boat":1,"minecraft:iron_chestplate":1,"minecraft:diamond_pickaxe":1,"minecraft:shield":2,"minecraft:iron_ingot":63,"minecraft:iron_block":3,"minecraft:anvil":1,"minecraft:torch":64},"minecraft:dropped":{"minecraft:enchanted_book":2,"minecraft:bread":3,"minecraft:wheat_seeds":64,"minecraft:cherry_log":2,"minecraft:diamond":11,"minecraft:cobblestone":122,"minecraft:leather":2,"minecraft:music_disc_pigstep":1,"minecraft:golden_apple":1,"minecraft:cod":6,"minecraft:stick":182,"minecraft:pufferfish":1,"minecraft:dirt":1,"minecraft:ink_sac":2,"minecraft:potion":1,"minecraft:wooden_sword":1,"minecraft:sand":9,"minecraft:red_dye":1,"minecraft:string":33,"minecraft:fishing_rod":3,"minecraft:birch_log":17,"minecraft:bone":1,"minecraft:stone_axe":2,"minecraft:stone_sword":1,"minecraft:wheat":3,"minecraft:rotten_flesh":9,"minecraft:white_bed":1,"minecraft:salmon":1,"minecraft:poppy":1,"minecraft:diamond_chestplate":1,"minecraft:diamond_pickaxe":2,"minecraft:oak_sapling":3,"minecraft:sandstone":2,"minecraft:arrow":1,"minecraft:bow":2,"minecraft:stone_pickaxe":1,"minecraft:oak_leaves":4},"minecraft:custom":{"minecraft:mob_kills":30,"minecraft:interact_with_anvil":3,"minecraft:animals_bred":3,"minecraft:interact_with_crafting_table":29,"minecraft:bell_ring":100,"minecraft:leave_game":7,"minecraft:time_since_death":160049,"minecraft:sprint_one_cm":697790,"minecraft:walk_one_cm":235018,"minecraft:damage_blocked_by_shield":1515,"minecraft:drop":116,"minecraft:play_time":160049,"minecraft:sneak_time":1673,"minecraft:walk_under_water_one_cm":23373,"minecraft:boat_one_cm":45118,"minecraft:jump":1967,"minecraft:walk_on_water_one_cm":20015,"minecraft:total_world_time":160049,"minecraft:interact_with_furnace":24,"minecraft:play_record":1,"minecraft:sleep_in_bed":1,"minecraft:time_since_rest":19057,"minecraft:damage_taken":2171,"minecraft:damage_dealt":5599,"minecraft:swim_one_cm":72408,"minecraft:fly_one_cm":396386,"minecraft:player_kills":4,"minecraft:open_chest":109,"minecraft:crouch_one_cm":2194,"minecraft:interact_with_smoker":7,"minecraft:fish_caught":16,"minecraft:fall_one_cm":48668},"minecraft:broken":{"minecraft:iron_chestplate":1,"minecraft:iron_sword":1,"minecraft:fishing_rod":1},"minecraft:mined":{"minecraft:tuff":15,"minecraft:granite":26,"minecraft:grass_block":3,"minecraft:kelp":5,"minecraft:tall_seagrass":2,"minecraft:carrots":4,"minecraft:iron_ore":8,"minecraft:fire":1,"minecraft:andesite":40,"minecraft:bell":1,"minecraft:potatoes":1,"minecraft:deepslate_iron_ore":6,"minecraft:stone":99,"minecraft:tripwire":2,"minecraft:spruce_door":1,"minecraft:torch":3,"minecraft:tall_grass":1,"minecraft:lapis_ore":4,"minecraft:deepslate_gold_ore":10,"minecraft:oak_planks":16,"minecraft:diorite":7,"minecraft:seagrass":1,"minecraft:wheat":1,"minecraft:grass":6,"minecraft:oak_log":2,"minecraft:coal_ore":64,"minecraft:sand":140,"minecraft:dirt":9,"minecraft:deepslate":110},"minecraft:killed":{"minecraft:spider":1,"minecraft:skeleton":7,"minecraft:pig":5,"minecraft:creeper":1,"minecraft:zombie":14},"minecraft:used":{"minecraft:shield":73,"minecraft:iron_sword":59,"minecraft:bell":3,"minecraft:iron_chestplate":1,"minecraft:torch":64,"minecraft:dirt":25,"minecraft:anvil":1,"minecraft:carrot":52,"minecraft:oak_fence_gate":1,"minecraft:music_disc_pigstep":1,"minecraft:iron_helmet":1,"minecraft:iron_boots":1,"minecraft:bow":27,"minecraft:spruce_door":1,"minecraft:baked_potato":17,"minecraft:oak_planks":66,"minecraft:sand":84,"minecraft:crafting_table":1,"minecraft:oak_log":2,"minecraft:diamond_pickaxe":410,"minecraft:diamond_shovel":144,"minecraft:string":2,"minecraft:stone_axe":55,"minecraft:fishing_rod":82,"minecraft:wooden_sword":12,"minecraft:cobblestone":21,"minecraft:cooked_porkchop":4,"minecraft:oak_boat":1}},"DataVersion":3465}