{"stats":{"minecraft:picked_up":{"minecraft:birch_log":17,"minecraft:fishing_rod":3,"minecraft:crafting_table":1,"minecraft:iron_chestplate":1,"minecraft:wheat":3,"minecraft:andesite":40,"minecraft:salmon":3,"minecraft:leather":2,"minecraft:potion":1,"minecraft:oak_log":73,"minecraft:shield":1,"minecraft:lapis_lazuli":32,"minecraft:dirt":31,"minecraft:cooked_salmon":1,"minecraft:name_tag":1,"minecraft:iron_leggings":1,"minecraft:pufferfish":2,"minecraft:bone":16,"minecraft:bow":5,"minecraft:wheat_seeds":124,"minecraft:raw_gold":10,"minecraft:beef":41,"minecraft:stone_pickaxe":1,"minecraft:red_dye":1,"minecraft:poppy":1,"minecraft:oak_planks":16,"minecraft:golden_helmet":1,"minecraft:raw_iron":14,"minecraft:stick":141,"minecraft:stone":2,"minecraft:sweet_berries":23,"minecraft:oak_fence":1,"minecraft:torch":1,"minecraft:dandelion":6,"minecraft:cherry_log":2,"minecraft:diorite":7,"minecraft:white_bed":1,"minecraft:carrot":65,"minecraft:spider_eye":1,"minecraft:stone_sword":1,"minecraft:arrow":19,"minecraft:rotten_flesh":17,"minecraft:stone_axe":4,"minecraft:iron_helmet":1,"minecraft:granite":26,"minecraft:golden_apple":2,"minecraft:bread":3,"minecraft:coal":34,"minecraft:cod":13,"minecraft:cobblestone":277,"minecraft:diamond_pickaxe":4},"minecraft:crafted":{"minecraft:oak_planks":64,"minecraft:cooked_porkchop":4,"minecraft:diamond_pickaxe":1,"minecraft:torch":64},"minecraft:dropped":{"minecraft:bread":3,"minecraft:stone_axe":1,"minecraft:wheat_seeds":64,"minecraft:cherry_log":2,"minecraft:stone_sword":1,"minecraft:wheat":3,"minecraft:cobblestone":122,"minecraft:rotten_flesh":9,"minecraft:leather":2,"minecraft:white_bed":1,"minecraft:salmon":1,"minecraft:golden_apple":1,"minecraft:cod":6,"minecraft:stick":110,"minecraft:pufferfish":1,"minecraft:poppy":1,"minecraft:dirt":1,"minecraft:diamond_pickaxe":2,"minecraft:potion":1,"minecraft:red_dye":1,"minecraft:bow":1,"minecraft:stone_pickaxe":1,"minecraft:fishing_rod":2,"minecraft:birch_log":17},"minecraft:custom":{"minecraft:interact_with_furnace":13,"minecraft:mob_kills":24,"minecraft:interact_with_anvil":2,"minecraft:interact_with_crafting_table":9,"minecraft:leave_game":4,"minecraft:time_since_death":66382,"minecraft:time_since_rest":66382,"minecraft:sprint_one_cm":266703,"minecraft:damage_taken":1098,"minecraft:walk_one_cm":89131,"minecraft:damage_blocked_by_shield":892,"minecraft:drop":28,"minecraft:damage_dealt":4344,"minecraft:swim_one_cm":41239,"minecraft:fly_one_cm":185060,"minecraft:player_kills":2,"minecraft:open_chest":55,"minecraft:crouch_one_cm":1317,"minecraft:play_time":66382,"minecraft:sneak_time":936,"minecraft:walk_under_water_one_cm":5984,"minecraft:boat_one_cm":12063,"minecraft:jump":937,"minecraft:walk_on_water_one_cm":9468,"minecraft:interact_with_smoker":1,"minecraft:total_world_time":66382,"minecraft:fish_caught":7,"minecraft:fall_one_cm":18508},"minecraft:broken":{"minecraft:iron_sword":1},"minecraft:mined":{"minecraft:tuff":15,"minecraft:torch":1,"minecraft:granite":26,"minecraft:deepslate_gold_ore":10,"minecraft:lapis_ore":4,"minecraft:oak_planks":6,"minecraft:diorite":7,"minecraft:iron_ore":8,"minecraft:andesite":40,"minecraft:grass":6,"minecraft:coal_ore":35,"minecraft:oak_log":2,"minecraft:deepslate_iron_ore":6,"minecraft:dirt":8,"minecraft:stone":91,"minecraft:deepslate":110},"minecraft:killed":{"minecraft:creeper":1,"minecraft:skeleton":7,"minecraft:zombie":14},"minecraft:used":{"minecraft:oak_planks":48,"minecraft:shield":60,"minecraft:iron_sword":43,"minecraft:torch":59,"minecraft:dirt":25,"minecraft:crafting_table":1,"minecraft:carrot":32,"minecraft:oak_log":2,"minecraft:diamond_pickaxe":366,"minecraft:iron_helmet":1,"minecraft:stone_axe":55,"minecraft:fishing_rod":14,"minecraft:cobblestone":21,"minecraft:bow":14,"minecraft:cooked_porkchop":2}},"DataVersion":3465}