{"stats":{"minecraft:picked_up":{"minecraft:fishing_rod":6,"minecraft:iron_chestplate":2,"minecraft:crafting_table":3,"minecraft:wheat":3,"minecraft:lead":4,"minecraft:potion":2,"minecraft:enchanted_book":2,"minecraft:shield":1,"minecraft:string":37,"minecraft:cooked_salmon":1,"minecraft:wooden_sword":1,"minecraft:iron_leggings":2,"minecraft:pufferfish":17,"minecraft:blackstone":7,"minecraft:beef":41,"minecraft:red_dye":1,"minecraft:poppy":1,"minecraft:iron_pickaxe":1,"minecraft:chest":2,"minecraft:iron_boots":1,"minecraft:golden_helmet":1,"minecraft:stick":211,"minecraft:raw_iron":16,"minecraft:sandstone":6,"minecraft:stone":4,"minecraft:oak_fence":1,"minecraft:torch":5,"minecraft:bowl":6,"minecraft:porkchop":16,"minecraft:cherry_log":2,"minecraft:music_disc_pigstep":2,"minecraft:diorite":7,"minecraft:carrot":69,"minecraft:stone_sword":1,"minecraft:rotten_flesh":21,"minecraft:arrow":28,"minecraft:diamond_chestplate":2,"minecraft:saddle":3,"minecraft:cod":59,"minecraft:cobblestone":291,"minecraft:nautilus_shell":2,"minecraft:stripped_oak_log":2,"minecraft:birch_log":17,"minecraft:basalt":64,"minecraft:magma_cream":2,"minecraft:tripwire_hook":2,"minecraft:salmon":24,"minecraft:andesite":40,"minecraft:leather":2,"minecraft:potato":31,"minecraft:oak_log":73,"minecraft:lily_pad":1,"minecraft:lapis_lazuli":32,"minecraft:dirt":57,"minecraft:name_tag":2,"minecraft:bone":23,"minecraft:apple":2,"minecraft:kelp":21,"minecraft:bow":11,"minecraft:wheat_seeds":218,"minecraft:raw_gold":10,"minecraft:bell":3,"minecraft:oak_fence_gate":1,"minecraft:stone_pickaxe":1,"minecraft:glowstone_dust":6,"minecraft:iron_sword":1,"minecraft:oak_planks":42,"minecraft:sweet_berries":31,"minecraft:quartz":20,"minecraft:dandelion":6,"minecraft:gravel":7,"minecraft:sand":171,"minecraft:ink_sac":2,"minecraft:white_bed":1,"minecraft:spider_eye":3,"minecraft:spruce_door":3,"minecraft:iron_hoe":2,"minecraft:diamond_shovel":1,"minecraft:diamond":22,"minecraft:stone_axe":6,"minecraft:iron_helmet":2,"minecraft:granite":26,"minecraft:golden_apple":2,"minecraft:bread":3,"minecraft:baked_potato":6,"minecraft:oak_sapling":3,"minecraft:netherrack":59,"minecraft:coal":136,"minecraft:oak_leaves":4,"minecraft:diamond_pickaxe":6},"minecraft:killed_by":{"minecraft:enderman":1,"minecraft:magma_cube":1},"minecraft:killed":{"minecraft:spider":2,"minecraft:skeleton":13,"minecraft:magma_cube":43,"minecraft:pig":5,"minecraft:creeper":1,"minecraft:zombie":14},"minecraft:used":{"minecraft:shield":80,"minecraft:iron_sword":157,"minecraft:bell":3,"minecraft:cooked_salmon":2,"minecraft:netherrack":40,"minecraft:iron_chestplate":1,"minecraft:torch":66,"minecraft:dirt":48,"minecraft:anvil":1,"minecraft:carrot":63,"minecraft:oak_fence_gate":1,"minecraft:music_disc_pigstep":1,"minecraft:iron_helmet":1,"minecraft:iron_boots":1,"minecraft:basalt":22,"minecraft:bow":51,"minecraft:sweet_berries":5,"minecraft:spruce_door":1,"minecraft:baked_potato":22,"minecraft:oak_planks":79,"minecraft:golden_apple":1,"minecraft:sand":123,"minecraft:crafting_table":1,"minecraft:cod":6,"minecraft:oak_log":2,"minecraft:diamond_pickaxe":584,"minecraft:apple":1,"minecraft:diamond_shovel":144,"minecraft:string":2,"minecraft:gravel":5,"minecraft:stone_axe":55,"minecraft:fishing_rod":192,"minecraft:wooden_sword":12,"minecraft:cobblestone":85,"minecraft:cooked_porkchop":4,"minecraft:oak_boat":1},"minecraft:custom":{"minecraft:mob_kills":82,"minecraft:interact_with_anvil":4,"minecraft:animals_bred":3,"minecraft:interact_with_crafting_table":30,"minecraft:bell_ring":100,"minecraft:leave_game":13,"minecraft:time_since_death":80,"minecraft:sprint_one_cm":916328,"minecraft:walk_one_cm":328759,"minecraft:damage_blocked_by_shield":1945,"minecraft:drop":131,"minecraft:play_time":244264,"minecraft:deaths":3,"minecraft:sneak_time":4311,"minecraft:walk_under_water_one_cm":28032,"minecraft:boat_one_cm":56593,"minecraft:jump":3169,"minecraft:walk_on_water_one_cm":27850,"minecraft:total_world_time":244264,"minecraft:interact_with_furnace":29,"minecraft:play_record":1,"minecraft:interact_with_loom":1,"minecraft:sleep_in_bed":1,"minecraft:time_since_rest":108,"minecraft:damage_taken":3645,"minecraft:damage_absorbed":40,"minecraft:damage_dealt":8473,"minecraft:swim_one_cm":79173,"minecraft:fly_one_cm":581633,"minecraft:player_kills":4,"minecraft:open_chest":149,"minecraft:crouch_one_cm":8246,"minecraft:interact_with_smoker":10,"minecraft:fish_caught":83,"minecraft:fall_one_cm":86668},"minecraft:dropped":{"minecraft:enchanted_book":2,"minecraft:bread":3,"minecraft:wheat_seeds":128,"minecraft:cherry_log":2,"minecraft:diamond":11,"minecraft:lead":2,"minecraft:cobblestone":129,"minecraft:leather":2,"minecraft:music_disc_pigstep":1,"minecraft:spruce_door":1,"minecraft:golden_apple":1,"minecraft:cod":6,"minecraft:stick":182,"minecraft:pufferfish":2,"minecraft:dirt":1,"minecraft:ink_sac":2,"minecraft:potion":1,"minecraft:wooden_sword":1,"minecraft:sand":9,"minecraft:red_dye":1,"minecraft:string":33,"minecraft:fishing_rod":3,"minecraft:birch_log":17,"minecraft:bone":5,"minecraft:stone_axe":2,"minecraft:kelp":8,"minecraft:stone_sword":1,"minecraft:wheat":3,"minecraft:rotten_flesh":9,"minecraft:white_bed":1,"minecraft:salmon":1,"minecraft:poppy":1,"minecraft:stone":2,"minecraft:diamond_chestplate":1,"minecraft:diamond_pickaxe":2,"minecraft:oak_sapling":3,"minecraft:spider_eye":1,"minecraft:sandstone":4,"minecraft:bow":6,"minecraft:arrow":1,"minecraft:stone_pickaxe":1,"minecraft:oak_leaves":4},"minecraft:mined":{"minecraft:tuff":15,"minecraft:granite":26,"minecraft:grass_block":5,"minecraft:kelp":10,"minecraft:tall_seagrass":2,"minecraft:glowstone":5,"minecraft:carrots":4,"minecraft:iron_ore":8,"minecraft:fire":1,"minecraft:andesite":40,"minecraft:bell":1,"minecraft:potatoes":1,"minecraft:deepslate_iron_ore":6,"minecraft:stone":99,"minecraft:tripwire":2,"minecraft:blackstone":7,"minecraft:kelp_plant":1,"minecraft:basalt":69,"minecraft:spruce_door":1,"minecraft:torch":3,"minecraft:nether_quartz_ore":21,"minecraft:tall_grass":1,"minecraft:deepslate_gold_ore":10,"minecraft:lapis_ore":4,"minecraft:oak_planks":18,"minecraft:diorite":7,"minecraft:seagrass":1,"minecraft:wheat":3,"minecraft:grass":10,"minecraft:oak_log":2,"minecraft:coal_ore":64,"minecraft:gravel":6,"minecraft:sand":140,"minecraft:dirt":11,"minecraft:netherrack":72,"minecraft:deepslate":110},"minecraft:broken":{"minecraft:iron_chestplate":1,"minecraft:iron_sword":1,"minecraft:iron_helmet":1,"minecraft:fishing_rod":1},"minecraft:crafted":{"minecraft:wooden_sword":1,"minecraft:oak_planks":72,"minecraft:fishing_rod":1,"minecraft:diamond_shovel":1,"minecraft:iron_boots":1,"minecraft:cooked_porkchop":4,"minecraft:baked_potato":22,"minecraft:iron_sword":1,"minecraft:cooked_salmon":2,"minecraft:oak_boat":1,"minecraft:iron_chestplate":1,"minecraft:diamond_pickaxe":1,"minecraft:shield":2,"minecraft:iron_ingot":63,"minecraft:iron_block":3,"minecraft:anvil":1,"minecraft:torch":64}},"DataVersion":3465}