{"stats":{"minecraft:broken":{"minecraft:iron_chestplate":1,"minecraft:iron_sword":1,"minecraft:iron_helmet":1,"minecraft:fishing_rod":1},"minecraft:killed":{"minecraft:spider":2,"minecraft:skeleton":14,"minecraft:magma_cube":43,"minecraft:pig":8,"minecraft:creeper":1,"minecraft:zombie":14},"minecraft:crafted":{"minecraft:wooden_sword":1,"minecraft:oak_planks":88,"minecraft:fishing_rod":1,"minecraft:furnace":1,"minecraft:diamond_shovel":1,"minecraft:iron_boots":1,"minecraft:iron_axe":1,"minecraft:sugar":4,"minecraft:cooked_cod":5,"minecraft:cooked_porkchop":4,"minecraft:crafting_table":1,"minecraft:baked_potato":37,"minecraft:iron_sword":1,"minecraft:cooked_salmon":2,"minecraft:oak_boat":1,"minecraft:iron_chestplate":2,"minecraft:diamond_pickaxe":1,"minecraft:shield":3,"minecraft:stick":16,"minecraft:iron_pickaxe":1,"minecraft:iron_ingot":63,"minecraft:iron_block":3,"minecraft:iron_leggings":1,"minecraft:anvil":1,"minecraft:torch":96,"minecraft:shears":1},"minecraft:dropped":{"minecraft:enchanted_book":2,"minecraft:bread":3,"minecraft:wheat_seeds":128,"minecraft:cherry_log":3,"minecraft:oak_log":55,"minecraft:diamond":11,"minecraft:lead":2,"minecraft:cobblestone":129,"minecraft:leather":2,"minecraft:music_disc_pigstep":1,"minecraft:spruce_door":1,"minecraft:golden_apple":1,"minecraft:cod":6,"minecraft:stick":182,"minecraft:pufferfish":2,"minecraft:dirt":1,"minecraft:ink_sac":2,"minecraft:cherry_leaves":1,"minecraft:potion":1,"minecraft:wooden_sword":1,"minecraft:sand":9,"minecraft:red_dye":1,"minecraft:string":33,"minecraft:fishing_rod":3,"minecraft:birch_log":18,"minecraft:bone":5,"minecraft:stone_axe":2,"minecraft:kelp":8,"minecraft:stone_sword":1,"minecraft:wheat":3,"minecraft:rotten_flesh":9,"minecraft:white_bed":1,"minecraft:salmon":1,"minecraft:poppy":1,"minecraft:stone":2,"minecraft:diamond_chestplate":1,"minecraft:diamond_pickaxe":2,"minecraft:oak_sapling":3,"minecraft:spider_eye":1,"minecraft:sandstone":4,"minecraft:bow":6,"minecraft:arrow":1,"minecraft:stone_pickaxe":1,"minecraft:oak_leaves":10},"minecraft:killed_by":{"minecraft:enderman":1,"minecraft:magma_cube":1},"minecraft:picked_up":{"minecraft:fishing_rod":6,"minecraft:iron_chestplate":2,"minecraft:crafting_table":3,"minecraft:wheat":3,"minecraft:lead":4,"minecraft:potion":2,"minecraft:enchanted_book":2,"minecraft:shield":1,"minecraft:string":37,"minecraft:cooked_salmon":1,"minecraft:wooden_sword":1,"minecraft:iron_leggings":2,"minecraft:pufferfish":17,"minecraft:blackstone":7,"minecraft:beef":41,"minecraft:red_dye":1,"minecraft:poppy":1,"minecraft:iron_pickaxe":1,"minecraft:sugar_cane":50,"minecraft:chest":2,"minecraft:egg":16,"minecraft:copper_ore":2,"minecraft:iron_boots":1,"minecraft:golden_helmet":1,"minecraft:stick":215,"minecraft:raw_iron":16,"minecraft:sandstone":6,"minecraft:stone":18,"minecraft:oak_fence":1,"minecraft:torch":5,"minecraft:bowl":6,"minecraft:porkchop":23,"minecraft:cherry_log":3,"minecraft:music_disc_pigstep":2,"minecraft:diorite":16,"minecraft:carrot":69,"minecraft:rotten_flesh":21,"minecraft:stone_sword":1,"minecraft:arrow":30,"minecraft:diamond_chestplate":2,"minecraft:saddle":3,"minecraft:cod":59,"minecraft:cobblestone":434,"minecraft:nautilus_shell":2,"minecraft:stripped_oak_log":3,"minecraft:birch_log":18,"minecraft:birch_leaves":3,"minecraft:water_bucket":1,"minecraft:cherry_leaves":1,"minecraft:basalt":64,"minecraft:magma_cream":2,"minecraft:tripwire_hook":2,"minecraft:salmon":24,"minecraft:andesite":42,"minecraft:leather":2,"minecraft:potato":31,"minecraft:oak_log":132,"minecraft:lily_pad":1,"minecraft:lapis_lazuli":32,"minecraft:dirt":60,"minecraft:name_tag":2,"minecraft:bone":25,"minecraft:apple":3,"minecraft:kelp":21,"minecraft:bow":11,"minecraft:wheat_seeds":218,"minecraft:raw_gold":10,"minecraft:bell":3,"minecraft:oak_fence_gate":1,"minecraft:stone_pickaxe":1,"minecraft:glowstone_dust":6,"minecraft:iron_sword":1,"minecraft:oak_planks":47,"minecraft:sweet_berries":31,"minecraft:quartz":20,"minecraft:dandelion":6,"minecraft:poisonous_potato":1,"minecraft:gravel":7,"minecraft:sand":171,"minecraft:ink_sac":2,"minecraft:white_bed":1,"minecraft:spider_eye":3,"minecraft:spruce_door":3,"minecraft:iron_hoe":2,"minecraft:diamond_shovel":1,"minecraft:diamond":22,"minecraft:stone_axe":6,"minecraft:iron_helmet":2,"minecraft:granite":26,"minecraft:golden_apple":2,"minecraft:bread":3,"minecraft:baked_potato":6,"minecraft:oak_sapling":5,"minecraft:netherrack":59,"minecraft:coal":188,"minecraft:oak_leaves":19,"minecraft:diamond_pickaxe":6},"minecraft:used":{"minecraft:shield":95,"minecraft:stone":14,"minecraft:iron_sword":165,"minecraft:bell":3,"minecraft:cooked_salmon":2,"minecraft:netherrack":40,"minecraft:iron_chestplate":1,"minecraft:torch":83,"minecraft:dirt":49,"minecraft:anvil":1,"minecraft:carrot":63,"minecraft:oak_fence_gate":1,"minecraft:music_disc_pigstep":1,"minecraft:iron_axe":80,"minecraft:copper_ore":2,"minecraft:iron_helmet":1,"minecraft:iron_boots":1,"minecraft:basalt":22,"minecraft:bow":51,"minecraft:sweet_berries":5,"minecraft:cooked_cod":12,"minecraft:diorite":9,"minecraft:water_bucket":4,"minecraft:spruce_door":1,"minecraft:birch_leaves":3,"minecraft:oak_planks":82,"minecraft:baked_potato":26,"minecraft:sugar_cane":30,"minecraft:leather_boots":1,"minecraft:oak_leaves":9,"minecraft:golden_apple":1,"minecraft:sand":123,"minecraft:crafting_table":1,"minecraft:cod":6,"minecraft:shears":1,"minecraft:oak_log":2,"minecraft:diamond_pickaxe":584,"minecraft:apple":1,"minecraft:diamond_shovel":144,"minecraft:iron_pickaxe":219,"minecraft:string":2,"minecraft:gravel":5,"minecraft:stone_axe":55,"minecraft:fishing_rod":192,"minecraft:wooden_sword":12,"minecraft:cobblestone":203,"minecraft:cooked_porkchop":4,"minecraft:bucket":4,"minecraft:oak_boat":1},"minecraft:custom":{"minecraft:mob_kills":86,"minecraft:interact_with_anvil":4,"minecraft:animals_bred":3,"minecraft:interact_with_crafting_table":37,"minecraft:bell_ring":107,"minecraft:leave_game":14,"minecraft:time_since_death":57103,"minecraft:sprint_one_cm":1235813,"minecraft:walk_one_cm":425825,"minecraft:damage_blocked_by_shield":2245,"minecraft:drop":142,"minecraft:play_time":301287,"minecraft:deaths":3,"minecraft:sneak_time":7839,"minecraft:walk_under_water_one_cm":28032,"minecraft:boat_one_cm":56593,"minecraft:jump":4367,"minecraft:walk_on_water_one_cm":29131,"minecraft:total_world_time":301287,"minecraft:interact_with_furnace":31,"minecraft:play_record":1,"minecraft:interact_with_loom":1,"minecraft:interact_with_grindstone":1,"minecraft:sleep_in_bed":1,"minecraft:time_since_rest":57131,"minecraft:damage_taken":4018,"minecraft:damage_absorbed":40,"minecraft:damage_dealt":8883,"minecraft:fly_one_cm":791211,"minecraft:swim_one_cm":79173,"minecraft:player_kills":4,"minecraft:open_chest":175,"minecraft:crouch_one_cm":15986,"minecraft:interact_with_smoker":12,"minecraft:fish_caught":83,"minecraft:fall_one_cm":116136},"minecraft:mined":{"minecraft:tuff":15,"minecraft:cherry_log":1,"minecraft:granite":26,"minecraft:grass_block":8,"minecraft:kelp":10,"minecraft:tall_seagrass":2,"minecraft:glowstone":5,"minecraft:carrots":4,"minecraft:iron_ore":8,"minecraft:fire":1,"minecraft:andesite":42,"minecraft:bell":1,"minecraft:potatoes":1,"minecraft:deepslate_iron_ore":6,"minecraft:stripped_oak_log":1,"minecraft:stone":238,"minecraft:tripwire":2,"minecraft:blackstone":7,"minecraft:kelp_plant":1,"minecraft:basalt":69,"minecraft:spruce_door":1,"minecraft:torch":3,"minecraft:cobblestone":11,"minecraft:nether_quartz_ore":21,"minecraft:tall_grass":1,"minecraft:deepslate_gold_ore":10,"minecraft:lapis_ore":4,"minecraft:sugar_cane":20,"minecraft:oak_planks":21,"minecraft:diorite":16,"minecraft:seagrass":1,"minecraft:birch_log":1,"minecraft:wheat":3,"minecraft:birch_leaves":1,"minecraft:grass":17,"minecraft:oak_log":59,"minecraft:coal_ore":117,"minecraft:cherry_leaves":1,"minecraft:gravel":6,"minecraft:sand":140,"minecraft:dirt":11,"minecraft:netherrack":72,"minecraft:oak_leaves":32,"minecraft:deepslate":110}},"DataVersion":3465}