{"stats":{"minecraft:broken":{"minecraft:stone_axe":1},"minecraft:dropped":{"minecraft:cobblestone":1,"minecraft:arrow":2,"minecraft:magma_cream":1},"minecraft:mined":{"minecraft:cherry_planks":2,"minecraft:birch_door":3,"minecraft:stone":2,"minecraft:oak_leaves":5},"minecraft:used":{"minecraft:birch_door":3,"minecraft:diamond_pickaxe":2,"minecraft:music_disc_pigstep":4,"minecraft:cherry_planks":2,"minecraft:stone":1,"minecraft:iron_boots":1,"minecraft:stone_axe":27,"minecraft:iron_chestplate":1,"minecraft:wooden_sword":46,"minecraft:cobblestone":14,"minecraft:oak_sapling":1,"minecraft:carrot":16},"minecraft:picked_up":{"minecraft:birch_door":3,"minecraft:iron_chestplate":1,"minecraft:magma_cream":1,"minecraft:stone":3,"minecraft:cherry_planks":2,"minecraft:oak_log":20,"minecraft:music_disc_pigstep":4,"minecraft:carrot":18,"minecraft:arrow":2,"minecraft:bone":2,"minecraft:stone_axe":1,"minecraft:golden_apple":3,"minecraft:oak_sapling":1,"minecraft:iron_boots":1,"minecraft:cobblestone":5,"minecraft:diamond_pickaxe":1},"minecraft:crafted":{"minecraft:wooden_sword":1,"minecraft:oak_planks":80,"minecraft:stick":32,"minecraft:stone_sword":1,"minecraft:stone_axe":1},"minecraft:killed":{"minecraft:magma_cube":8},"minecraft:custom":{"minecraft:time_since_rest":33767,"minecraft:sprint_one_cm":156352,"minecraft:damage_taken":319,"minecraft:walk_one_cm":137524,"minecraft:mob_kills":8,"minecraft:drop":4,"minecraft:damage_dealt":349,"minecraft:play_record":4,"minecraft:interact_with_crafting_table":2,"minecraft:fly_one_cm":79307,"minecraft:open_chest":45,"minecraft:crouch_one_cm":4438,"minecraft:play_time":33767,"minecraft:sneak_time":1797,"minecraft:walk_under_water_one_cm":658,"minecraft:jump":488,"minecraft:leave_game":1,"minecraft:walk_on_water_one_cm":1303,"minecraft:time_since_death":33767,"minecraft:total_world_time":33767,"minecraft:fall_one_cm":9753}},"DataVersion":3465}