{"stats":{"minecraft:custom":{"minecraft:interact_with_furnace":1,"minecraft:mob_kills":24,"minecraft:play_record":10,"minecraft:interact_with_crafting_table":8,"minecraft:interact_with_stonecutter":1,"minecraft:leave_game":2,"minecraft:time_since_death":114187,"minecraft:sleep_in_bed":4,"minecraft:time_since_rest":4654,"minecraft:walk_one_cm":321811,"minecraft:sprint_one_cm":543863,"minecraft:damage_taken":1381,"minecraft:damage_absorbed":20,"minecraft:drop":14,"minecraft:damage_dealt":2771,"minecraft:talked_to_villager":6,"minecraft:fly_one_cm":288735,"minecraft:open_chest":85,"minecraft:crouch_one_cm":10504,"minecraft:play_time":114187,"minecraft:sneak_time":4009,"minecraft:walk_under_water_one_cm":748,"minecraft:boat_one_cm":305080,"minecraft:jump":1681,"minecraft:walk_on_water_one_cm":2465,"minecraft:total_world_time":114187,"minecraft:fish_caught":3,"minecraft:fall_one_cm":35069},"minecraft:broken":{"minecraft:stone_axe":1,"minecraft:iron_boots":1},"minecraft:used":{"minecraft:wheat_seeds":1,"minecraft:stone_sword":99,"minecraft:baked_potato":16,"minecraft:cherry_planks":2,"minecraft:stone":1,"minecraft:stone_hoe":18,"minecraft:iron_chestplate":1,"minecraft:golden_apple":1,"minecraft:dirt":9,"minecraft:mutton":3,"minecraft:crafting_table":2,"minecraft:carrot":59,"minecraft:white_bed":1,"minecraft:birch_door":3,"minecraft:diamond_pickaxe":73,"minecraft:music_disc_pigstep":10,"minecraft:iron_boots":1,"minecraft:gravel":1,"minecraft:stone_axe":31,"minecraft:fishing_rod":11,"minecraft:wooden_sword":46,"minecraft:cobblestone":119,"minecraft:beef":1,"minecraft:sweet_berries":28,"minecraft:porkchop":3,"minecraft:oak_sapling":3,"minecraft:oak_boat":2},"minecraft:mined":{"minecraft:white_bed":1,"minecraft:cherry_planks":2,"minecraft:crafting_table":1,"minecraft:torch":1,"minecraft:grass_block":5,"minecraft:dead_bush":2,"minecraft:tall_grass":3,"minecraft:cobblestone":32,"minecraft:sugar_cane":15,"minecraft:composter":2,"minecraft:carrots":17,"minecraft:wheat":1,"minecraft:sweet_berry_bush":16,"minecraft:birch_door":3,"minecraft:bee_nest":1,"minecraft:grass":16,"minecraft:dirt":4,"minecraft:stone":30,"minecraft:oak_leaves":16},"minecraft:crafted":{"minecraft:wooden_sword":1,"minecraft:oak_planks":80,"minecraft:crafting_table":1,"minecraft:stone_axe":1,"minecraft:oak_boat":1,"minecraft:stick":56,"minecraft:stone_sword":1,"minecraft:stone_hoe":1},"minecraft:dropped":{"minecraft:spruce_sign":3,"minecraft:wheat_seeds":1,"minecraft:stone_sword":1,"minecraft:cobblestone":1,"minecraft:rotten_flesh":2,"minecraft:music_disc_pigstep":1,"minecraft:arrow":4,"minecraft:magma_cream":1},"minecraft:killed":{"minecraft:wolf":1,"minecraft:magma_cube":8,"minecraft:pig":1,"minecraft:spider":1,"minecraft:sheep":3,"minecraft:skeleton":3,"minecraft:zombie":1,"minecraft:villager":5,"minecraft:cow":1},"minecraft:picked_up":{"minecraft:fishing_rod":1,"minecraft:crafting_table":1,"minecraft:iron_chestplate":1,"minecraft:birch_door":3,"minecraft:magma_cream":1,"minecraft:cherry_planks":2,"minecraft:salmon":1,"minecraft:leather":1,"minecraft:oak_log":20,"minecraft:dirt":9,"minecraft:pufferfish":1,"minecraft:bone":3,"minecraft:wheat_seeds":2,"minecraft:beef":1,"minecraft:oak_boat":2,"minecraft:sugar_cane":24,"minecraft:iron_boots":1,"minecraft:stick":3,"minecraft:stone":5,"minecraft:sweet_berries":28,"minecraft:composter":2,"minecraft:gravel":1,"minecraft:porkchop":3,"minecraft:carrot":59,"minecraft:music_disc_pigstep":11,"minecraft:white_bed":1,"minecraft:stone_sword":1,"minecraft:arrow":4,"minecraft:rotten_flesh":2,"minecraft:stone_axe":1,"minecraft:golden_apple":3,"minecraft:spruce_sign":3,"minecraft:baked_potato":16,"minecraft:oak_sapling":3,"minecraft:mutton":5,"minecraft:cod":1,"minecraft:white_wool":3,"minecraft:cobblestone":52,"minecraft:diamond_pickaxe":1}},"DataVersion":3465}