{"stats":{"minecraft:picked_up":{"minecraft:wooden_axe":2,"minecraft:fishing_rod":8,"minecraft:iron_chestplate":1,"minecraft:crafting_table":23,"minecraft:birch_door":10,"minecraft:wheat":77,"minecraft:chicken":17,"minecraft:lead":18,"minecraft:wooden_pickaxe":2,"minecraft:potion":3,"minecraft:enchanted_book":2,"minecraft:chain":1,"minecraft:shield":2,"minecraft:amethyst_block":512,"minecraft:string":15,"minecraft:cooked_salmon":2,"minecraft:wooden_sword":2,"minecraft:pufferfish":22,"minecraft:iron_shovel":1,"minecraft:cobbled_deepslate":4,"minecraft:beef":70,"minecraft:red_dye":1,"minecraft:oak_boat":6,"minecraft:iron_pickaxe":1,"minecraft:sugar_cane":24,"minecraft:chest":12,"minecraft:birch_sapling":4,"minecraft:egg":41,"minecraft:iron_boots":1,"minecraft:furnace":16,"minecraft:stick":403,"minecraft:raw_iron":74,"minecraft:stone":9,"minecraft:composter":2,"minecraft:oak_fence":1,"minecraft:torch":174,"minecraft:bowl":1,"minecraft:porkchop":5,"minecraft:cherry_log":2,"minecraft:music_disc_pigstep":16,"minecraft:carrot":262,"minecraft:black_dye":16,"minecraft:rotten_flesh":20,"minecraft:stone_sword":13,"minecraft:arrow":28,"minecraft:stone_shovel":3,"minecraft:saddle":1,"minecraft:mutton":5,"minecraft:cod":61,"minecraft:white_wool":3,"minecraft:cobblestone":1224,"minecraft:nautilus_shell":2,"minecraft:birch_log":47,"minecraft:feather":15,"minecraft:cooked_beef":3,"minecraft:magma_cream":1,"minecraft:cherry_planks":4,"minecraft:salmon":34,"minecraft:andesite":1,"minecraft:leather":8,"minecraft:potato":111,"minecraft:birch_planks":259,"minecraft:flint":11,"minecraft:oak_log":237,"minecraft:lily_pad":1,"minecraft:yellow_bed":2,"minecraft:cobblestone_wall":6,"minecraft:cobblestone_stairs":84,"minecraft:dirt":202,"minecraft:leather_boots":1,"minecraft:bone":22,"minecraft:stone_bricks":1,"minecraft:bow":4,"minecraft:wheat_seeds":275,"minecraft:stone_pickaxe":9,"minecraft:cooked_chicken":7,"minecraft:glass_bottle":3,"minecraft:stone_hoe":1,"minecraft:oak_planks":324,"minecraft:cooked_porkchop":1,"minecraft:sweet_berries":107,"minecraft:gravel":135,"minecraft:sand":4,"minecraft:amethyst_shard":80,"minecraft:ink_sac":1,"minecraft:white_bed":3,"minecraft:lily_of_the_valley":28,"minecraft:spider_eye":4,"minecraft:stone_axe":14,"minecraft:black_concrete":5,"minecraft:birch_sign":6,"minecraft:golden_apple":8,"minecraft:white_concrete":3,"minecraft:spruce_sign":3,"minecraft:bread":3,"minecraft:baked_potato":21,"minecraft:oak_sapling":7,"minecraft:coal":232,"minecraft:diamond_pickaxe":5},"minecraft:killed_by":{"minecraft:player":18,"minecraft:creeper":1,"minecraft:skeleton":1,"minecraft:zombie":1,"minecraft:phantom":1},"minecraft:killed":{"minecraft:spider":6,"minecraft:pufferfish":1,"minecraft:skeleton":9,"minecraft:bee":1,"minecraft:chicken":21,"minecraft:drowned":1,"minecraft:wolf":1,"minecraft:magma_cube":8,"minecraft:pig":2,"minecraft:zombie_villager":1,"minecraft:sheep":3,"minecraft:zombie":10,"minecraft:villager":6,"minecraft:cow":1},"minecraft:used":{"minecraft:stone_sword":240,"minecraft:iron_shovel":115,"minecraft:stone_shovel":132,"minecraft:chest":16,"minecraft:shield":10,"minecraft:iron_sword":97,"minecraft:stone":1,"minecraft:cooked_salmon":10,"minecraft:cooked_chicken":2,"minecraft:stone_hoe":18,"minecraft:rotten_flesh":2,"minecraft:iron_chestplate":1,"minecraft:torch":84,"minecraft:dirt":149,"minecraft:mutton":3,"minecraft:lily_of_the_valley":28,"minecraft:carrot":159,"minecraft:cobblestone_wall":21,"minecraft:birch_door":9,"minecraft:music_disc_pigstep":12,"minecraft:iron_axe":1,"minecraft:birch_sapling":4,"minecraft:iron_boots":1,"minecraft:stone_bricks":1,"minecraft:birch_trapdoor":2,"minecraft:bow":10,"minecraft:beef":1,"minecraft:sweet_berries":38,"minecraft:furnace":19,"minecraft:oak_sapling":6,"minecraft:egg":32,"minecraft:cooked_beef":3,"minecraft:potato":2,"minecraft:cobbled_deepslate":4,"minecraft:wheat_seeds":61,"minecraft:cobblestone_stairs":18,"minecraft:birch_planks":37,"minecraft:stone_pickaxe":568,"minecraft:baked_potato":21,"minecraft:oak_planks":187,"minecraft:wooden_pickaxe":59,"minecraft:cherry_planks":3,"minecraft:salmon":10,"minecraft:golden_apple":2,"minecraft:sand":4,"minecraft:crafting_table":24,"minecraft:birch_sign":9,"minecraft:white_bed":1,"minecraft:cod":20,"minecraft:book":1,"minecraft:oak_log":43,"minecraft:black_concrete":5,"minecraft:diamond_pickaxe":73,"minecraft:iron_pickaxe":4,"minecraft:bread":18,"minecraft:chicken":1,"minecraft:gravel":135,"minecraft:pufferfish":1,"minecraft:stone_axe":343,"minecraft:fishing_rod":252,"minecraft:wooden_sword":46,"minecraft:cobblestone":307,"minecraft:porkchop":5,"minecraft:cooked_porkchop":4,"minecraft:chain":1,"minecraft:andesite":1,"minecraft:yellow_bed":2,"minecraft:oak_boat":5},"minecraft:custom":{"minecraft:mob_kills":74,"minecraft:interact_with_anvil":3,"minecraft:animals_bred":14,"minecraft:open_barrel":3,"minecraft:interact_with_crafting_table":60,"minecraft:leave_game":15,"minecraft:time_since_death":237555,"minecraft:sprint_one_cm":1867897,"minecraft:walk_one_cm":1477777,"minecraft:damage_blocked_by_shield":820,"minecraft:drop":81,"minecraft:talked_to_villager":6,"minecraft:play_time":603152,"minecraft:deaths":24,"minecraft:sneak_time":7581,"minecraft:walk_under_water_one_cm":41657,"minecraft:boat_one_cm":424469,"minecraft:jump":7172,"minecraft:walk_on_water_one_cm":42985,"minecraft:total_world_time":603152,"minecraft:interact_with_furnace":52,"minecraft:play_record":12,"minecraft:interact_with_stonecutter":1,"minecraft:sleep_in_bed":14,"minecraft:time_since_rest":11760,"minecraft:damage_taken":11558,"minecraft:damage_absorbed":60,"minecraft:damage_dealt":8253,"minecraft:swim_one_cm":44300,"minecraft:fly_one_cm":1344347,"minecraft:player_kills":2,"minecraft:open_chest":215,"minecraft:crouch_one_cm":16404,"minecraft:fish_caught":94,"minecraft:fall_one_cm":164263,"minecraft:horse_one_cm":144},"minecraft:dropped":{"minecraft:enchanted_book":1,"minecraft:spruce_sign":3,"minecraft:wheat_seeds":71,"minecraft:cobblestone":1,"minecraft:iron_helmet":1,"minecraft:spectral_arrow":1,"minecraft:music_disc_pigstep":1,"minecraft:pufferfish":4,"minecraft:dirt":7,"minecraft:ink_sac":1,"minecraft:wooden_axe":1,"minecraft:white_concrete":3,"minecraft:iron_leggings":1,"minecraft:wooden_sword":1,"minecraft:iron_pickaxe":1,"minecraft:iron_shovel":1,"minecraft:string":3,"minecraft:fishing_rod":1,"minecraft:bone":1,"minecraft:stone_axe":1,"minecraft:stone_sword":2,"minecraft:wheat":3,"minecraft:rotten_flesh":6,"minecraft:potato":3,"minecraft:shield":1,"minecraft:iron_chestplate":1,"minecraft:birch_door":4,"minecraft:oak_sapling":1,"minecraft:spider_eye":2,"minecraft:bow":3,"minecraft:arrow":4,"minecraft:stone_pickaxe":1,"minecraft:magma_cream":1},"minecraft:mined":{"minecraft:white_bed":3,"minecraft:budding_amethyst":9,"minecraft:grass_block":120,"minecraft:composter":2,"minecraft:kelp":1,"minecraft:white_concrete_powder":1,"minecraft:carrots":54,"minecraft:furnace":14,"minecraft:iron_ore":6,"minecraft:andesite":1,"minecraft:black_concrete":3,"minecraft:bell":2,"minecraft:deepslate_iron_ore":28,"minecraft:birch_wall_sign":3,"minecraft:stone":301,"minecraft:cherry_planks":3,"minecraft:lily_of_the_valley":23,"minecraft:amethyst_cluster":2,"minecraft:crafting_table":19,"minecraft:torch":5,"minecraft:chest":12,"minecraft:dead_bush":2,"minecraft:campfire":1,"minecraft:cobblestone":122,"minecraft:tall_grass":10,"minecraft:sugar_cane":15,"minecraft:oak_planks":27,"minecraft:wall_torch":13,"minecraft:amethyst_block":128,"minecraft:birch_sapling":1,"minecraft:birch_planks":37,"minecraft:birch_log":30,"minecraft:wheat":61,"minecraft:sweet_berry_bush":28,"minecraft:birch_door":7,"minecraft:yellow_bed":2,"minecraft:bee_nest":2,"minecraft:grass":83,"minecraft:coal_ore":61,"minecraft:oak_log":153,"minecraft:gravel":145,"minecraft:dirt":75,"minecraft:stone_bricks":1,"minecraft:oak_leaves":49,"minecraft:deepslate":2},"minecraft:broken":{"minecraft:iron_boots":1,"minecraft:wooden_pickaxe":1,"minecraft:stone_pickaxe":4,"minecraft:stone_axe":3,"minecraft:fishing_rod":4,"minecraft:stone_shovel":1},"minecraft:crafted":{"minecraft:wooden_sword":2,"minecraft:oak_planks":260,"minecraft:stone_shovel":1,"minecraft:fishing_rod":4,"minecraft:cooked_chicken":15,"minecraft:furnace":4,"minecraft:cobblestone_stairs":60,"minecraft:bow":1,"minecraft:iron_boots":1,"minecraft:iron_axe":1,"minecraft:stone_pickaxe":5,"minecraft:cobblestone_wall":24,"minecraft:chest":4,"minecraft:birch_door":6,"minecraft:stone_hoe":1,"minecraft:birch_sign":3,"minecraft:cooked_cod":45,"minecraft:arrow":44,"minecraft:crafting_table":6,"minecraft:wooden_pickaxe":1,"minecraft:iron_helmet":1,"minecraft:iron_sword":1,"minecraft:cooked_salmon":22,"minecraft:birch_planks":188,"minecraft:stone_axe":3,"minecraft:bread":18,"minecraft:air":0,"minecraft:oak_boat":1,"minecraft:iron_chestplate":1,"minecraft:shield":2,"minecraft:stick":184,"minecraft:iron_pickaxe":1,"minecraft:iron_ingot":40,"minecraft:birch_trapdoor":2,"minecraft:wooden_axe":1,"minecraft:stone_sword":2,"minecraft:iron_shovel":1,"minecraft:iron_leggings":1,"minecraft:torch":84}},"DataVersion":3465}