{"stats":{"minecraft:killed":{"minecraft:spider":6,"minecraft:skeleton":6,"minecraft:bee":1,"minecraft:chicken":2,"minecraft:wolf":1,"minecraft:magma_cube":8,"minecraft:pig":1,"minecraft:zombie_villager":1,"minecraft:sheep":3,"minecraft:zombie":10,"minecraft:villager":5,"minecraft:cow":1},"minecraft:mined":{"minecraft:white_bed":3,"minecraft:budding_amethyst":9,"minecraft:grass_block":112,"minecraft:composter":2,"minecraft:white_concrete_powder":1,"minecraft:furnace":14,"minecraft:carrots":54,"minecraft:iron_ore":6,"minecraft:andesite":1,"minecraft:black_concrete":2,"minecraft:bell":2,"minecraft:deepslate_iron_ore":28,"minecraft:birch_wall_sign":3,"minecraft:stone":298,"minecraft:cherry_planks":3,"minecraft:lily_of_the_valley":23,"minecraft:amethyst_cluster":2,"minecraft:crafting_table":19,"minecraft:torch":5,"minecraft:chest":12,"minecraft:dead_bush":2,"minecraft:campfire":1,"minecraft:cobblestone":122,"minecraft:tall_grass":8,"minecraft:sugar_cane":15,"minecraft:oak_planks":27,"minecraft:wall_torch":13,"minecraft:amethyst_block":128,"minecraft:birch_sapling":1,"minecraft:birch_planks":37,"minecraft:birch_log":30,"minecraft:wheat":61,"minecraft:sweet_berry_bush":28,"minecraft:birch_door":7,"minecraft:yellow_bed":2,"minecraft:bee_nest":2,"minecraft:grass":55,"minecraft:coal_ore":61,"minecraft:oak_log":153,"minecraft:dirt":72,"minecraft:stone_bricks":1,"minecraft:oak_leaves":49,"minecraft:deepslate":2},"minecraft:picked_up":{"minecraft:wooden_axe":2,"minecraft:fishing_rod":8,"minecraft:crafting_table":23,"minecraft:iron_chestplate":1,"minecraft:birch_door":10,"minecraft:wheat":77,"minecraft:chicken":2,"minecraft:lead":18,"minecraft:wooden_pickaxe":2,"minecraft:enchanted_book":1,"minecraft:potion":3,"minecraft:shield":2,"minecraft:amethyst_block":512,"minecraft:string":15,"minecraft:cooked_salmon":2,"minecraft:wooden_sword":2,"minecraft:pufferfish":11,"minecraft:cobbled_deepslate":4,"minecraft:beef":70,"minecraft:red_dye":1,"minecraft:oak_boat":6,"minecraft:iron_pickaxe":1,"minecraft:sugar_cane":24,"minecraft:chest":12,"minecraft:birch_sapling":4,"minecraft:furnace":16,"minecraft:iron_boots":1,"minecraft:egg":4,"minecraft:stick":402,"minecraft:raw_iron":74,"minecraft:stone":9,"minecraft:composter":2,"minecraft:oak_fence":1,"minecraft:torch":174,"minecraft:porkchop":3,"minecraft:cherry_log":2,"minecraft:music_disc_pigstep":15,"minecraft:carrot":262,"minecraft:stone_shovel":3,"minecraft:stone_sword":13,"minecraft:arrow":27,"minecraft:rotten_flesh":18,"minecraft:mutton":5,"minecraft:cod":26,"minecraft:white_wool":3,"minecraft:cobblestone":1222,"minecraft:birch_log":47,"minecraft:feather":3,"minecraft:cooked_beef":3,"minecraft:magma_cream":1,"minecraft:cherry_planks":4,"minecraft:salmon":19,"minecraft:andesite":1,"minecraft:leather":7,"minecraft:potato":111,"minecraft:birch_planks":259,"minecraft:oak_log":237,"minecraft:lily_pad":1,"minecraft:yellow_bed":2,"minecraft:cobblestone_wall":6,"minecraft:cobblestone_stairs":84,"minecraft:dirt":191,"minecraft:bone":18,"minecraft:stone_bricks":1,"minecraft:bow":4,"minecraft:wheat_seeds":271,"minecraft:stone_pickaxe":9,"minecraft:cooked_chicken":7,"minecraft:glass_bottle":3,"minecraft:oak_planks":324,"minecraft:stone_hoe":1,"minecraft:cooked_porkchop":1,"minecraft:sweet_berries":107,"minecraft:gravel":1,"minecraft:sand":4,"minecraft:amethyst_shard":80,"minecraft:ink_sac":1,"minecraft:white_bed":3,"minecraft:lily_of_the_valley":28,"minecraft:spider_eye":4,"minecraft:black_concrete":4,"minecraft:stone_axe":14,"minecraft:birch_sign":6,"minecraft:golden_apple":8,"minecraft:spruce_sign":3,"minecraft:bread":3,"minecraft:baked_potato":21,"minecraft:oak_sapling":7,"minecraft:coal":232,"minecraft:diamond_pickaxe":5},"minecraft:killed_by":{"minecraft:player":18,"minecraft:creeper":1,"minecraft:skeleton":1,"minecraft:zombie":1,"minecraft:phantom":1},"minecraft:used":{"minecraft:stone_sword":240,"minecraft:stone_shovel":110,"minecraft:chest":16,"minecraft:shield":3,"minecraft:iron_sword":31,"minecraft:stone":1,"minecraft:cooked_chicken":2,"minecraft:stone_hoe":18,"minecraft:rotten_flesh":2,"minecraft:iron_chestplate":1,"minecraft:torch":77,"minecraft:dirt":138,"minecraft:mutton":3,"minecraft:lily_of_the_valley":28,"minecraft:carrot":150,"minecraft:cobblestone_wall":21,"minecraft:birch_door":9,"minecraft:music_disc_pigstep":12,"minecraft:iron_axe":1,"minecraft:birch_sapling":4,"minecraft:iron_boots":1,"minecraft:stone_bricks":1,"minecraft:birch_trapdoor":2,"minecraft:bow":3,"minecraft:beef":1,"minecraft:sweet_berries":38,"minecraft:oak_sapling":6,"minecraft:furnace":19,"minecraft:egg":4,"minecraft:cooked_beef":3,"minecraft:potato":2,"minecraft:cobbled_deepslate":4,"minecraft:wheat_seeds":61,"minecraft:cobblestone_stairs":18,"minecraft:birch_planks":37,"minecraft:stone_pickaxe":568,"minecraft:baked_potato":21,"minecraft:oak_planks":187,"minecraft:wooden_pickaxe":59,"minecraft:cherry_planks":3,"minecraft:salmon":10,"minecraft:golden_apple":2,"minecraft:sand":4,"minecraft:crafting_table":24,"minecraft:birch_sign":9,"minecraft:white_bed":1,"minecraft:cod":4,"minecraft:oak_log":43,"minecraft:black_concrete":4,"minecraft:diamond_pickaxe":73,"minecraft:bread":18,"minecraft:gravel":1,"minecraft:pufferfish":1,"minecraft:stone_axe":343,"minecraft:fishing_rod":113,"minecraft:wooden_sword":46,"minecraft:cobblestone":305,"minecraft:porkchop":3,"minecraft:cooked_porkchop":4,"minecraft:andesite":1,"minecraft:yellow_bed":2,"minecraft:oak_boat":5},"minecraft:dropped":{"minecraft:enchanted_book":1,"minecraft:spruce_sign":3,"minecraft:wheat_seeds":69,"minecraft:cobblestone":1,"minecraft:iron_helmet":1,"minecraft:spectral_arrow":1,"minecraft:music_disc_pigstep":1,"minecraft:pufferfish":4,"minecraft:dirt":7,"minecraft:ink_sac":1,"minecraft:wooden_axe":1,"minecraft:iron_leggings":1,"minecraft:wooden_sword":1,"minecraft:iron_pickaxe":1,"minecraft:string":3,"minecraft:fishing_rod":1,"minecraft:bone":1,"minecraft:stone_axe":1,"minecraft:stone_sword":2,"minecraft:wheat":3,"minecraft:rotten_flesh":4,"minecraft:potato":3,"minecraft:shield":1,"minecraft:iron_chestplate":1,"minecraft:birch_door":4,"minecraft:oak_sapling":1,"minecraft:spider_eye":2,"minecraft:bow":3,"minecraft:arrow":4,"minecraft:stone_pickaxe":1,"minecraft:magma_cream":1},"minecraft:broken":{"minecraft:iron_boots":1,"minecraft:wooden_pickaxe":1,"minecraft:stone_pickaxe":4,"minecraft:stone_axe":3,"minecraft:fishing_rod":2},"minecraft:crafted":{"minecraft:wooden_sword":2,"minecraft:oak_planks":260,"minecraft:stone_shovel":1,"minecraft:fishing_rod":2,"minecraft:cooked_chicken":2,"minecraft:furnace":4,"minecraft:cobblestone_stairs":60,"minecraft:bow":1,"minecraft:iron_boots":1,"minecraft:iron_axe":1,"minecraft:stone_pickaxe":5,"minecraft:cobblestone_wall":24,"minecraft:chest":4,"minecraft:birch_door":6,"minecraft:stone_hoe":1,"minecraft:birch_sign":3,"minecraft:crafting_table":6,"minecraft:wooden_pickaxe":1,"minecraft:iron_helmet":1,"minecraft:iron_sword":1,"minecraft:birch_planks":188,"minecraft:stone_axe":3,"minecraft:bread":18,"minecraft:air":0,"minecraft:oak_boat":1,"minecraft:iron_chestplate":1,"minecraft:shield":2,"minecraft:stick":184,"minecraft:iron_ingot":39,"minecraft:iron_pickaxe":1,"minecraft:wooden_axe":1,"minecraft:birch_trapdoor":2,"minecraft:stone_sword":2,"minecraft:iron_leggings":1,"minecraft:torch":84},"minecraft:custom":{"minecraft:mob_kills":48,"minecraft:interact_with_anvil":1,"minecraft:animals_bred":2,"minecraft:interact_with_crafting_table":54,"minecraft:leave_game":12,"minecraft:time_since_death":118754,"minecraft:sprint_one_cm":1626007,"minecraft:walk_one_cm":1256605,"minecraft:damage_blocked_by_shield":260,"minecraft:drop":73,"minecraft:talked_to_villager":6,"minecraft:play_time":484351,"minecraft:deaths":24,"minecraft:sneak_time":6954,"minecraft:walk_under_water_one_cm":28327,"minecraft:boat_one_cm":424469,"minecraft:jump":6099,"minecraft:walk_on_water_one_cm":37398,"minecraft:total_world_time":484351,"minecraft:interact_with_furnace":23,"minecraft:play_record":12,"minecraft:interact_with_stonecutter":1,"minecraft:sleep_in_bed":10,"minecraft:time_since_rest":46413,"minecraft:damage_taken":10685,"minecraft:damage_absorbed":60,"minecraft:damage_dealt":6825,"minecraft:player_kills":2,"minecraft:swim_one_cm":39278,"minecraft:fly_one_cm":1083330,"minecraft:open_chest":190,"minecraft:crouch_one_cm":14920,"minecraft:fish_caught":33,"minecraft:fall_one_cm":140334,"minecraft:horse_one_cm":144}},"DataVersion":3465}