{"stats":{"minecraft:picked_up":{"minecraft:wooden_axe":2,"minecraft:fishing_rod":4,"minecraft:birch_door":4,"minecraft:iron_chestplate":1,"minecraft:crafting_table":19,"minecraft:wheat":18,"minecraft:chicken":2,"minecraft:wooden_pickaxe":2,"minecraft:potion":3,"minecraft:shield":2,"minecraft:amethyst_block":256,"minecraft:string":4,"minecraft:cooked_salmon":2,"minecraft:wooden_sword":2,"minecraft:pufferfish":7,"minecraft:cobbled_deepslate":4,"minecraft:beef":70,"minecraft:red_dye":1,"minecraft:oak_boat":6,"minecraft:sugar_cane":24,"minecraft:chest":8,"minecraft:birch_sapling":4,"minecraft:iron_boots":1,"minecraft:furnace":11,"minecraft:raw_iron":35,"minecraft:stick":323,"minecraft:stone":9,"minecraft:composter":2,"minecraft:torch":104,"minecraft:porkchop":3,"minecraft:cherry_log":2,"minecraft:music_disc_pigstep":12,"minecraft:carrot":230,"minecraft:stone_sword":9,"minecraft:arrow":16,"minecraft:stone_shovel":1,"minecraft:rotten_flesh":16,"minecraft:mutton":5,"minecraft:cod":11,"minecraft:white_wool":3,"minecraft:cobblestone":1006,"minecraft:birch_log":47,"minecraft:feather":2,"minecraft:cooked_beef":3,"minecraft:magma_cream":1,"minecraft:cherry_planks":4,"minecraft:andesite":1,"minecraft:salmon":9,"minecraft:leather":7,"minecraft:potato":107,"minecraft:birch_planks":171,"minecraft:oak_log":149,"minecraft:yellow_bed":1,"minecraft:cobblestone_wall":3,"minecraft:cobblestone_stairs":42,"minecraft:dirt":145,"minecraft:bone":15,"minecraft:stone_bricks":1,"minecraft:bow":2,"minecraft:wheat_seeds":101,"minecraft:cooked_chicken":5,"minecraft:stone_pickaxe":5,"minecraft:oak_planks":89,"minecraft:cooked_porkchop":1,"minecraft:sweet_berries":79,"minecraft:gravel":1,"minecraft:amethyst_shard":40,"minecraft:ink_sac":1,"minecraft:white_bed":3,"minecraft:lily_of_the_valley":28,"minecraft:stone_axe":11,"minecraft:birch_sign":4,"minecraft:golden_apple":8,"minecraft:spruce_sign":3,"minecraft:bread":3,"minecraft:baked_potato":21,"minecraft:oak_sapling":5,"minecraft:coal":161,"minecraft:diamond_pickaxe":5},"minecraft:crafted":{"minecraft:wooden_sword":2,"minecraft:oak_planks":80,"minecraft:stone_shovel":1,"minecraft:cooked_chicken":2,"minecraft:furnace":4,"minecraft:cobblestone_stairs":60,"minecraft:stone_pickaxe":4,"minecraft:cobblestone_wall":24,"minecraft:chest":4,"minecraft:birch_door":6,"minecraft:stone_hoe":1,"minecraft:birch_sign":3,"minecraft:crafting_table":3,"minecraft:wooden_pickaxe":1,"minecraft:birch_planks":188,"minecraft:stone_axe":2,"minecraft:oak_boat":1,"minecraft:shield":1,"minecraft:stick":112,"minecraft:birch_trapdoor":2,"minecraft:wooden_axe":1,"minecraft:stone_sword":2,"minecraft:torch":40},"minecraft:dropped":{"minecraft:spruce_sign":3,"minecraft:wheat_seeds":4,"minecraft:cobblestone":1,"minecraft:iron_helmet":1,"minecraft:spectral_arrow":1,"minecraft:music_disc_pigstep":1,"minecraft:pufferfish":3,"minecraft:dirt":7,"minecraft:ink_sac":1,"minecraft:wooden_axe":1,"minecraft:iron_leggings":1,"minecraft:wooden_sword":1,"minecraft:string":3,"minecraft:fishing_rod":1,"minecraft:stone_axe":1,"minecraft:stone_sword":1,"minecraft:rotten_flesh":2,"minecraft:shield":1,"minecraft:iron_chestplate":1,"minecraft:arrow":4,"minecraft:bow":2,"minecraft:magma_cream":1},"minecraft:custom":{"minecraft:mob_kills":36,"minecraft:interact_with_crafting_table":36,"minecraft:leave_game":3,"minecraft:time_since_death":17426,"minecraft:sprint_one_cm":1046226,"minecraft:walk_one_cm":779366,"minecraft:damage_blocked_by_shield":200,"minecraft:drop":34,"minecraft:talked_to_villager":6,"minecraft:play_time":287506,"minecraft:deaths":20,"minecraft:sneak_time":5386,"minecraft:walk_under_water_one_cm":21017,"minecraft:boat_one_cm":424439,"minecraft:jump":3889,"minecraft:walk_on_water_one_cm":32122,"minecraft:total_world_time":287506,"minecraft:interact_with_furnace":8,"minecraft:play_record":10,"minecraft:interact_with_stonecutter":1,"minecraft:sleep_in_bed":5,"minecraft:time_since_rest":17454,"minecraft:damage_taken":8298,"minecraft:damage_absorbed":60,"minecraft:damage_dealt":4857,"minecraft:swim_one_cm":30898,"minecraft:fly_one_cm":581519,"minecraft:player_kills":2,"minecraft:open_chest":154,"minecraft:crouch_one_cm":12527,"minecraft:fish_caught":3,"minecraft:fall_one_cm":89342},"minecraft:broken":{"minecraft:iron_boots":1,"minecraft:wooden_pickaxe":1,"minecraft:stone_pickaxe":3,"minecraft:stone_axe":2},"minecraft:mined":{"minecraft:white_bed":3,"minecraft:budding_amethyst":9,"minecraft:grass_block":67,"minecraft:composter":2,"minecraft:furnace":9,"minecraft:carrots":47,"minecraft:iron_ore":6,"minecraft:andesite":1,"minecraft:deepslate_iron_ore":28,"minecraft:birch_wall_sign":1,"minecraft:stone":298,"minecraft:cherry_planks":3,"minecraft:lily_of_the_valley":23,"minecraft:amethyst_cluster":2,"minecraft:crafting_table":15,"minecraft:torch":5,"minecraft:chest":8,"minecraft:dead_bush":2,"minecraft:campfire":1,"minecraft:cobblestone":77,"minecraft:tall_grass":4,"minecraft:sugar_cane":15,"minecraft:wall_torch":5,"minecraft:amethyst_block":128,"minecraft:birch_sapling":1,"minecraft:birch_planks":5,"minecraft:birch_log":30,"minecraft:wheat":1,"minecraft:sweet_berry_bush":27,"minecraft:birch_door":3,"minecraft:bee_nest":2,"minecraft:yellow_bed":1,"minecraft:grass":28,"minecraft:coal_ore":61,"minecraft:oak_log":64,"minecraft:dirt":71,"minecraft:stone_bricks":1,"minecraft:oak_leaves":25,"minecraft:deepslate":2},"minecraft:killed_by":{"minecraft:player":16,"minecraft:creeper":1,"minecraft:skeleton":1,"minecraft:zombie":1},"minecraft:killed":{"minecraft:spider":2,"minecraft:skeleton":5,"minecraft:bee":1,"minecraft:chicken":2,"minecraft:wolf":1,"minecraft:magma_cube":8,"minecraft:pig":1,"minecraft:sheep":3,"minecraft:zombie":6,"minecraft:villager":5,"minecraft:cow":1},"minecraft:used":{"minecraft:stone_sword":173,"minecraft:stone_shovel":61,"minecraft:chest":12,"minecraft:shield":1,"minecraft:stone":1,"minecraft:cooked_chicken":1,"minecraft:rotten_flesh":2,"minecraft:stone_hoe":18,"minecraft:iron_chestplate":1,"minecraft:torch":59,"minecraft:dirt":136,"minecraft:mutton":3,"minecraft:lily_of_the_valley":28,"minecraft:cobblestone_wall":21,"minecraft:carrot":114,"minecraft:birch_door":7,"minecraft:music_disc_pigstep":10,"minecraft:birch_sapling":4,"minecraft:iron_boots":1,"minecraft:stone_bricks":1,"minecraft:birch_trapdoor":2,"minecraft:bow":2,"minecraft:beef":1,"minecraft:sweet_berries":29,"minecraft:oak_sapling":5,"minecraft:furnace":14,"minecraft:potato":1,"minecraft:cooked_beef":3,"minecraft:cobbled_deepslate":4,"minecraft:wheat_seeds":1,"minecraft:cobblestone_stairs":18,"minecraft:birch_planks":37,"minecraft:stone_pickaxe":514,"minecraft:baked_potato":21,"minecraft:wooden_pickaxe":59,"minecraft:cherry_planks":3,"minecraft:salmon":4,"minecraft:golden_apple":2,"minecraft:crafting_table":17,"minecraft:birch_sign":7,"minecraft:white_bed":1,"minecraft:diamond_pickaxe":73,"minecraft:gravel":1,"minecraft:stone_axe":153,"minecraft:fishing_rod":11,"minecraft:wooden_sword":46,"minecraft:cobblestone":305,"minecraft:porkchop":3,"minecraft:cooked_porkchop":4,"minecraft:andesite":1,"minecraft:yellow_bed":1,"minecraft:oak_boat":5}},"DataVersion":3465}