{"stats":{"minecraft:picked_up":{"minecraft:rotten_flesh":2,"minecraft:diamond_leggings":1,"minecraft:diamond_boots":1,"minecraft:potion":1,"minecraft:enchanted_book":2},"minecraft:used":{"minecraft:rotten_flesh":2,"minecraft:potion":1},"minecraft:dropped":{"minecraft:enchanted_book":2,"minecraft:diamond_boots":1,"minecraft:glass_bottle":1,"minecraft:diamond_leggings":1},"minecraft:custom":{"minecraft:time_since_rest":7908,"minecraft:crouch_one_cm":436,"minecraft:play_time":16755,"minecraft:sprint_one_cm":26323,"minecraft:walk_one_cm":13125,"minecraft:damage_taken":360,"minecraft:deaths":1,"minecraft:sneak_time":1167,"minecraft:walk_under_water_one_cm":3643,"minecraft:drop":5,"minecraft:boat_one_cm":2655,"minecraft:jump":120,"minecraft:damage_dealt":133,"minecraft:leave_game":1,"minecraft:time_since_death":7856,"minecraft:walk_on_water_one_cm":528,"minecraft:total_world_time":16755,"minecraft:swim_one_cm":462,"minecraft:fall_one_cm":2903,"minecraft:fly_one_cm":27435}},"DataVersion":3465}