{"stats":{"minecraft:broken":{"minecraft:iron_axe":1},"minecraft:killed":{"minecraft:wandering_trader":1,"minecraft:villager":4,"minecraft:cow":1},"minecraft:crafted":{"minecraft:cherry_planks":52,"minecraft:oak_planks":884,"minecraft:tripwire_hook":2,"minecraft:gray_dye":2,"minecraft:lever":2,"minecraft:bone_meal":21,"minecraft:gray_wool":2,"minecraft:iron_axe":13,"minecraft:spruce_wood":156,"minecraft:chest":1,"minecraft:emerald":94,"minecraft:cooked_porkchop":2,"minecraft:crafting_table":1,"minecraft:spruce_planks":964,"minecraft:spruce_door":6,"minecraft:bucket":1,"minecraft:birch_planks":216,"minecraft:air":0,"minecraft:bread":96,"minecraft:spruce_trapdoor":2,"minecraft:diamond_pickaxe":1,"minecraft:white_dye":6,"minecraft:stick":3472,"minecraft:iron_shovel":1,"minecraft:gray_carpet":3,"minecraft:shears":1},"minecraft:dropped":{"minecraft:enchanted_book":2,"minecraft:bread":96,"minecraft:birch_planks":304,"minecraft:diamond_axe":2,"minecraft:oak_log":19,"minecraft:glass_bottle":1,"minecraft:diamond_leggings":1,"minecraft:lead":3,"minecraft:spruce_door":4,"minecraft:stick":772,"minecraft:emerald":60,"minecraft:spruce_leaves":2,"minecraft:cooked_cod":4,"minecraft:gray_carpet":1,"minecraft:gravel":4,"minecraft:birch_sapling":7,"minecraft:stone_slab":2,"minecraft:carrot":118,"minecraft:oak_button":18,"minecraft:spruce_trapdoor":4,"minecraft:diamond_pickaxe":1,"minecraft:oak_sapling":2,"minecraft:diamond_boots":1,"minecraft:white_dye":4,"minecraft:bow":1},"minecraft:picked_up":{"minecraft:spruce_leaves":3,"minecraft:wheat":2,"minecraft:prismarine_shard":2,"minecraft:lead":6,"minecraft:stone_slab":4,"minecraft:potion":1,"minecraft:enchanted_book":2,"minecraft:chain":1,"minecraft:string":26,"minecraft:diamond_leggings":1,"minecraft:spruce_planks":1,"minecraft:birch_sapling":7,"minecraft:spruce_trapdoor":24,"minecraft:egg":2,"minecraft:stick":526,"minecraft:raw_iron":2,"minecraft:stone":4,"minecraft:composter":7,"minecraft:torch":19,"minecraft:cherry_log":15,"minecraft:music_disc_pigstep":2,"minecraft:carrot":233,"minecraft:prismarine_crystals":4,"minecraft:rotten_flesh":2,"minecraft:cooked_cod":42,"minecraft:diamond_boots":1,"minecraft:cod":8,"minecraft:white_wool":1,"minecraft:cobblestone":661,"minecraft:birch_log":54,"minecraft:cherry_planks":11,"minecraft:tripwire_hook":3,"minecraft:andesite":3,"minecraft:birch_planks":152,"minecraft:flint":1,"minecraft:oak_log":241,"minecraft:yellow_bed":2,"minecraft:dirt":142,"minecraft:apple":4,"minecraft:wheat_seeds":12,"minecraft:iron_ingot":11,"minecraft:fletching_table":2,"minecraft:oak_planks":4,"minecraft:brush":1,"minecraft:gravel":8,"minecraft:spruce_sapling":21,"minecraft:spruce_log":318,"minecraft:white_bed":34,"minecraft:spruce_door":11,"minecraft:lever":1,"minecraft:diamond_axe":2,"minecraft:cherry_sapling":14,"minecraft:spruce_sign":1,"minecraft:oak_button":9,"minecraft:emerald":85,"minecraft:oak_sapling":18,"minecraft:diamond_pickaxe":1,"minecraft:ender_pearl":1},"minecraft:used":{"minecraft:iron_shovel":68,"minecraft:spruce_planks":148,"minecraft:chest":1,"minecraft:stone":169,"minecraft:rotten_flesh":2,"minecraft:spruce_leaves":1,"minecraft:torch":19,"minecraft:dirt":129,"minecraft:carrot":86,"minecraft:iron_axe":295,"minecraft:tripwire_hook":5,"minecraft:bow":5,"minecraft:written_book":1,"minecraft:oak_sapling":16,"minecraft:cooked_cod":23,"minecraft:wheat_seeds":9,"minecraft:water_bucket":4,"minecraft:spruce_door":13,"minecraft:lead":1,"minecraft:oak_planks":3,"minecraft:cherry_planks":47,"minecraft:composter":7,"minecraft:spruce_sign":1,"minecraft:white_dye":1,"minecraft:fletching_table":3,"minecraft:diamond_axe":537,"minecraft:crafting_table":1,"minecraft:white_bed":34,"minecraft:shears":13,"minecraft:spruce_log":25,"minecraft:book":1,"minecraft:oak_log":1,"minecraft:lever":3,"minecraft:diamond_pickaxe":698,"minecraft:string":23,"minecraft:spruce_trapdoor":22,"minecraft:spruce_sapling":18,"minecraft:gravel":3,"minecraft:cobblestone":21,"minecraft:potion":1,"minecraft:cooked_porkchop":2,"minecraft:grindstone":1,"minecraft:bucket":4,"minecraft:chain":1,"minecraft:yellow_bed":2,"minecraft:brush":20,"minecraft:bone_meal":13},"minecraft:custom":{"minecraft:mob_kills":6,"minecraft:interact_with_crafting_table":10,"minecraft:leave_game":4,"minecraft:time_since_death":225043,"minecraft:sprint_one_cm":634842,"minecraft:walk_one_cm":381790,"minecraft:drop":57,"minecraft:talked_to_villager":55,"minecraft:play_time":233942,"minecraft:deaths":1,"minecraft:sneak_time":4272,"minecraft:walk_under_water_one_cm":24965,"minecraft:boat_one_cm":2655,"minecraft:interact_with_lectern":1,"minecraft:jump":2176,"minecraft:interact_with_blast_furnace":1,"minecraft:walk_on_water_one_cm":53530,"minecraft:total_world_time":233942,"minecraft:interact_with_furnace":6,"minecraft:traded_with_villager":122,"minecraft:sleep_in_bed":7,"minecraft:time_since_rest":13459,"minecraft:damage_taken":990,"minecraft:damage_dealt":1427,"minecraft:fly_one_cm":501066,"minecraft:swim_one_cm":15884,"minecraft:open_chest":96,"minecraft:crouch_one_cm":8051,"minecraft:fall_one_cm":39345,"minecraft:horse_one_cm":244351},"minecraft:mined":{"minecraft:spruce_planks":1,"minecraft:white_bed":34,"minecraft:cherry_log":13,"minecraft:spruce_trapdoor":16,"minecraft:grass_block":84,"minecraft:spruce_leaves":90,"minecraft:composter":7,"minecraft:spruce_sapling":1,"minecraft:carrots":79,"minecraft:iron_ore":2,"minecraft:andesite":3,"minecraft:fletching_table":2,"minecraft:stone":640,"minecraft:tripwire":3,"minecraft:podzol":4,"minecraft:cherry_planks":11,"minecraft:spruce_door":5,"minecraft:torch":1,"minecraft:stone_slab":2,"minecraft:cobblestone":42,"minecraft:oak_planks":3,"minecraft:spruce_sign":1,"minecraft:wall_torch":7,"minecraft:birch_log":54,"minecraft:wheat":5,"minecraft:spruce_log":318,"minecraft:birch_leaves":4,"minecraft:yellow_bed":2,"minecraft:grass":1,"minecraft:oak_log":243,"minecraft:cherry_leaves":6,"minecraft:gravel":6,"minecraft:dirt":55,"minecraft:tripwire_hook":4,"minecraft:oak_leaves":33}},"DataVersion":3465}