{"stats":{"minecraft:broken":{"minecraft:iron_axe":1},"minecraft:killed":{"minecraft:cow":1},"minecraft:crafted":{"minecraft:oak_planks":116,"minecraft:emerald":17,"minecraft:cooked_porkchop":2,"minecraft:spruce_planks":324,"minecraft:spruce_door":6,"minecraft:bone_meal":15,"minecraft:bucket":1,"minecraft:bread":96,"minecraft:air":0,"minecraft:diamond_pickaxe":1,"minecraft:stick":560,"minecraft:iron_axe":1},"minecraft:dropped":{"minecraft:gravel":4,"minecraft:enchanted_book":2,"minecraft:bread":96,"minecraft:diamond_axe":1,"minecraft:glass_bottle":1,"minecraft:diamond_leggings":1,"minecraft:stone_slab":2,"minecraft:spruce_door":2,"minecraft:spruce_leaves":2,"minecraft:spruce_trapdoor":4,"minecraft:diamond_pickaxe":1,"minecraft:diamond_boots":1},"minecraft:picked_up":{"minecraft:spruce_leaves":3,"minecraft:andesite":3,"minecraft:lead":1,"minecraft:stone_slab":4,"minecraft:enchanted_book":2,"minecraft:potion":1,"minecraft:flint":1,"minecraft:oak_log":205,"minecraft:chain":1,"minecraft:yellow_bed":2,"minecraft:dirt":53,"minecraft:apple":1,"minecraft:diamond_leggings":1,"minecraft:spruce_planks":1,"minecraft:iron_ingot":11,"minecraft:fletching_table":1,"minecraft:birch_sapling":7,"minecraft:spruce_trapdoor":22,"minecraft:oak_planks":3,"minecraft:egg":2,"minecraft:stick":25,"minecraft:raw_iron":2,"minecraft:stone":4,"minecraft:composter":7,"minecraft:brush":1,"minecraft:torch":19,"minecraft:gravel":8,"minecraft:spruce_sapling":18,"minecraft:spruce_log":161,"minecraft:music_disc_pigstep":2,"minecraft:white_bed":31,"minecraft:carrot":4,"minecraft:spruce_door":9,"minecraft:rotten_flesh":2,"minecraft:cooked_cod":42,"minecraft:diamond_boots":1,"minecraft:diamond_axe":2,"minecraft:oak_sapling":9,"minecraft:cod":8,"minecraft:birch_log":49,"minecraft:diamond_pickaxe":1,"minecraft:cobblestone":628},"minecraft:used":{"minecraft:spruce_door":13,"minecraft:oak_planks":3,"minecraft:spruce_planks":148,"minecraft:stone":160,"minecraft:composter":7,"minecraft:diamond_axe":328,"minecraft:rotten_flesh":2,"minecraft:spruce_leaves":1,"minecraft:torch":19,"minecraft:dirt":40,"minecraft:carrot":4,"minecraft:white_bed":31,"minecraft:spruce_log":23,"minecraft:book":1,"minecraft:oak_log":1,"minecraft:diamond_pickaxe":652,"minecraft:iron_axe":249,"minecraft:spruce_trapdoor":18,"minecraft:spruce_sapling":18,"minecraft:gravel":3,"minecraft:cobblestone":21,"minecraft:potion":1,"minecraft:written_book":1,"minecraft:cooked_cod":14,"minecraft:cooked_porkchop":2,"minecraft:bucket":1,"minecraft:chain":1,"minecraft:yellow_bed":2,"minecraft:brush":20,"minecraft:bone_meal":13},"minecraft:custom":{"minecraft:interact_with_furnace":6,"minecraft:mob_kills":1,"minecraft:traded_with_villager":33,"minecraft:interact_with_crafting_table":5,"minecraft:leave_game":2,"minecraft:time_since_death":133129,"minecraft:sleep_in_bed":4,"minecraft:time_since_rest":17902,"minecraft:sprint_one_cm":385717,"minecraft:damage_taken":590,"minecraft:walk_one_cm":215555,"minecraft:drop":18,"minecraft:damage_dealt":307,"minecraft:fly_one_cm":320545,"minecraft:swim_one_cm":15385,"minecraft:talked_to_villager":20,"minecraft:open_chest":52,"minecraft:crouch_one_cm":5783,"minecraft:play_time":142028,"minecraft:deaths":1,"minecraft:sneak_time":2770,"minecraft:walk_under_water_one_cm":24179,"minecraft:boat_one_cm":2655,"minecraft:interact_with_lectern":1,"minecraft:jump":1407,"minecraft:interact_with_blast_furnace":1,"minecraft:walk_on_water_one_cm":47701,"minecraft:total_world_time":142028,"minecraft:fall_one_cm":25145,"minecraft:horse_one_cm":87407},"minecraft:mined":{"minecraft:podzol":4,"minecraft:spruce_planks":1,"minecraft:white_bed":32,"minecraft:spruce_door":5,"minecraft:torch":1,"minecraft:spruce_trapdoor":14,"minecraft:stone_slab":2,"minecraft:cobblestone":6,"minecraft:spruce_leaves":82,"minecraft:composter":7,"minecraft:oak_planks":3,"minecraft:wall_torch":7,"minecraft:spruce_sapling":1,"minecraft:birch_log":49,"minecraft:iron_ore":2,"minecraft:birch_leaves":3,"minecraft:spruce_log":161,"minecraft:andesite":3,"minecraft:fletching_table":1,"minecraft:yellow_bed":2,"minecraft:oak_log":208,"minecraft:gravel":6,"minecraft:dirt":50,"minecraft:stone":632,"minecraft:oak_leaves":29}},"DataVersion":3465}