{"stats":{"minecraft:picked_up":{"minecraft:diamond_leggings":1,"minecraft:diamond_boots":1},"minecraft:dropped":{"minecraft:diamond_boots":1,"minecraft:diamond_leggings":1},"minecraft:custom":{"minecraft:jump":50,"minecraft:time_since_rest":7490,"minecraft:damage_dealt":124,"minecraft:crouch_one_cm":400,"minecraft:sprint_one_cm":13152,"minecraft:play_time":7490,"minecraft:damage_taken":170,"minecraft:time_since_death":7490,"minecraft:walk_one_cm":6903,"minecraft:sneak_time":1159,"minecraft:total_world_time":7490,"minecraft:drop":2,"minecraft:fall_one_cm":963,"minecraft:fly_one_cm":6814}},"DataVersion":3465}