{"stats":{"minecraft:broken":{"minecraft:iron_shovel":1,"minecraft:iron_axe":1},"minecraft:killed":{"minecraft:skeleton":1,"minecraft:drowned":1,"minecraft:wandering_trader":1,"minecraft:creeper":1,"minecraft:sheep":1,"minecraft:zombie":2,"minecraft:villager":5,"minecraft:cow":1},"minecraft:crafted":{"minecraft:cherry_planks":128,"minecraft:oak_planks":888,"minecraft:barrel":2,"minecraft:tripwire_hook":2,"minecraft:cherry_boat":4,"minecraft:gray_dye":2,"minecraft:bone_meal":33,"minecraft:lever":2,"minecraft:gray_wool":2,"minecraft:cherry_trapdoor":2,"minecraft:iron_axe":15,"minecraft:spruce_wood":156,"minecraft:chest":1,"minecraft:cherry_fence":6,"minecraft:cherry_fence_gate":2,"minecraft:emerald":94,"minecraft:cooked_porkchop":2,"minecraft:crafting_table":2,"minecraft:spruce_planks":964,"minecraft:spruce_door":6,"minecraft:bucket":2,"minecraft:birch_planks":216,"minecraft:bread":192,"minecraft:air":0,"minecraft:spruce_trapdoor":2,"minecraft:diamond_pickaxe":1,"minecraft:white_dye":6,"minecraft:stick":3484,"minecraft:iron_ingot":4,"minecraft:iron_shovel":2,"minecraft:gray_carpet":3,"minecraft:shears":1},"minecraft:dropped":{"minecraft:enchanted_book":3,"minecraft:iron_ingot":10,"minecraft:bread":160,"minecraft:birch_planks":304,"minecraft:netherite_pickaxe":2,"minecraft:wheat_seeds":5,"minecraft:diamond_axe":2,"minecraft:oak_log":19,"minecraft:glass_bottle":1,"minecraft:diamond_leggings":2,"minecraft:lead":3,"minecraft:lantern":5,"minecraft:leather":11,"minecraft:spruce_door":4,"minecraft:coal":50,"minecraft:stick":773,"minecraft:emerald":63,"minecraft:spruce_leaves":2,"minecraft:grass":3,"minecraft:brush":1,"minecraft:cooked_cod":4,"minecraft:iron_axe":18,"minecraft:white_wool":27,"minecraft:gray_carpet":1,"minecraft:gravel":4,"minecraft:birch_sapling":7,"minecraft:stone_slab":4,"minecraft:salmon":1,"minecraft:carrot":121,"minecraft:shield":2,"minecraft:oak_button":18,"minecraft:spruce_trapdoor":4,"minecraft:spruce_planks":1,"minecraft:diamond_pickaxe":1,"minecraft:leather_boots":1,"minecraft:oak_sapling":2,"minecraft:white_dye":4,"minecraft:diamond_boots":2,"minecraft:bow":6},"minecraft:killed_by":{"minecraft:player":7},"minecraft:picked_up":{"minecraft:spruce_leaves":3,"minecraft:crafting_table":1,"minecraft:wheat":10,"minecraft:flower_pot":1,"minecraft:prismarine_shard":2,"minecraft:stone_slab":9,"minecraft:lead":10,"minecraft:diamond_sword":3,"minecraft:enchanted_book":4,"minecraft:potion":1,"minecraft:chain":1,"minecraft:shield":3,"minecraft:stone_stairs":8,"minecraft:string":108,"minecraft:iron_axe":6,"minecraft:iron_leggings":1,"minecraft:iron_shovel":2,"minecraft:oak_sign":5,"minecraft:glass_pane":1,"minecraft:cherry_boat":25,"minecraft:diamond_leggings":3,"minecraft:bucket":3,"minecraft:spruce_planks":31,"minecraft:netherite_upgrade_smithing_template":1,"minecraft:poppy":1,"minecraft:spruce_slab":1,"minecraft:sugar_cane":1,"minecraft:birch_sapling":7,"minecraft:spruce_trapdoor":24,"minecraft:cherry_trapdoor":1,"minecraft:furnace":3,"minecraft:egg":25,"minecraft:stick":541,"minecraft:raw_iron":2,"minecraft:stone":375,"minecraft:composter":7,"minecraft:torch":39,"minecraft:cherry_log":15,"minecraft:music_disc_pigstep":5,"minecraft:carrot":582,"minecraft:netherite_pickaxe":3,"minecraft:prismarine_crystals":4,"minecraft:arrow":2,"minecraft:rotten_flesh":3,"minecraft:diamond_chestplate":2,"minecraft:cooked_cod":50,"minecraft:shears":1,"minecraft:diamond_boots":3,"minecraft:saddle":1,"minecraft:mutton":1,"minecraft:cod":9,"minecraft:rail":65,"minecraft:white_wool":56,"minecraft:cobblestone":2622,"minecraft:stripped_oak_log":1,"minecraft:birch_log":58,"minecraft:cherry_planks":26,"minecraft:salmon":6,"minecraft:tripwire_hook":3,"minecraft:water_bucket":2,"minecraft:andesite":5,"minecraft:leather":22,"minecraft:birch_planks":152,"minecraft:flint":14,"minecraft:oak_log":241,"minecraft:cherry_fence":2,"minecraft:yellow_bed":2,"minecraft:gunpowder":2,"minecraft:dirt":406,"minecraft:lantern":10,"minecraft:white_banner":4,"minecraft:purple_carpet":5,"minecraft:leather_boots":1,"minecraft:bone":8,"minecraft:apple":6,"minecraft:kelp":9,"minecraft:bow":16,"minecraft:wheat_seeds":40,"minecraft:oak_fence_gate":1,"minecraft:iron_ingot":25,"minecraft:diamond_helmet":1,"minecraft:fletching_table":2,"minecraft:oak_planks":20,"minecraft:oak_slab":33,"minecraft:sweet_berries":3,"minecraft:brush":3,"minecraft:stripped_spruce_log":1,"minecraft:gravel":8,"minecraft:spruce_sapling":25,"minecraft:spruce_log":318,"minecraft:white_bed":79,"minecraft:grass_block":4,"minecraft:barrel":4,"minecraft:spruce_door":13,"minecraft:purple_bed":2,"minecraft:snout_armor_trim_smithing_template":2,"minecraft:white_concrete_powder":20,"minecraft:stone_axe":1,"minecraft:lever":1,"minecraft:granite":1,"minecraft:diamond_axe":5,"minecraft:grass":3,"minecraft:cherry_sapling":15,"minecraft:spruce_sign":1,"minecraft:bread":66,"minecraft:emerald":271,"minecraft:oak_button":9,"minecraft:oak_sapling":18,"minecraft:coal":164,"minecraft:ender_pearl":1,"minecraft:diamond_pickaxe":6},"minecraft:custom":{"minecraft:mob_kills":13,"minecraft:interact_with_anvil":1,"minecraft:interact_with_crafting_table":20,"minecraft:open_barrel":4,"minecraft:leave_game":8,"minecraft:time_since_death":30433,"minecraft:sprint_one_cm":1213931,"minecraft:walk_one_cm":652230,"minecraft:drop":110,"minecraft:talked_to_villager":66,"minecraft:play_time":414832,"minecraft:deaths":8,"minecraft:sneak_time":10517,"minecraft:walk_under_water_one_cm":64269,"minecraft:boat_one_cm":805162,"minecraft:interact_with_lectern":1,"minecraft:jump":4285,"minecraft:interact_with_blast_furnace":1,"minecraft:walk_on_water_one_cm":74500,"minecraft:total_world_time":414832,"minecraft:interact_with_furnace":11,"minecraft:play_record":3,"minecraft:traded_with_villager":140,"minecraft:sleep_in_bed":12,"minecraft:time_since_rest":30458,"minecraft:damage_taken":4058,"minecraft:damage_dealt":3926,"minecraft:swim_one_cm":63234,"minecraft:fly_one_cm":1009370,"minecraft:player_kills":2,"minecraft:open_chest":188,"minecraft:crouch_one_cm":21801,"minecraft:fall_one_cm":79079,"minecraft:horse_one_cm":245541},"minecraft:mined":{"minecraft:spruce_planks":1,"minecraft:white_bed":79,"minecraft:farmland":13,"minecraft:cherry_log":13,"minecraft:spruce_trapdoor":16,"minecraft:cherry_trapdoor":1,"minecraft:grass_block":309,"minecraft:white_concrete":4,"minecraft:spruce_leaves":90,"minecraft:composter":7,"minecraft:kelp":2,"minecraft:spruce_sapling":1,"minecraft:furnace":2,"minecraft:carrots":137,"minecraft:iron_ore":2,"minecraft:barrel":5,"minecraft:andesite":3,"minecraft:fletching_table":2,"minecraft:oak_sign":1,"minecraft:stone":660,"minecraft:tripwire":3,"minecraft:podzol":4,"minecraft:cherry_planks":11,"minecraft:kelp_plant":3,"minecraft:spruce_door":7,"minecraft:torch":4,"minecraft:poppy":1,"minecraft:stone_slab":5,"minecraft:tall_grass":8,"minecraft:cobblestone":105,"minecraft:sugar_cane":1,"minecraft:oak_planks":7,"minecraft:wall_torch":7,"minecraft:spruce_sign":1,"minecraft:purple_bed":2,"minecraft:birch_log":58,"minecraft:wheat":13,"minecraft:sweet_berry_bush":2,"minecraft:spruce_log":318,"minecraft:birch_leaves":4,"minecraft:yellow_bed":2,"minecraft:grass":16,"minecraft:oak_log":243,"minecraft:oak_fence_gate":1,"minecraft:cherry_leaves":6,"minecraft:gravel":6,"minecraft:dirt":77,"minecraft:tripwire_hook":4,"minecraft:oak_leaves":33},"minecraft:used":{"minecraft:cherry_boat":26,"minecraft:cherry_sapling":13,"minecraft:iron_shovel":306,"minecraft:oak_sign":2,"minecraft:chest":1,"minecraft:white_concrete_powder":20,"minecraft:spruce_planks":150,"minecraft:stone":191,"minecraft:rotten_flesh":2,"minecraft:spruce_leaves":1,"minecraft:torch":22,"minecraft:dirt":387,"minecraft:carrot":169,"minecraft:oak_fence_gate":1,"minecraft:music_disc_pigstep":3,"minecraft:iron_axe":347,"minecraft:grass_block":2,"minecraft:cherry_trapdoor":3,"minecraft:cherry_fence_gate":2,"minecraft:barrel":6,"minecraft:tripwire_hook":5,"minecraft:bow":8,"minecraft:written_book":1,"minecraft:furnace":3,"minecraft:oak_sapling":16,"minecraft:cooked_cod":28,"minecraft:netherite_pickaxe":4,"minecraft:egg":23,"minecraft:cherry_fence":4,"minecraft:cherry_log":2,"minecraft:wheat_seeds":30,"minecraft:water_bucket":42,"minecraft:diamond_boots":1,"minecraft:spruce_door":15,"minecraft:lead":1,"minecraft:oak_planks":7,"minecraft:ender_pearl":1,"minecraft:cherry_planks":47,"minecraft:composter":7,"minecraft:spruce_sign":1,"minecraft:white_dye":1,"minecraft:fletching_table":3,"minecraft:diamond_axe":543,"minecraft:rail":15,"minecraft:crafting_table":2,"minecraft:white_bed":79,"minecraft:book":1,"minecraft:shears":13,"minecraft:spruce_log":25,"minecraft:oak_log":1,"minecraft:lever":3,"minecraft:flower_pot":1,"minecraft:diamond_pickaxe":788,"minecraft:string":23,"minecraft:spruce_trapdoor":22,"minecraft:stone_slab":1,"minecraft:spruce_sapling":18,"minecraft:gravel":3,"minecraft:stone_axe":1,"minecraft:diamond_sword":27,"minecraft:cobblestone":123,"minecraft:potion":1,"minecraft:purple_bed":2,"minecraft:grindstone":1,"minecraft:white_banner":2,"minecraft:cooked_porkchop":2,"minecraft:chain":1,"minecraft:bucket":43,"minecraft:glass_pane":1,"minecraft:yellow_bed":2,"minecraft:brush":20,"minecraft:bone_meal":25}},"DataVersion":3465}