{"stats":{"minecraft:custom":{"minecraft:mob_kills":32,"minecraft:open_barrel":3,"minecraft:interact_with_crafting_table":108,"minecraft:leave_game":6,"minecraft:time_since_death":489208,"minecraft:sprint_one_cm":1426302,"minecraft:damage_blocked_by_shield":1375,"minecraft:walk_one_cm":2811563,"minecraft:drop":343,"minecraft:talked_to_villager":1,"minecraft:play_time":598155,"minecraft:sneak_time":14657,"minecraft:deaths":3,"minecraft:walk_under_water_one_cm":48070,"minecraft:boat_one_cm":4134,"minecraft:jump":2436,"minecraft:walk_on_water_one_cm":26885,"minecraft:total_world_time":598155,"minecraft:interact_with_furnace":202,"minecraft:play_record":20,"minecraft:interact_with_grindstone":1,"minecraft:sleep_in_bed":5,"minecraft:time_since_rest":79935,"minecraft:damage_taken":2202,"minecraft:damage_dealt":7514,"minecraft:swim_one_cm":70854,"minecraft:fly_one_cm":393829,"minecraft:player_kills":8,"minecraft:open_chest":238,"minecraft:crouch_one_cm":45873,"minecraft:interact_with_smoker":8,"minecraft:fall_one_cm":45054},"minecraft:killed_by":{"minecraft:player":2},"minecraft:mined":{"minecraft:white_bed":1,"minecraft:oak_sapling":7,"minecraft:deepslate_diamond_ore":1,"minecraft:oak_door":3,"minecraft:cobblestone_stairs":2,"minecraft:granite":215,"minecraft:grass_block":455,"minecraft:kelp":21,"minecraft:oak_wall_sign":3,"minecraft:oxeye_daisy":6,"minecraft:oak_trapdoor":17,"minecraft:glowstone":95,"minecraft:furnace":2,"minecraft:fire":1,"minecraft:iron_ore":4,"minecraft:cobbled_deepslate":1,"minecraft:andesite":221,"minecraft:azure_bluet":1,"minecraft:enchanting_table":2,"minecraft:dirt_path":17,"minecraft:deepslate_iron_ore":1,"minecraft:oak_stairs":7,"minecraft:lantern":11,"minecraft:stripped_oak_log":3,"minecraft:birch_wall_sign":1,"minecraft:stone":3711,"minecraft:oak_slab":103,"minecraft:kelp_plant":17,"minecraft:lily_of_the_valley":3,"minecraft:basalt":105,"minecraft:dandelion":3,"minecraft:oak_fence":58,"minecraft:crafting_table":5,"minecraft:torch":9,"minecraft:poppy":27,"minecraft:nether_quartz_ore":4,"minecraft:chest":25,"minecraft:stone_slab":2,"minecraft:campfire":2,"minecraft:copper_ore":21,"minecraft:tall_grass":1,"minecraft:cobblestone":275,"minecraft:oak_planks":132,"minecraft:diorite":280,"minecraft:wall_torch":42,"minecraft:birch_sapling":2,"minecraft:stone_stairs":4,"minecraft:cobblestone_wall":2,"minecraft:birch_log":18,"minecraft:jukebox":5,"minecraft:birch_leaves":2,"minecraft:birch_door":1,"minecraft:white_wall_banner":1,"minecraft:grass":11,"minecraft:oak_log":599,"minecraft:coal_ore":98,"minecraft:gravel":67,"minecraft:dirt":757,"minecraft:stone_bricks":3,"minecraft:netherrack":36,"minecraft:oak_leaves":273,"minecraft:deepslate":4},"minecraft:picked_up":{"minecraft:crafting_table":6,"minecraft:charcoal":4,"minecraft:birch_door":1,"minecraft:azure_bluet":2,"minecraft:chicken":5,"minecraft:stone_slab":2,"minecraft:lead":2,"minecraft:oak_stairs":7,"minecraft:shield":2,"minecraft:stone_stairs":4,"minecraft:cornflower":1,"minecraft:oak_trapdoor":17,"minecraft:raw_copper":75,"minecraft:iron_axe":3,"minecraft:iron_leggings":2,"minecraft:oak_sign":3,"minecraft:gold_nugget":2,"minecraft:cobbled_deepslate":68,"minecraft:bucket":1,"minecraft:spruce_planks":1,"minecraft:oak_boat":1,"minecraft:iron_nugget":47,"minecraft:poppy":30,"minecraft:iron_pickaxe":15,"minecraft:chest":25,"minecraft:birch_sapling":3,"minecraft:furnace":3,"minecraft:iron_boots":2,"minecraft:egg":4,"minecraft:stick":49,"minecraft:raw_iron":18,"minecraft:stone":508,"minecraft:oak_door":4,"minecraft:jukebox":5,"minecraft:oak_fence":59,"minecraft:torch":247,"minecraft:dried_kelp":9,"minecraft:cherry_log":82,"minecraft:diorite":291,"minecraft:music_disc_pigstep":20,"minecraft:carrot":4,"minecraft:honey_bottle":1,"minecraft:stone_sword":1,"minecraft:arrow":6,"minecraft:rotten_flesh":18,"minecraft:diamond_chestplate":1,"minecraft:cooked_cod":3,"minecraft:glowstone":85,"minecraft:white_wool":10,"minecraft:cobblestone":3877,"minecraft:oxeye_daisy":9,"minecraft:stripped_oak_log":3,"minecraft:birch_log":18,"minecraft:enchanting_table":2,"minecraft:feather":10,"minecraft:basalt":96,"minecraft:andesite":215,"minecraft:leather":35,"minecraft:flint":8,"minecraft:oak_log":1009,"minecraft:cobblestone_wall":2,"minecraft:gunpowder":1,"minecraft:cobblestone_stairs":2,"minecraft:lapis_lazuli":64,"minecraft:dirt":1014,"minecraft:lantern":12,"minecraft:white_banner":3,"minecraft:bone":5,"minecraft:apple":14,"minecraft:stone_bricks":7,"minecraft:kelp":56,"minecraft:bow":1,"minecraft:wheat_seeds":7,"minecraft:raw_gold":9,"minecraft:rabbit_hide":1,"minecraft:iron_ingot":34,"minecraft:stone_pickaxe":11,"minecraft:diamond_helmet":1,"minecraft:iron_sword":1,"minecraft:oak_planks":296,"minecraft:oak_slab":118,"minecraft:nether_quartz_ore":4,"minecraft:dandelion":6,"minecraft:gravel":56,"minecraft:grass_block":44,"minecraft:ink_sac":6,"minecraft:white_bed":1,"minecraft:lily_of_the_valley":7,"minecraft:purple_bed":1,"minecraft:diamond":53,"minecraft:stone_axe":2,"minecraft:granite":211,"minecraft:birch_sign":1,"minecraft:golden_apple":4,"minecraft:bread":23,"minecraft:baked_potato":46,"minecraft:oak_sapling":87,"minecraft:netherrack":34,"minecraft:coal":174,"minecraft:diamond_pickaxe":2},"minecraft:crafted":{"minecraft:oak_door":9,"minecraft:oak_planks":1858,"minecraft:stone_shovel":14,"minecraft:oak_sign":3,"minecraft:iron_nugget":144,"minecraft:cooked_chicken":3,"minecraft:furnace":9,"minecraft:cobblestone_stairs":76,"minecraft:stone":1039,"minecraft:bone_meal":12,"minecraft:stone_stairs":36,"minecraft:cooked_mutton":1,"minecraft:glass_pane":48,"minecraft:oak_trapdoor":14,"minecraft:glass":35,"minecraft:lantern":23,"minecraft:diamond_helmet":1,"minecraft:diamond_leggings":1,"minecraft:iron_axe":7,"minecraft:stone_pickaxe":27,"minecraft:cobblestone_wall":36,"minecraft:chest":21,"minecraft:diamond_boots":1,"minecraft:oak_fence":24,"minecraft:smoker":2,"minecraft:oak_slab":246,"minecraft:crafting_table":4,"minecraft:dried_kelp":2,"minecraft:wooden_pickaxe":1,"minecraft:baked_potato":13,"minecraft:iron_sword":1,"minecraft:polished_granite":164,"minecraft:cooked_salmon":1,"minecraft:birch_planks":32,"minecraft:campfire":4,"minecraft:stone_axe":7,"minecraft:air":0,"minecraft:oak_boat":1,"minecraft:shield":3,"minecraft:stick":356,"minecraft:iron_ingot":10,"minecraft:oak_stairs":56,"minecraft:stone_sword":1,"minecraft:stonecutter":2,"minecraft:white_bed":1,"minecraft:torch":220,"minecraft:diamond_chestplate":1},"minecraft:killed":{"minecraft:zombified_piglin":3,"minecraft:skeleton":3,"minecraft:chicken":3,"minecraft:creeper":1,"minecraft:squid":1,"minecraft:trader_llama":2,"minecraft:pillager":5,"minecraft:zombie":13},"minecraft:broken":{"minecraft:wooden_pickaxe":1,"minecraft:stone_pickaxe":23,"minecraft:iron_axe":4,"minecraft:iron_pickaxe":7,"minecraft:stone_shovel":4},"minecraft:dropped":{"minecraft:iron_ingot":12,"minecraft:bread":7,"minecraft:iron_sword":2,"minecraft:wheat_seeds":2,"minecraft:cherry_log":64,"minecraft:oak_log":3,"minecraft:baked_potato":21,"minecraft:diamond":32,"minecraft:oak_fence":11,"minecraft:lantern":6,"minecraft:apple":2,"minecraft:oxeye_daisy":3,"minecraft:diorite":19,"minecraft:iron_leggings":1,"minecraft:iron_axe":4,"minecraft:iron_pickaxe":5,"minecraft:white_wool":10,"minecraft:dandelion":2,"minecraft:stone_axe":2,"minecraft:oak_trapdoor":10,"minecraft:iron_nugget":2,"minecraft:cobbled_deepslate":64,"minecraft:rotten_flesh":3,"minecraft:oak_planks":42,"minecraft:iron_boots":1,"minecraft:azure_bluet":1,"minecraft:white_bed":1,"minecraft:glass_pane":52,"minecraft:poppy":2,"minecraft:shield":2,"minecraft:diamond_pickaxe":2,"minecraft:purple_bed":1,"minecraft:stone_bricks":1,"minecraft:glass":28,"minecraft:stone_pickaxe":6,"minecraft:raw_gold":9},"minecraft:used":{"minecraft:oak_fence":30,"minecraft:oak_trapdoor":21,"minecraft:enchanting_table":3,"minecraft:stone_sword":11,"minecraft:stone_shovel":1009,"minecraft:dried_kelp":26,"minecraft:oak_sign":3,"minecraft:poppy":25,"minecraft:chest":43,"minecraft:shield":56,"minecraft:stone":948,"minecraft:cooked_salmon":1,"minecraft:cooked_chicken":3,"minecraft:oak_door":12,"minecraft:torch":333,"minecraft:dirt":645,"minecraft:cobblestone_wall":22,"minecraft:carrot":8,"minecraft:stone_stairs":4,"minecraft:diamond_helmet":1,"minecraft:birch_door":1,"minecraft:glass":7,"minecraft:music_disc_pigstep":20,"minecraft:lantern":23,"minecraft:iron_axe":1074,"minecraft:oak_stairs":23,"minecraft:birch_sapling":2,"minecraft:iron_boots":2,"minecraft:stone_bricks":1,"minecraft:glowstone":85,"minecraft:basalt":96,"minecraft:bow":24,"minecraft:oak_sapling":35,"minecraft:furnace":8,"minecraft:cooked_cod":3,"minecraft:egg":2,"minecraft:iron_leggings":2,"minecraft:cooked_mutton":1,"minecraft:water_bucket":40,"minecraft:cobblestone_stairs":20,"minecraft:stone_pickaxe":3013,"minecraft:baked_potato":38,"minecraft:oak_planks":1002,"minecraft:wooden_pickaxe":35,"minecraft:stonecutter":2,"minecraft:oak_slab":212,"minecraft:crafting_table":8,"minecraft:white_bed":1,"minecraft:campfire":4,"minecraft:smoker":2,"minecraft:oak_log":288,"minecraft:diamond_pickaxe":370,"minecraft:apple":11,"minecraft:oxeye_daisy":3,"minecraft:bread":4,"minecraft:iron_pickaxe":1884,"minecraft:gravel":1,"minecraft:stone_axe":212,"minecraft:cobblestone":809,"minecraft:white_banner":3,"minecraft:bucket":41,"minecraft:glass_pane":6,"minecraft:oak_boat":1,"minecraft:jukebox":5}},"DataVersion":3465}