{"stats":{"minecraft:custom":{"minecraft:interact_with_furnace":14,"minecraft:mob_kills":3,"minecraft:interact_with_crafting_table":23,"minecraft:leave_game":2,"minecraft:time_since_death":89681,"minecraft:time_since_rest":89704,"minecraft:sprint_one_cm":177642,"minecraft:damage_taken":897,"minecraft:walk_one_cm":456793,"minecraft:damage_blocked_by_shield":80,"minecraft:drop":38,"minecraft:damage_dealt":950,"minecraft:swim_one_cm":25824,"minecraft:fly_one_cm":58596,"minecraft:player_kills":2,"minecraft:open_chest":19,"minecraft:crouch_one_cm":11716,"minecraft:play_time":101462,"minecraft:deaths":2,"minecraft:sneak_time":2976,"minecraft:walk_under_water_one_cm":19084,"minecraft:jump":464,"minecraft:walk_on_water_one_cm":8342,"minecraft:total_world_time":101462,"minecraft:fall_one_cm":6848},"minecraft:killed_by":{"minecraft:player":2},"minecraft:mined":{"minecraft:kelp_plant":17,"minecraft:lily_of_the_valley":3,"minecraft:oak_fence":29,"minecraft:crafting_table":1,"minecraft:torch":1,"minecraft:grass_block":286,"minecraft:poppy":1,"minecraft:copper_ore":1,"minecraft:cobblestone":63,"minecraft:kelp":21,"minecraft:cobblestone_wall":2,"minecraft:grass":4,"minecraft:oak_log":44,"minecraft:coal_ore":20,"minecraft:dirt_path":11,"minecraft:dirt":497,"minecraft:stone":645,"minecraft:oak_leaves":65},"minecraft:picked_up":{"minecraft:crafting_table":1,"minecraft:feather":2,"minecraft:oak_log":54,"minecraft:cobblestone_wall":2,"minecraft:dirt":647,"minecraft:raw_copper":2,"minecraft:iron_leggings":1,"minecraft:bone":3,"minecraft:apple":2,"minecraft:kelp":56,"minecraft:wheat_seeds":1,"minecraft:stone_pickaxe":3,"minecraft:iron_ingot":19,"minecraft:oak_boat":1,"minecraft:poppy":1,"minecraft:oak_planks":177,"minecraft:egg":1,"minecraft:iron_boots":1,"minecraft:furnace":1,"minecraft:stick":3,"minecraft:raw_iron":7,"minecraft:oak_fence":30,"minecraft:torch":62,"minecraft:dried_kelp":9,"minecraft:ink_sac":3,"minecraft:carrot":4,"minecraft:lily_of_the_valley":7,"minecraft:stone_sword":1,"minecraft:arrow":1,"minecraft:cooked_cod":3,"minecraft:diamond":17,"minecraft:stone_axe":2,"minecraft:oak_sapling":20,"minecraft:coal":49,"minecraft:cobblestone":726},"minecraft:crafted":{"minecraft:oak_door":3,"minecraft:oak_planks":142,"minecraft:stone_shovel":9,"minecraft:crafting_table":1,"minecraft:dried_kelp":2,"minecraft:wooden_pickaxe":1,"minecraft:iron_sword":1,"minecraft:furnace":2,"minecraft:cooked_salmon":1,"minecraft:cobblestone_stairs":40,"minecraft:stone_axe":4,"minecraft:oak_boat":1,"minecraft:glass":35,"minecraft:diamond_helmet":1,"minecraft:shield":3,"minecraft:iron_axe":1,"minecraft:stick":76,"minecraft:stone_pickaxe":6,"minecraft:cobblestone_wall":36,"minecraft:stone_sword":1,"minecraft:torch":60,"minecraft:diamond_chestplate":1},"minecraft:killed":{"minecraft:squid":1,"minecraft:skeleton":2},"minecraft:dropped":{"minecraft:iron_ingot":10,"minecraft:iron_sword":1,"minecraft:stone_axe":2,"minecraft:oak_log":1,"minecraft:oak_planks":8,"minecraft:shield":1,"minecraft:glass":28,"minecraft:stone_pickaxe":2},"minecraft:used":{"minecraft:oak_fence":1,"minecraft:stone_sword":11,"minecraft:cobblestone_stairs":16,"minecraft:stone_pickaxe":747,"minecraft:stone_shovel":802,"minecraft:dried_kelp":21,"minecraft:oak_planks":1,"minecraft:shield":2,"minecraft:wooden_pickaxe":35,"minecraft:cooked_salmon":1,"minecraft:oak_door":2,"minecraft:torch":26,"minecraft:dirt":463,"minecraft:crafting_table":2,"minecraft:cobblestone_wall":22,"minecraft:carrot":4,"minecraft:glass":7,"minecraft:apple":1,"minecraft:iron_axe":2,"minecraft:iron_boots":1,"minecraft:stone_axe":36,"minecraft:cobblestone":302,"minecraft:furnace":2,"minecraft:cooked_cod":3,"minecraft:oak_boat":1,"minecraft:iron_leggings":1},"minecraft:broken":{"minecraft:stone_pickaxe":5,"minecraft:stone_shovel":4,"minecraft:wooden_pickaxe":1}},"DataVersion":3465}