{"stats":{"minecraft:broken":{"minecraft:wooden_pickaxe":1,"minecraft:stone_pickaxe":19,"minecraft:iron_axe":4,"minecraft:iron_pickaxe":2,"minecraft:stone_shovel":4},"minecraft:custom":{"minecraft:mob_kills":24,"minecraft:interact_with_crafting_table":97,"minecraft:leave_game":5,"minecraft:time_since_death":292765,"minecraft:sprint_one_cm":833869,"minecraft:walk_one_cm":1918742,"minecraft:damage_blocked_by_shield":468,"minecraft:drop":271,"minecraft:talked_to_villager":1,"minecraft:play_time":401712,"minecraft:deaths":3,"minecraft:sneak_time":10673,"minecraft:walk_under_water_one_cm":40973,"minecraft:jump":1820,"minecraft:walk_on_water_one_cm":22142,"minecraft:total_world_time":401712,"minecraft:interact_with_furnace":148,"minecraft:play_record":3,"minecraft:sleep_in_bed":4,"minecraft:time_since_rest":14909,"minecraft:damage_taken":1710,"minecraft:damage_dealt":5203,"minecraft:swim_one_cm":50659,"minecraft:fly_one_cm":286183,"minecraft:player_kills":5,"minecraft:open_chest":154,"minecraft:crouch_one_cm":34292,"minecraft:interact_with_smoker":3,"minecraft:fall_one_cm":37000},"minecraft:picked_up":{"minecraft:charcoal":4,"minecraft:birch_door":1,"minecraft:crafting_table":6,"minecraft:azure_bluet":2,"minecraft:chicken":5,"minecraft:lead":2,"minecraft:oak_stairs":1,"minecraft:shield":2,"minecraft:cornflower":1,"minecraft:oak_trapdoor":17,"minecraft:raw_copper":32,"minecraft:iron_axe":2,"minecraft:iron_leggings":2,"minecraft:oak_sign":3,"minecraft:cobbled_deepslate":68,"minecraft:bucket":1,"minecraft:spruce_planks":1,"minecraft:oak_boat":1,"minecraft:iron_nugget":47,"minecraft:poppy":30,"minecraft:iron_pickaxe":4,"minecraft:chest":25,"minecraft:birch_sapling":3,"minecraft:egg":4,"minecraft:iron_boots":2,"minecraft:furnace":3,"minecraft:raw_iron":18,"minecraft:stick":45,"minecraft:jukebox":1,"minecraft:oak_door":3,"minecraft:oak_fence":59,"minecraft:torch":217,"minecraft:dried_kelp":9,"minecraft:cherry_log":82,"minecraft:music_disc_pigstep":3,"minecraft:diorite":72,"minecraft:carrot":4,"minecraft:diamond_chestplate":1,"minecraft:rotten_flesh":16,"minecraft:stone_sword":1,"minecraft:arrow":5,"minecraft:cooked_cod":3,"minecraft:white_wool":10,"minecraft:cobblestone":2620,"minecraft:oxeye_daisy":9,"minecraft:stripped_oak_log":2,"minecraft:birch_log":18,"minecraft:feather":10,"minecraft:andesite":215,"minecraft:leather":35,"minecraft:flint":5,"minecraft:oak_log":613,"minecraft:gunpowder":1,"minecraft:cobblestone_wall":2,"minecraft:cobblestone_stairs":2,"minecraft:dirt":980,"minecraft:lantern":6,"minecraft:bone":3,"minecraft:apple":14,"minecraft:kelp":56,"minecraft:bow":1,"minecraft:wheat_seeds":7,"minecraft:raw_gold":9,"minecraft:rabbit_hide":1,"minecraft:stone_pickaxe":11,"minecraft:iron_ingot":25,"minecraft:diamond_helmet":1,"minecraft:oak_planks":255,"minecraft:oak_slab":110,"minecraft:dandelion":6,"minecraft:gravel":41,"minecraft:ink_sac":3,"minecraft:white_bed":1,"minecraft:lily_of_the_valley":7,"minecraft:purple_bed":1,"minecraft:diamond":51,"minecraft:stone_axe":2,"minecraft:granite":1,"minecraft:birch_sign":1,"minecraft:bread":23,"minecraft:baked_potato":41,"minecraft:oak_sapling":81,"minecraft:coal":112,"minecraft:diamond_pickaxe":1},"minecraft:crafted":{"minecraft:oak_door":3,"minecraft:oak_planks":1394,"minecraft:stone_shovel":14,"minecraft:oak_sign":3,"minecraft:iron_nugget":144,"minecraft:cooked_chicken":3,"minecraft:furnace":9,"minecraft:stone":559,"minecraft:cobblestone_stairs":76,"minecraft:bone_meal":12,"minecraft:cooked_mutton":1,"minecraft:oak_trapdoor":14,"minecraft:lantern":23,"minecraft:glass":35,"minecraft:diamond_leggings":1,"minecraft:diamond_helmet":1,"minecraft:iron_axe":4,"minecraft:stone_pickaxe":21,"minecraft:cobblestone_wall":36,"minecraft:chest":21,"minecraft:diamond_boots":1,"minecraft:oak_fence":24,"minecraft:smoker":2,"minecraft:oak_slab":120,"minecraft:crafting_table":3,"minecraft:dried_kelp":2,"minecraft:wooden_pickaxe":1,"minecraft:iron_sword":1,"minecraft:cooked_salmon":1,"minecraft:birch_planks":32,"minecraft:campfire":4,"minecraft:stone_axe":7,"minecraft:air":0,"minecraft:oak_boat":1,"minecraft:shield":3,"minecraft:stick":332,"minecraft:iron_ingot":10,"minecraft:oak_stairs":16,"minecraft:stone_sword":1,"minecraft:stonecutter":2,"minecraft:white_bed":1,"minecraft:torch":220,"minecraft:diamond_chestplate":1},"minecraft:used":{"minecraft:oak_trapdoor":21,"minecraft:oak_fence":30,"minecraft:stone_sword":11,"minecraft:stone_shovel":1009,"minecraft:dried_kelp":26,"minecraft:poppy":25,"minecraft:oak_sign":3,"minecraft:chest":43,"minecraft:shield":19,"minecraft:stone":441,"minecraft:cooked_salmon":1,"minecraft:cooked_chicken":3,"minecraft:oak_door":6,"minecraft:torch":254,"minecraft:dirt":645,"minecraft:cobblestone_wall":22,"minecraft:carrot":4,"minecraft:diamond_helmet":1,"minecraft:birch_door":1,"minecraft:glass":7,"minecraft:music_disc_pigstep":3,"minecraft:lantern":23,"minecraft:iron_axe":899,"minecraft:oak_stairs":13,"minecraft:birch_sapling":2,"minecraft:iron_boots":2,"minecraft:bow":24,"minecraft:furnace":8,"minecraft:oak_sapling":29,"minecraft:cooked_cod":3,"minecraft:egg":2,"minecraft:iron_leggings":2,"minecraft:cooked_mutton":1,"minecraft:water_bucket":7,"minecraft:cobblestone_stairs":20,"minecraft:stone_pickaxe":2614,"minecraft:baked_potato":13,"minecraft:oak_planks":723,"minecraft:wooden_pickaxe":35,"minecraft:stonecutter":2,"minecraft:oak_slab":144,"minecraft:crafting_table":7,"minecraft:white_bed":1,"minecraft:campfire":4,"minecraft:smoker":2,"minecraft:oak_log":187,"minecraft:apple":11,"minecraft:oxeye_daisy":3,"minecraft:bread":4,"minecraft:iron_pickaxe":385,"minecraft:stone_axe":194,"minecraft:cobblestone":641,"minecraft:bucket":7,"minecraft:oak_boat":1,"minecraft:jukebox":1},"minecraft:killed_by":{"minecraft:player":2},"minecraft:killed":{"minecraft:skeleton":3,"minecraft:chicken":3,"minecraft:creeper":1,"minecraft:squid":1,"minecraft:trader_llama":2,"minecraft:zombie":13},"minecraft:mined":{"minecraft:white_bed":1,"minecraft:oak_sapling":7,"minecraft:deepslate_diamond_ore":1,"minecraft:oak_door":1,"minecraft:cobblestone_stairs":2,"minecraft:granite":1,"minecraft:grass_block":410,"minecraft:kelp":21,"minecraft:oak_wall_sign":3,"minecraft:oxeye_daisy":6,"minecraft:oak_trapdoor":17,"minecraft:furnace":2,"minecraft:iron_ore":4,"minecraft:cobbled_deepslate":1,"minecraft:andesite":221,"minecraft:azure_bluet":1,"minecraft:deepslate_iron_ore":1,"minecraft:dirt_path":17,"minecraft:oak_stairs":1,"minecraft:lantern":5,"minecraft:stripped_oak_log":2,"minecraft:birch_wall_sign":1,"minecraft:stone":2326,"minecraft:oak_slab":96,"minecraft:kelp_plant":17,"minecraft:lily_of_the_valley":3,"minecraft:dandelion":3,"minecraft:oak_fence":58,"minecraft:crafting_table":5,"minecraft:torch":4,"minecraft:poppy":27,"minecraft:chest":25,"minecraft:campfire":2,"minecraft:tall_grass":1,"minecraft:copper_ore":9,"minecraft:cobblestone":230,"minecraft:oak_planks":78,"minecraft:diorite":53,"minecraft:wall_torch":21,"minecraft:birch_sapling":2,"minecraft:cobblestone_wall":2,"minecraft:birch_log":18,"minecraft:jukebox":1,"minecraft:birch_leaves":2,"minecraft:birch_door":1,"minecraft:grass":10,"minecraft:oak_log":543,"minecraft:coal_ore":57,"minecraft:gravel":46,"minecraft:dirt":722,"minecraft:oak_leaves":259,"minecraft:deepslate":4},"minecraft:dropped":{"minecraft:bread":7,"minecraft:iron_ingot":12,"minecraft:iron_sword":1,"minecraft:wheat_seeds":2,"minecraft:oak_log":3,"minecraft:baked_potato":15,"minecraft:diamond":30,"minecraft:oak_fence":11,"minecraft:lantern":6,"minecraft:apple":2,"minecraft:oxeye_daisy":3,"minecraft:diorite":19,"minecraft:iron_leggings":1,"minecraft:iron_pickaxe":1,"minecraft:white_wool":10,"minecraft:dandelion":2,"minecraft:stone_axe":2,"minecraft:oak_trapdoor":10,"minecraft:iron_nugget":2,"minecraft:cobbled_deepslate":64,"minecraft:rotten_flesh":3,"minecraft:iron_boots":1,"minecraft:oak_planks":42,"minecraft:azure_bluet":1,"minecraft:white_bed":1,"minecraft:poppy":2,"minecraft:shield":2,"minecraft:diamond_pickaxe":1,"minecraft:purple_bed":1,"minecraft:glass":28,"minecraft:stone_pickaxe":6,"minecraft:raw_gold":9}},"DataVersion":3465}