{"stats":{"minecraft:broken":{"minecraft:stone_pickaxe":23,"minecraft:stone_shovel":4,"minecraft:wooden_pickaxe":1,"minecraft:iron_axe":5,"minecraft:iron_pickaxe":7},"minecraft:dropped":{"minecraft:iron_sword":2,"minecraft:oak_log":23,"minecraft:baked_potato":21,"minecraft:diamond":32,"minecraft:lantern":6,"minecraft:iron_pickaxe":5,"minecraft:white_wool":10,"minecraft:stone_axe":4,"minecraft:iron_nugget":2,"minecraft:cobbled_deepslate":64,"minecraft:rotten_flesh":3,"minecraft:oak_planks":42,"minecraft:azure_bluet":1,"minecraft:white_bed":1,"minecraft:carrot":18,"minecraft:poppy":2,"minecraft:glass":28,"minecraft:iron_ingot":12,"minecraft:bread":7,"minecraft:wheat_seeds":2,"minecraft:cherry_log":64,"minecraft:oak_fence":11,"minecraft:apple":2,"minecraft:golden_apple":4,"minecraft:oxeye_daisy":3,"minecraft:diorite":19,"minecraft:iron_leggings":1,"minecraft:iron_axe":4,"minecraft:dandelion":2,"minecraft:oak_trapdoor":10,"minecraft:iron_boots":2,"minecraft:glass_pane":52,"minecraft:shield":2,"minecraft:diamond_pickaxe":3,"minecraft:iron_chestplate":1,"minecraft:purple_bed":1,"minecraft:stone_bricks":1,"minecraft:stone_pickaxe":6,"minecraft:raw_gold":9},"minecraft:used":{"minecraft:poppy":25,"minecraft:oak_sign":3,"minecraft:chest":49,"minecraft:shield":80,"minecraft:stone":974,"minecraft:carrot":14,"minecraft:glass":9,"minecraft:music_disc_pigstep":21,"minecraft:lantern":29,"minecraft:grass_block":3,"minecraft:birch_sapling":2,"minecraft:stone_bricks":1,"minecraft:bow":24,"minecraft:furnace":10,"minecraft:oak_sapling":35,"minecraft:cooked_cod":3,"minecraft:egg":2,"minecraft:stone_pickaxe":3013,"minecraft:oak_planks":1067,"minecraft:wooden_pickaxe":35,"minecraft:golden_apple":4,"minecraft:bread":4,"minecraft:gravel":1,"minecraft:oak_boat":1,"minecraft:oak_trapdoor":21,"minecraft:oak_fence":30,"minecraft:enchanting_table":3,"minecraft:stone_sword":11,"minecraft:stone_shovel":1009,"minecraft:dried_kelp":26,"minecraft:cooked_salmon":1,"minecraft:cooked_chicken":3,"minecraft:oak_door":13,"minecraft:torch":349,"minecraft:dirt":645,"minecraft:cobblestone_wall":22,"minecraft:stone_stairs":4,"minecraft:diamond_helmet":1,"minecraft:birch_door":1,"minecraft:iron_axe":1119,"minecraft:oak_stairs":27,"minecraft:iron_boots":2,"minecraft:basalt":97,"minecraft:glowstone":85,"minecraft:iron_leggings":2,"minecraft:cooked_mutton":1,"minecraft:water_bucket":40,"minecraft:cobblestone_stairs":20,"minecraft:baked_potato":38,"minecraft:stonecutter":2,"minecraft:cobblestone_slab":26,"minecraft:oak_slab":267,"minecraft:crafting_table":11,"minecraft:campfire":4,"minecraft:white_bed":3,"minecraft:smoker":4,"minecraft:oak_log":353,"minecraft:diamond_pickaxe":491,"minecraft:apple":11,"minecraft:oxeye_daisy":3,"minecraft:iron_pickaxe":1913,"minecraft:stone_axe":283,"minecraft:cobblestone":818,"minecraft:white_banner":3,"minecraft:cooked_porkchop":2,"minecraft:bucket":41,"minecraft:glass_pane":6,"minecraft:stripped_oak_log":1,"minecraft:jukebox":7},"minecraft:mined":{"minecraft:white_bed":2,"minecraft:oak_sapling":7,"minecraft:cobblestone_stairs":2,"minecraft:granite":215,"minecraft:grass_block":459,"minecraft:oak_wall_sign":3,"minecraft:oxeye_daisy":6,"minecraft:glowstone":95,"minecraft:cobbled_deepslate":1,"minecraft:fire":1,"minecraft:iron_ore":4,"minecraft:azure_bluet":1,"minecraft:enchanting_table":2,"minecraft:dirt_path":17,"minecraft:oak_stairs":7,"minecraft:birch_wall_sign":1,"minecraft:kelp_plant":17,"minecraft:torch":13,"minecraft:poppy":27,"minecraft:chest":25,"minecraft:nether_quartz_ore":4,"minecraft:cobblestone":280,"minecraft:oak_planks":145,"minecraft:sugar_cane":27,"minecraft:wall_torch":53,"minecraft:birch_sapling":2,"minecraft:stone_stairs":4,"minecraft:birch_log":18,"minecraft:jukebox":8,"minecraft:birch_door":1,"minecraft:grass":11,"minecraft:oak_log":607,"minecraft:dirt":757,"minecraft:netherrack":36,"minecraft:oak_leaves":273,"minecraft:deepslate":4,"minecraft:deepslate_diamond_ore":1,"minecraft:oak_door":3,"minecraft:kelp":21,"minecraft:oak_trapdoor":17,"minecraft:furnace":2,"minecraft:andesite":221,"minecraft:deepslate_iron_ore":1,"minecraft:cobblestone_slab":1,"minecraft:lantern":11,"minecraft:stripped_oak_log":28,"minecraft:stone":3842,"minecraft:oak_slab":121,"minecraft:lily_of_the_valley":3,"minecraft:basalt":110,"minecraft:dandelion":3,"minecraft:oak_fence":58,"minecraft:crafting_table":7,"minecraft:campfire":2,"minecraft:stone_slab":2,"minecraft:tall_grass":1,"minecraft:copper_ore":21,"minecraft:diorite":280,"minecraft:cobblestone_wall":2,"minecraft:birch_leaves":2,"minecraft:white_wall_banner":1,"minecraft:coal_ore":98,"minecraft:cherry_leaves":3,"minecraft:gravel":67,"minecraft:stone_bricks":3},"minecraft:picked_up":{"minecraft:birch_door":1,"minecraft:iron_chestplate":1,"minecraft:stone_slab":2,"minecraft:lead":2,"minecraft:oak_stairs":7,"minecraft:raw_copper":75,"minecraft:iron_leggings":2,"minecraft:oak_sign":3,"minecraft:diamond_leggings":1,"minecraft:gold_nugget":2,"minecraft:cobbled_deepslate":68,"minecraft:bucket":1,"minecraft:spruce_planks":1,"minecraft:cobblestone_slab":2,"minecraft:iron_pickaxe":15,"minecraft:iron_boots":3,"minecraft:furnace":3,"minecraft:stick":49,"minecraft:jukebox":8,"minecraft:oak_fence":59,"minecraft:torch":266,"minecraft:porkchop":8,"minecraft:dried_kelp":9,"minecraft:cherry_log":82,"minecraft:music_disc_pigstep":22,"minecraft:diorite":293,"minecraft:stone_sword":1,"minecraft:honey_bottle":1,"minecraft:rotten_flesh":18,"minecraft:glowstone":85,"minecraft:cobblestone":3963,"minecraft:birch_log":18,"minecraft:enchanting_table":2,"minecraft:feather":10,"minecraft:magma_cream":2,"minecraft:andesite":215,"minecraft:flint":8,"minecraft:cherry_fence":4,"minecraft:lapis_lazuli":64,"minecraft:dirt":1018,"minecraft:lantern":12,"minecraft:bone":5,"minecraft:bow":1,"minecraft:wheat_seeds":73,"minecraft:raw_gold":9,"minecraft:diamond_helmet":2,"minecraft:oak_planks":309,"minecraft:ink_sac":6,"minecraft:grass_block":44,"minecraft:lily_of_the_valley":7,"minecraft:diamond":53,"minecraft:granite":211,"minecraft:golden_apple":4,"minecraft:bread":23,"minecraft:oak_sapling":87,"minecraft:netherrack":34,"minecraft:diamond_pickaxe":5,"minecraft:charcoal":4,"minecraft:crafting_table":8,"minecraft:azure_bluet":2,"minecraft:chicken":5,"minecraft:shield":3,"minecraft:cornflower":1,"minecraft:oak_trapdoor":17,"minecraft:stone_stairs":4,"minecraft:iron_axe":3,"minecraft:oak_boat":1,"minecraft:iron_nugget":47,"minecraft:poppy":30,"minecraft:sugar_cane":49,"minecraft:chest":25,"minecraft:birch_sapling":3,"minecraft:egg":4,"minecraft:raw_iron":18,"minecraft:stone":613,"minecraft:oak_door":4,"minecraft:carrot":24,"minecraft:arrow":15,"minecraft:diamond_chestplate":2,"minecraft:cooked_cod":3,"minecraft:diamond_boots":1,"minecraft:white_wool":10,"minecraft:oxeye_daisy":9,"minecraft:stripped_oak_log":28,"minecraft:basalt":98,"minecraft:leather":35,"minecraft:oak_log":1017,"minecraft:gunpowder":1,"minecraft:cobblestone_wall":2,"minecraft:cobblestone_stairs":2,"minecraft:white_banner":3,"minecraft:stone_bricks":7,"minecraft:apple":14,"minecraft:kelp":56,"minecraft:iron_ingot":34,"minecraft:rabbit_hide":1,"minecraft:stone_pickaxe":11,"minecraft:iron_sword":1,"minecraft:oak_slab":137,"minecraft:nether_quartz_ore":4,"minecraft:dandelion":6,"minecraft:gravel":56,"minecraft:white_bed":2,"minecraft:purple_bed":1,"minecraft:stone_axe":3,"minecraft:birch_sign":1,"minecraft:baked_potato":46,"minecraft:coal":174,"minecraft:ender_pearl":1},"minecraft:killed_by":{"minecraft:player":3},"minecraft:crafted":{"minecraft:oak_planks":2058,"minecraft:cobblestone_slab":126,"minecraft:oak_sign":3,"minecraft:cooked_chicken":3,"minecraft:stone":1040,"minecraft:cobblestone_stairs":76,"minecraft:cooked_mutton":1,"minecraft:glass":50,"minecraft:diamond_helmet":1,"minecraft:diamond_leggings":1,"minecraft:chest":24,"minecraft:oak_button":1,"minecraft:oak_fence":24,"minecraft:smoker":4,"minecraft:oak_slab":390,"minecraft:cooked_porkchop":11,"minecraft:crafting_table":6,"minecraft:wooden_pickaxe":1,"minecraft:baked_potato":45,"minecraft:birch_planks":32,"minecraft:campfire":4,"minecraft:paper":30,"minecraft:shield":3,"minecraft:stick":360,"minecraft:iron_ingot":10,"minecraft:stone_sword":1,"minecraft:oak_door":9,"minecraft:stone_shovel":14,"minecraft:iron_nugget":144,"minecraft:furnace":12,"minecraft:bone_meal":12,"minecraft:glass_pane":48,"minecraft:oak_trapdoor":14,"minecraft:stone_stairs":36,"minecraft:lantern":23,"minecraft:iron_axe":7,"minecraft:stone_pickaxe":27,"minecraft:cobblestone_wall":36,"minecraft:diamond_boots":1,"minecraft:cooked_beef":7,"minecraft:dried_kelp":2,"minecraft:iron_sword":1,"minecraft:cooked_salmon":1,"minecraft:polished_granite":164,"minecraft:stone_axe":8,"minecraft:air":0,"minecraft:oak_boat":1,"minecraft:oak_stairs":56,"minecraft:stonecutter":2,"minecraft:white_bed":2,"minecraft:torch":220,"minecraft:diamond_chestplate":1},"minecraft:killed":{"minecraft:zombified_piglin":3,"minecraft:skeleton":4,"minecraft:chicken":3,"minecraft:magma_cube":13,"minecraft:wolf":1,"minecraft:pig":5,"minecraft:creeper":1,"minecraft:trader_llama":2,"minecraft:pillager":5,"minecraft:zombie":13,"minecraft:squid":1},"minecraft:custom":{"minecraft:interact_with_crafting_table":127,"minecraft:open_barrel":3,"minecraft:leave_game":6,"minecraft:time_since_death":34116,"minecraft:sprint_one_cm":1729249,"minecraft:damage_blocked_by_shield":1455,"minecraft:drop":390,"minecraft:talked_to_villager":1,"minecraft:play_time":662579,"minecraft:deaths":4,"minecraft:jump":2896,"minecraft:walk_on_water_one_cm":29478,"minecraft:enchant_item":4,"minecraft:interact_with_furnace":217,"minecraft:play_record":21,"minecraft:sleep_in_bed":5,"minecraft:damage_dealt":8962,"minecraft:player_kills":9,"minecraft:crouch_one_cm":46198,"minecraft:interact_with_smoker":19,"minecraft:mob_kills":52,"minecraft:walk_one_cm":3158064,"minecraft:sneak_time":14934,"minecraft:walk_under_water_one_cm":51667,"minecraft:boat_one_cm":4134,"minecraft:total_world_time":662579,"minecraft:interact_with_grindstone":1,"minecraft:time_since_rest":34154,"minecraft:damage_taken":2594,"minecraft:damage_absorbed":20,"minecraft:swim_one_cm":76917,"minecraft:fly_one_cm":501191,"minecraft:open_chest":310,"minecraft:fall_one_cm":56470}},"DataVersion":3465}