{"stats":{"minecraft:killed":{"minecraft:cave_spider":2,"minecraft:zombified_piglin":3,"minecraft:spider":4,"minecraft:skeleton":20,"minecraft:chicken":9,"minecraft:cat":1,"minecraft:wolf":1,"minecraft:magma_cube":32,"minecraft:pig":10,"minecraft:salmon":7,"minecraft:iron_golem":1,"minecraft:creeper":9,"minecraft:sheep":3,"minecraft:trader_llama":2,"minecraft:pillager":5,"minecraft:zombie":47,"minecraft:ghast":1,"minecraft:cow":26,"minecraft:slime":7,"minecraft:phantom":11,"minecraft:horse":8,"minecraft:squid":1},"minecraft:mined":{"minecraft:white_bed":5,"minecraft:oak_sapling":7,"minecraft:cobblestone_stairs":2,"minecraft:granite":222,"minecraft:grass_block":474,"minecraft:oak_wall_sign":3,"minecraft:oxeye_daisy":6,"minecraft:spawner":1,"minecraft:glowstone":95,"minecraft:fire":1,"minecraft:iron_ore":152,"minecraft:cobbled_deepslate":1,"minecraft:anvil":2,"minecraft:azure_bluet":1,"minecraft:enchanting_table":2,"minecraft:cave_vines":1,"minecraft:dirt_path":17,"minecraft:oak_stairs":7,"minecraft:birch_wall_sign":1,"minecraft:blackstone":7,"minecraft:kelp_plant":17,"minecraft:torch":14,"minecraft:poppy":27,"minecraft:chest":25,"minecraft:nether_quartz_ore":4,"minecraft:glass":3,"minecraft:cobblestone":286,"minecraft:grindstone":4,"minecraft:sugar_cane":84,"minecraft:oak_planks":152,"minecraft:wall_torch":57,"minecraft:birch_sapling":2,"minecraft:stone_stairs":4,"minecraft:chain":3,"minecraft:birch_log":18,"minecraft:wheat":17,"minecraft:jukebox":8,"minecraft:stripped_oak_wood":2,"minecraft:birch_door":1,"minecraft:grass":17,"minecraft:oak_log":626,"minecraft:dirt":802,"minecraft:netherrack":36,"minecraft:oak_leaves":286,"minecraft:deepslate":23,"minecraft:deepslate_diamond_ore":39,"minecraft:oak_door":3,"minecraft:kelp":23,"minecraft:sandstone":4,"minecraft:oak_trapdoor":17,"minecraft:furnace":2,"minecraft:andesite":222,"minecraft:bookshelf":7,"minecraft:cobblestone_slab":1,"minecraft:deepslate_iron_ore":4,"minecraft:lantern":15,"minecraft:stripped_oak_log":37,"minecraft:stone":4163,"minecraft:oak_slab":124,"minecraft:lily_of_the_valley":3,"minecraft:basalt":123,"minecraft:dandelion":3,"minecraft:oak_fence":59,"minecraft:crafting_table":7,"minecraft:rose_bush":21,"minecraft:campfire":2,"minecraft:stone_slab":2,"minecraft:copper_ore":22,"minecraft:tall_grass":5,"minecraft:diorite":291,"minecraft:cobblestone_wall":2,"minecraft:birch_leaves":2,"minecraft:white_wall_banner":1,"minecraft:coal_ore":321,"minecraft:cherry_leaves":3,"minecraft:gravel":75,"minecraft:cobweb":40,"minecraft:stone_bricks":3},"minecraft:picked_up":{"minecraft:birch_door":1,"minecraft:iron_chestplate":2,"minecraft:wheat":17,"minecraft:anvil":2,"minecraft:lead":4,"minecraft:stone_slab":2,"minecraft:oak_stairs":7,"minecraft:potion":4,"minecraft:enchanted_book":14,"minecraft:string":52,"minecraft:raw_copper":79,"minecraft:cooked_salmon":2,"minecraft:iron_leggings":3,"minecraft:pufferfish":41,"minecraft:oak_sign":4,"minecraft:activator_rail":2,"minecraft:diamond_leggings":1,"minecraft:gold_nugget":2,"minecraft:cobbled_deepslate":81,"minecraft:bucket":1,"minecraft:spruce_planks":1,"minecraft:red_dye":1,"minecraft:rose_bush":21,"minecraft:cobblestone_slab":2,"minecraft:iron_pickaxe":18,"minecraft:deepslate_iron_ore":1,"minecraft:iron_boots":3,"minecraft:furnace":4,"minecraft:stick":160,"minecraft:jukebox":8,"minecraft:oak_fence":61,"minecraft:torch":311,"minecraft:porkchop":17,"minecraft:dried_kelp":9,"minecraft:cherry_log":84,"minecraft:music_disc_pigstep":31,"minecraft:diorite":294,"minecraft:stone_sword":4,"minecraft:rotten_flesh":65,"minecraft:honey_bottle":1,"minecraft:tropical_fish":10,"minecraft:glowstone":85,"minecraft:cod":161,"minecraft:cobblestone":4287,"minecraft:nautilus_shell":11,"minecraft:birch_log":35,"minecraft:enchanting_table":2,"minecraft:feather":14,"minecraft:magma_cream":3,"minecraft:andesite":216,"minecraft:potato":60,"minecraft:flint":8,"minecraft:cherry_fence":4,"minecraft:dirt":1091,"minecraft:lapis_lazuli":148,"minecraft:lantern":16,"minecraft:name_tag":6,"minecraft:leather_boots":3,"minecraft:bone":50,"minecraft:bow":26,"minecraft:wheat_seeds":248,"minecraft:raw_gold":9,"minecraft:grindstone":4,"minecraft:diamond_helmet":2,"minecraft:powered_rail":1,"minecraft:oak_planks":456,"minecraft:cooked_porkchop":3,"minecraft:ink_sac":6,"minecraft:grass_block":45,"minecraft:lily_of_the_valley":7,"minecraft:spectral_arrow":1,"minecraft:diamond":99,"minecraft:granite":216,"minecraft:golden_apple":9,"minecraft:spruce_sign":3,"minecraft:golden_horse_armor":3,"minecraft:bread":26,"minecraft:oak_sapling":88,"minecraft:netherrack":34,"minecraft:diamond_pickaxe":9,"minecraft:charcoal":4,"minecraft:fishing_rod":16,"minecraft:crafting_table":9,"minecraft:azure_bluet":2,"minecraft:chicken":11,"minecraft:leather_leggings":1,"minecraft:chain":1,"minecraft:shield":6,"minecraft:cornflower":1,"minecraft:oak_trapdoor":17,"minecraft:stone_stairs":4,"minecraft:iron_axe":3,"minecraft:blackstone":5,"minecraft:beef":71,"minecraft:oak_boat":5,"minecraft:iron_nugget":47,"minecraft:poppy":33,"minecraft:light_gray_wool":1,"minecraft:chest":25,"minecraft:sugar_cane":201,"minecraft:birch_sapling":3,"minecraft:egg":6,"minecraft:phantom_membrane":7,"minecraft:copper_ore":4,"minecraft:raw_iron":179,"minecraft:sandstone":4,"minecraft:stone":725,"minecraft:oak_door":4,"minecraft:white_dye":1,"minecraft:carrot":24,"minecraft:arrow":58,"minecraft:diamond_chestplate":2,"minecraft:cooked_cod":16,"minecraft:diamond_boots":1,"minecraft:saddle":5,"minecraft:mutton":5,"minecraft:rail":2,"minecraft:white_wool":12,"minecraft:oxeye_daisy":9,"minecraft:stripped_oak_log":37,"minecraft:basalt":109,"minecraft:glow_ink_sac":7,"minecraft:salmon":90,"minecraft:leather":75,"minecraft:oak_log":1152,"minecraft:lily_pad":5,"minecraft:gunpowder":10,"minecraft:cobblestone_wall":2,"minecraft:cobblestone_stairs":2,"minecraft:white_banner":5,"minecraft:cooked_mutton":2,"minecraft:stone_bricks":7,"minecraft:apple":14,"minecraft:kelp":59,"minecraft:stone_pickaxe":12,"minecraft:rabbit_hide":1,"minecraft:iron_ingot":40,"minecraft:cooked_chicken":5,"minecraft:iron_ore":33,"minecraft:stripped_oak_wood":4,"minecraft:iron_sword":1,"minecraft:book":21,"minecraft:oak_slab":142,"minecraft:nether_quartz_ore":4,"minecraft:dandelion":7,"minecraft:gravel":57,"minecraft:white_bed":7,"minecraft:spider_eye":5,"minecraft:purple_bed":1,"minecraft:coal_ore":64,"minecraft:slime_ball":7,"minecraft:stone_axe":10,"minecraft:iron_helmet":1,"minecraft:diamond_axe":7,"minecraft:birch_sign":1,"minecraft:baked_potato":48,"minecraft:coal":341,"minecraft:ender_pearl":2},"minecraft:killed_by":{"minecraft:player":4},"minecraft:used":{"minecraft:poppy":25,"minecraft:oak_sign":3,"minecraft:chest":49,"minecraft:shield":258,"minecraft:stone":984,"minecraft:iron_sword":47,"minecraft:carrot":14,"minecraft:glass":12,"minecraft:coal_ore":71,"minecraft:grass_block":3,"minecraft:music_disc_pigstep":30,"minecraft:lantern":33,"minecraft:birch_sapling":2,"minecraft:iron_helmet":1,"minecraft:stone_bricks":1,"minecraft:bow":269,"minecraft:furnace":10,"minecraft:oak_sapling":35,"minecraft:cooked_cod":12,"minecraft:egg":2,"minecraft:stone_pickaxe":3013,"minecraft:oak_planks":1072,"minecraft:blackstone":5,"minecraft:wooden_pickaxe":35,"minecraft:sugar_cane":25,"minecraft:diamond_axe":149,"minecraft:golden_apple":4,"minecraft:glow_berries":1,"minecraft:bread":7,"minecraft:gravel":1,"minecraft:grindstone":5,"minecraft:oak_boat":6,"minecraft:oak_trapdoor":21,"minecraft:oak_fence":30,"minecraft:enchanting_table":3,"minecraft:stone_sword":11,"minecraft:tropical_fish":1,"minecraft:stone_shovel":1058,"minecraft:dried_kelp":31,"minecraft:cooked_salmon":3,"minecraft:cooked_chicken":5,"minecraft:oak_door":13,"minecraft:torch":623,"minecraft:dirt":709,"minecraft:anvil":3,"minecraft:cobblestone_wall":22,"minecraft:stone_stairs":4,"minecraft:diamond_helmet":1,"minecraft:birch_door":1,"minecraft:bookshelf":24,"minecraft:iron_axe":1119,"minecraft:oak_stairs":27,"minecraft:iron_boots":2,"minecraft:diamond_chestplate":1,"minecraft:basalt":108,"minecraft:glowstone":85,"minecraft:cooked_beef":23,"minecraft:cobbled_deepslate":13,"minecraft:iron_leggings":3,"minecraft:wheat_seeds":30,"minecraft:cooked_mutton":6,"minecraft:water_bucket":43,"minecraft:iron_ore":37,"minecraft:cobblestone_stairs":20,"minecraft:baked_potato":51,"minecraft:stonecutter":4,"minecraft:cobblestone_slab":26,"minecraft:salmon":3,"minecraft:oak_slab":267,"minecraft:crafting_table":12,"minecraft:campfire":4,"minecraft:white_bed":7,"minecraft:cod":4,"minecraft:smoker":4,"minecraft:oak_log":362,"minecraft:wooden_hoe":8,"minecraft:diamond_pickaxe":872,"minecraft:apple":11,"minecraft:oxeye_daisy":3,"minecraft:iron_pickaxe":2356,"minecraft:stone_axe":360,"minecraft:fishing_rod":456,"minecraft:cobblestone":843,"minecraft:white_banner":5,"minecraft:cooked_porkchop":6,"minecraft:bucket":43,"minecraft:glass_pane":24,"minecraft:stripped_oak_log":1,"minecraft:jukebox":7},"minecraft:dropped":{"minecraft:iron_sword":2,"minecraft:diamond_axe":8,"minecraft:lapis_lazuli":33,"minecraft:cooked_beef":30,"minecraft:oak_log":81,"minecraft:baked_potato":59,"minecraft:diamond":45,"minecraft:crafting_table":1,"minecraft:cooked_porkchop":1,"minecraft:lantern":6,"minecraft:leather":2,"minecraft:saddle":2,"minecraft:cod":1,"minecraft:cooked_cod":18,"minecraft:iron_pickaxe":7,"minecraft:fishing_rod":11,"minecraft:white_wool":10,"minecraft:bone":1,"minecraft:stone_axe":8,"minecraft:iron_nugget":2,"minecraft:cobbled_deepslate":64,"minecraft:rotten_flesh":5,"minecraft:oak_planks":42,"minecraft:azure_bluet":1,"minecraft:white_bed":1,"minecraft:salmon":5,"minecraft:carrot":18,"minecraft:poppy":2,"minecraft:arrow":12,"minecraft:powered_rail":2,"minecraft:glass":28,"minecraft:beef":60,"minecraft:iron_ingot":13,"minecraft:enchanted_book":11,"minecraft:bread":8,"minecraft:wheat_seeds":25,"minecraft:cherry_log":64,"minecraft:deepslate_iron_ore":1,"minecraft:golden_horse_armor":5,"minecraft:diamond_leggings":2,"minecraft:oak_fence":11,"minecraft:cobblestone":111,"minecraft:lead":2,"minecraft:apple":2,"minecraft:activator_rail":4,"minecraft:music_disc_pigstep":1,"minecraft:pufferfish":2,"minecraft:golden_apple":8,"minecraft:coal":21,"minecraft:stick":61,"minecraft:oxeye_daisy":3,"minecraft:diorite":20,"minecraft:torch":128,"minecraft:cooked_salmon":22,"minecraft:diamond_helmet":2,"minecraft:potion":1,"minecraft:iron_leggings":1,"minecraft:iron_axe":4,"minecraft:string":1,"minecraft:dandelion":3,"minecraft:furnace":1,"minecraft:oak_trapdoor":10,"minecraft:stone_sword":2,"minecraft:iron_boots":2,"minecraft:name_tag":1,"minecraft:glass_pane":52,"minecraft:potato":49,"minecraft:stone":4,"minecraft:shield":3,"minecraft:diamond_chestplate":2,"minecraft:diamond_pickaxe":5,"minecraft:iron_chestplate":1,"minecraft:purple_bed":1,"minecraft:stone_bricks":1,"minecraft:diamond_boots":2,"minecraft:spider_eye":1,"minecraft:bow":15,"minecraft:stone_pickaxe":6,"minecraft:raw_gold":9},"minecraft:broken":{"minecraft:iron_chestplate":1,"minecraft:iron_leggings":1,"minecraft:stone_pickaxe":23,"minecraft:stone_shovel":4,"minecraft:wooden_pickaxe":1,"minecraft:iron_axe":5,"minecraft:iron_pickaxe":7,"minecraft:iron_helmet":1},"minecraft:crafted":{"minecraft:grindstone":1,"minecraft:oak_planks":2446,"minecraft:cobblestone_slab":132,"minecraft:oak_sign":3,"minecraft:cooked_chicken":8,"minecraft:stone":1040,"minecraft:cobblestone_stairs":76,"minecraft:bookshelf":25,"minecraft:cooked_mutton":6,"minecraft:glass":50,"minecraft:diamond_helmet":2,"minecraft:diamond_leggings":2,"minecraft:bow":3,"minecraft:iron_boots":1,"minecraft:chest":24,"minecraft:oak_button":1,"minecraft:oak_fence":24,"minecraft:smoker":4,"minecraft:oak_slab":390,"minecraft:arrow":32,"minecraft:cooked_porkchop":17,"minecraft:diamond_axe":3,"minecraft:crafting_table":8,"minecraft:wooden_pickaxe":1,"minecraft:baked_potato":69,"minecraft:iron_helmet":1,"minecraft:birch_planks":32,"minecraft:campfire":4,"minecraft:book":55,"minecraft:wooden_hoe":1,"minecraft:paper":165,"minecraft:shield":4,"minecraft:stone_slab":6,"minecraft:stick":552,"minecraft:iron_ingot":122,"minecraft:iron_block":3,"minecraft:stone_sword":1,"minecraft:oak_door":9,"minecraft:stone_shovel":14,"minecraft:fishing_rod":2,"minecraft:iron_nugget":144,"minecraft:furnace":12,"minecraft:bone_meal":12,"minecraft:oak_trapdoor":14,"minecraft:glass_pane":80,"minecraft:stone_stairs":36,"minecraft:lantern":23,"minecraft:iron_axe":7,"minecraft:stone_pickaxe":27,"minecraft:cobblestone_wall":36,"minecraft:diamond_boots":2,"minecraft:cooked_beef":58,"minecraft:sugar":1,"minecraft:cooked_cod":88,"minecraft:dried_kelp":7,"minecraft:iron_sword":2,"minecraft:cooked_salmon":42,"minecraft:polished_granite":164,"minecraft:stone_axe":10,"minecraft:air":0,"minecraft:oak_boat":1,"minecraft:oak_stairs":56,"minecraft:iron_leggings":6,"minecraft:stonecutter":2,"minecraft:anvil":1,"minecraft:white_bed":2,"minecraft:torch":592,"minecraft:diamond_chestplate":3},"minecraft:custom":{"minecraft:animals_bred":4,"minecraft:interact_with_crafting_table":211,"minecraft:open_barrel":3,"minecraft:leave_game":12,"minecraft:time_since_death":214997,"minecraft:sprint_one_cm":2916898,"minecraft:damage_blocked_by_shield":2302,"minecraft:drop":1014,"minecraft:talked_to_villager":10,"minecraft:play_time":1067126,"minecraft:deaths":6,"minecraft:jump":5831,"minecraft:walk_on_water_one_cm":50757,"minecraft:enchant_item":12,"minecraft:interact_with_furnace":324,"minecraft:play_record":30,"minecraft:sleep_in_bed":9,"minecraft:damage_dealt":19639,"minecraft:player_kills":16,"minecraft:crouch_one_cm":73932,"minecraft:interact_with_smoker":47,"minecraft:interact_with_smithing_table":1,"minecraft:mob_kills":215,"minecraft:interact_with_anvil":31,"minecraft:walk_one_cm":4456344,"minecraft:sneak_time":23622,"minecraft:walk_under_water_one_cm":98045,"minecraft:boat_one_cm":75587,"minecraft:total_world_time":1067126,"minecraft:interact_with_grindstone":5,"minecraft:interact_with_stonecutter":3,"minecraft:time_since_rest":15173,"minecraft:damage_taken":5822,"minecraft:damage_absorbed":20,"minecraft:swim_one_cm":177065,"minecraft:fly_one_cm":1121491,"minecraft:open_chest":628,"minecraft:fish_caught":282,"minecraft:fall_one_cm":134402}},"DataVersion":3465}