{"stats":{"minecraft:broken":{"minecraft:iron_chestplate":1,"minecraft:iron_leggings":1,"minecraft:stone_pickaxe":23,"minecraft:stone_shovel":4,"minecraft:wooden_pickaxe":1,"minecraft:iron_axe":5,"minecraft:iron_pickaxe":7,"minecraft:iron_helmet":1},"minecraft:killed":{"minecraft:cave_spider":2,"minecraft:zombified_piglin":6,"minecraft:spider":8,"minecraft:skeleton":23,"minecraft:bee":1,"minecraft:chicken":15,"minecraft:cat":1,"minecraft:wolf":1,"minecraft:magma_cube":32,"minecraft:pig":14,"minecraft:elder_guardian":2,"minecraft:salmon":7,"minecraft:iron_golem":1,"minecraft:creeper":10,"minecraft:sheep":3,"minecraft:trader_llama":2,"minecraft:pillager":5,"minecraft:zombie":51,"minecraft:ghast":1,"minecraft:cow":28,"minecraft:slime":7,"minecraft:phantom":11,"minecraft:horse":8,"minecraft:squid":1,"minecraft:villager":1},"minecraft:dropped":{"minecraft:iron_sword":2,"minecraft:diamond_axe":13,"minecraft:lapis_lazuli":33,"minecraft:cooked_beef":30,"minecraft:oak_log":81,"minecraft:baked_potato":59,"minecraft:diamond":45,"minecraft:crafting_table":1,"minecraft:cooked_porkchop":1,"minecraft:lantern":6,"minecraft:leather":2,"minecraft:saddle":2,"minecraft:rail":65,"minecraft:cod":9,"minecraft:cooked_cod":60,"minecraft:black_concrete":32,"minecraft:iron_pickaxe":7,"minecraft:fishing_rod":11,"minecraft:white_wool":10,"minecraft:bone":1,"minecraft:cherry_boat":3,"minecraft:stone_axe":8,"minecraft:iron_nugget":2,"minecraft:cobbled_deepslate":64,"minecraft:rotten_flesh":5,"minecraft:oak_planks":42,"minecraft:stone_stairs":8,"minecraft:azure_bluet":1,"minecraft:white_bed":1,"minecraft:salmon":5,"minecraft:carrot":45,"minecraft:poppy":2,"minecraft:arrow":12,"minecraft:powered_rail":2,"minecraft:glass":28,"minecraft:beef":60,"minecraft:oak_leaves":2,"minecraft:golden_boots":1,"minecraft:iron_ingot":24,"minecraft:enchanted_book":16,"minecraft:water_bucket":1,"minecraft:bread":40,"minecraft:wheat_seeds":25,"minecraft:cherry_log":64,"minecraft:deepslate_iron_ore":1,"minecraft:golden_horse_armor":5,"minecraft:diamond_leggings":2,"minecraft:oak_fence":11,"minecraft:cobblestone":840,"minecraft:lead":2,"minecraft:apple":2,"minecraft:activator_rail":4,"minecraft:music_disc_pigstep":1,"minecraft:spruce_door":1,"minecraft:pufferfish":2,"minecraft:golden_apple":8,"minecraft:coal":21,"minecraft:stick":63,"minecraft:oxeye_daisy":3,"minecraft:diorite":20,"minecraft:torch":128,"minecraft:cooked_salmon":22,"minecraft:diamond_helmet":2,"minecraft:potion":1,"minecraft:iron_leggings":1,"minecraft:iron_axe":4,"minecraft:iron_shovel":1,"minecraft:string":1,"minecraft:dandelion":3,"minecraft:furnace":1,"minecraft:kelp":6,"minecraft:oak_trapdoor":10,"minecraft:stone_sword":2,"minecraft:iron_boots":2,"minecraft:name_tag":1,"minecraft:glass_pane":52,"minecraft:diamond_sword":1,"minecraft:potato":49,"minecraft:stone":197,"minecraft:shield":3,"minecraft:diamond_chestplate":2,"minecraft:diamond_pickaxe":7,"minecraft:iron_chestplate":1,"minecraft:andesite":47,"minecraft:purple_bed":1,"minecraft:stone_bricks":1,"minecraft:diamond_boots":2,"minecraft:spider_eye":1,"minecraft:bow":18,"minecraft:stone_pickaxe":6,"minecraft:raw_gold":9},"minecraft:crafted":{"minecraft:black_dye":3,"minecraft:grindstone":1,"minecraft:oak_planks":2814,"minecraft:cobblestone_slab":132,"minecraft:oak_sign":3,"minecraft:cooked_chicken":8,"minecraft:stone":1040,"minecraft:cobblestone_stairs":76,"minecraft:bookshelf":29,"minecraft:cooked_mutton":6,"minecraft:glass":50,"minecraft:diamond_helmet":2,"minecraft:diamond_leggings":2,"minecraft:bow":8,"minecraft:iron_boots":1,"minecraft:chest":24,"minecraft:oak_button":1,"minecraft:oak_fence":24,"minecraft:smoker":4,"minecraft:oak_slab":432,"minecraft:arrow":68,"minecraft:cooked_porkchop":17,"minecraft:diamond_axe":3,"minecraft:crafting_table":11,"minecraft:wooden_pickaxe":1,"minecraft:baked_potato":69,"minecraft:iron_helmet":1,"minecraft:red_wool":18,"minecraft:oak_wood":12,"minecraft:birch_planks":32,"minecraft:campfire":4,"minecraft:book":68,"minecraft:wooden_hoe":1,"minecraft:paper":249,"minecraft:yellow_dye":6,"minecraft:shield":4,"minecraft:stick":552,"minecraft:stone_slab":48,"minecraft:iron_pickaxe":1,"minecraft:iron_ingot":122,"minecraft:iron_block":3,"minecraft:stone_sword":1,"minecraft:oak_door":9,"minecraft:stone_shovel":14,"minecraft:fishing_rod":2,"minecraft:iron_nugget":144,"minecraft:furnace":12,"minecraft:bone_meal":12,"minecraft:oak_trapdoor":14,"minecraft:glass_pane":80,"minecraft:stone_stairs":36,"minecraft:lantern":23,"minecraft:iron_axe":7,"minecraft:ladder":18,"minecraft:stone_pickaxe":27,"minecraft:cobblestone_wall":36,"minecraft:diamond_boots":2,"minecraft:cooked_beef":58,"minecraft:sugar":1,"minecraft:red_dye":23,"minecraft:cooked_cod":88,"minecraft:dried_kelp":7,"minecraft:iron_sword":2,"minecraft:cooked_salmon":42,"minecraft:polished_granite":164,"minecraft:red_carpet":24,"minecraft:stone_axe":10,"minecraft:air":0,"minecraft:oak_boat":1,"minecraft:oak_stairs":56,"minecraft:iron_leggings":6,"minecraft:stonecutter":2,"minecraft:anvil":1,"minecraft:white_bed":2,"minecraft:torch":644,"minecraft:diamond_chestplate":3},"minecraft:killed_by":{"minecraft:player":6,"minecraft:guardian":2},"minecraft:picked_up":{"minecraft:iron_chestplate":2,"minecraft:birch_door":1,"minecraft:wheat":20,"minecraft:anvil":2,"minecraft:diamond_sword":2,"minecraft:stone_slab":110,"minecraft:lead":4,"minecraft:oak_stairs":24,"minecraft:enchanted_book":18,"minecraft:potion":5,"minecraft:string":151,"minecraft:raw_copper":90,"minecraft:cooked_salmon":17,"minecraft:iron_leggings":6,"minecraft:pufferfish":41,"minecraft:oak_sign":8,"minecraft:cherry_boat":3,"minecraft:activator_rail":2,"minecraft:diamond_leggings":1,"minecraft:gold_nugget":5,"minecraft:cobbled_deepslate":200,"minecraft:bucket":6,"minecraft:spruce_planks":1,"minecraft:red_dye":2,"minecraft:rose_bush":37,"minecraft:cobblestone_slab":2,"minecraft:netherite_upgrade_smithing_template":2,"minecraft:iron_pickaxe":19,"minecraft:deepslate_iron_ore":1,"minecraft:iron_boots":6,"minecraft:furnace":10,"minecraft:polished_blackstone_brick_slab":37,"minecraft:stick":179,"minecraft:jukebox":9,"minecraft:oak_fence":118,"minecraft:torch":403,"minecraft:porkchop":25,"minecraft:dried_kelp":9,"minecraft:cherry_log":85,"minecraft:diorite":354,"minecraft:music_disc_pigstep":48,"minecraft:stone_sword":4,"minecraft:rotten_flesh":78,"minecraft:honey_bottle":1,"minecraft:tropical_fish":10,"minecraft:glowstone":88,"minecraft:cod":169,"minecraft:cobblestone":6275,"minecraft:nautilus_shell":13,"minecraft:birch_log":36,"minecraft:enchanting_table":2,"minecraft:magma_block":21,"minecraft:feather":23,"minecraft:magma_cream":4,"minecraft:cherry_leaves":1,"minecraft:andesite":315,"minecraft:potato":60,"minecraft:flint":34,"minecraft:light_gray_dye":1,"minecraft:tuff":5,"minecraft:cherry_fence":4,"minecraft:dirt":1294,"minecraft:lapis_lazuli":205,"minecraft:lantern":25,"minecraft:name_tag":6,"minecraft:leather_boots":3,"minecraft:bone":128,"minecraft:bow":49,"minecraft:wheat_seeds":360,"minecraft:raw_gold":19,"minecraft:bell":1,"minecraft:grindstone":4,"minecraft:diamond_helmet":2,"minecraft:powered_rail":1,"minecraft:prismarine":1,"minecraft:oak_planks":518,"minecraft:cooked_porkchop":3,"minecraft:lily_of_the_valley":10,"minecraft:ink_sac":9,"minecraft:grass_block":86,"minecraft:spectral_arrow":1,"minecraft:iron_hoe":1,"minecraft:snout_armor_trim_smithing_template":4,"minecraft:sugar":1,"minecraft:diamond":99,"minecraft:black_concrete":6,"minecraft:granite":476,"minecraft:emerald":82,"minecraft:golden_apple":9,"minecraft:spruce_sign":3,"minecraft:golden_horse_armor":3,"minecraft:bread":58,"minecraft:oak_sapling":102,"minecraft:netherrack":34,"minecraft:oak_leaves":161,"minecraft:diamond_pickaxe":14,"minecraft:fishing_rod":16,"minecraft:spruce_leaves":2,"minecraft:charcoal":4,"minecraft:crafting_table":14,"minecraft:azure_bluet":3,"minecraft:ladder":7,"minecraft:chicken":16,"minecraft:leather_leggings":1,"minecraft:chain":2,"minecraft:shield":9,"minecraft:cornflower":1,"minecraft:oak_trapdoor":19,"minecraft:stone_stairs":12,"minecraft:iron_axe":3,"minecraft:item_frame":1,"minecraft:iron_shovel":1,"minecraft:blackstone":5,"minecraft:beef":73,"minecraft:oak_boat":5,"minecraft:iron_nugget":47,"minecraft:poppy":46,"minecraft:spruce_slab":33,"minecraft:light_gray_wool":1,"minecraft:sugar_cane":270,"minecraft:chest":31,"minecraft:birch_sapling":3,"minecraft:copper_ore":20,"minecraft:phantom_membrane":8,"minecraft:egg":16,"minecraft:raw_iron":179,"minecraft:sandstone":4,"minecraft:stone":1773,"minecraft:oak_door":8,"minecraft:copper_ingot":1,"minecraft:bowl":1,"minecraft:polished_blackstone_bricks":2,"minecraft:white_dye":1,"minecraft:carrot":151,"minecraft:redstone":36,"minecraft:prismarine_crystals":1,"minecraft:iron_horse_armor":1,"minecraft:arrow":90,"minecraft:diamond_chestplate":5,"minecraft:stone_shovel":1,"minecraft:cooked_cod":16,"minecraft:shears":1,"minecraft:diamond_boots":1,"minecraft:saddle":6,"minecraft:gold_ingot":45,"minecraft:mutton":5,"minecraft:white_wool":76,"minecraft:rail":27,"minecraft:oxeye_daisy":9,"minecraft:stripped_oak_log":40,"minecraft:birch_leaves":7,"minecraft:basalt":173,"minecraft:glow_ink_sac":7,"minecraft:salmon":90,"minecraft:leather":102,"minecraft:red_mushroom":6,"minecraft:oak_log":1394,"minecraft:lily_pad":5,"minecraft:golden_boots":1,"minecraft:gunpowder":11,"minecraft:cobblestone_wall":18,"minecraft:cobblestone_stairs":26,"minecraft:paper":36,"minecraft:white_banner":7,"minecraft:cooked_mutton":2,"minecraft:red_carpet":29,"minecraft:stone_bricks":68,"minecraft:apple":15,"minecraft:kelp":66,"minecraft:rabbit_hide":1,"minecraft:iron_ingot":40,"minecraft:stone_pickaxe":12,"minecraft:cooked_chicken":5,"minecraft:iron_ore":33,"minecraft:stripped_oak_wood":4,"minecraft:iron_sword":1,"minecraft:book":21,"minecraft:oak_slab":276,"minecraft:nether_quartz_ore":4,"minecraft:milk_bucket":2,"minecraft:sweet_berries":3,"minecraft:dandelion":8,"minecraft:gravel":119,"minecraft:white_bed":7,"minecraft:spruce_door":1,"minecraft:sea_lantern":6,"minecraft:spider_eye":7,"minecraft:pumpkin_seeds":4,"minecraft:purple_bed":1,"minecraft:coal_ore":66,"minecraft:slime_ball":7,"minecraft:stone_axe":13,"minecraft:iron_helmet":4,"minecraft:diamond_axe":14,"minecraft:painting":32,"minecraft:birch_sign":2,"minecraft:baked_potato":48,"minecraft:coal":610,"minecraft:ender_pearl":2},"minecraft:custom":{"minecraft:animals_bred":4,"minecraft:interact_with_crafting_table":245,"minecraft:open_barrel":3,"minecraft:leave_game":16,"minecraft:time_since_death":52121,"minecraft:sprint_one_cm":3577246,"minecraft:damage_blocked_by_shield":2902,"minecraft:drop":1809,"minecraft:talked_to_villager":10,"minecraft:play_time":1283498,"minecraft:deaths":10,"minecraft:jump":7029,"minecraft:walk_on_water_one_cm":69632,"minecraft:enchant_item":12,"minecraft:interact_with_furnace":329,"minecraft:play_record":47,"minecraft:interact_with_loom":1,"minecraft:sleep_in_bed":12,"minecraft:damage_dealt":24836,"minecraft:player_kills":23,"minecraft:crouch_one_cm":81535,"minecraft:interact_with_smoker":50,"minecraft:interact_with_smithing_table":5,"minecraft:mob_kills":246,"minecraft:interact_with_anvil":43,"minecraft:climb_one_cm":9972,"minecraft:walk_one_cm":5332722,"minecraft:sneak_time":26125,"minecraft:walk_under_water_one_cm":144331,"minecraft:boat_one_cm":206470,"minecraft:interact_with_lectern":1,"minecraft:total_world_time":1283498,"minecraft:interact_with_grindstone":5,"minecraft:interact_with_stonecutter":7,"minecraft:time_since_rest":1102,"minecraft:damage_taken":8175,"minecraft:damage_absorbed":20,"minecraft:swim_one_cm":284531,"minecraft:fly_one_cm":1373153,"minecraft:open_chest":954,"minecraft:fish_caught":282,"minecraft:fall_one_cm":166641},"minecraft:mined":{"minecraft:white_bed":5,"minecraft:oak_sapling":7,"minecraft:cobblestone_stairs":2,"minecraft:granite":222,"minecraft:grass_block":519,"minecraft:polished_blackstone_brick_slab":1,"minecraft:oak_wall_sign":3,"minecraft:oxeye_daisy":6,"minecraft:spawner":1,"minecraft:magma_block":6,"minecraft:glowstone":98,"minecraft:fire":1,"minecraft:iron_ore":152,"minecraft:cobbled_deepslate":1,"minecraft:anvil":2,"minecraft:azure_bluet":1,"minecraft:enchanting_table":2,"minecraft:cave_vines":1,"minecraft:dirt_path":17,"minecraft:oak_stairs":20,"minecraft:birch_wall_sign":2,"minecraft:spruce_slab":1,"minecraft:blackstone":7,"minecraft:kelp_plant":17,"minecraft:torch":16,"minecraft:poppy":40,"minecraft:chest":32,"minecraft:nether_quartz_ore":4,"minecraft:glass":3,"minecraft:cobblestone":309,"minecraft:sugar_cane":118,"minecraft:grindstone":4,"minecraft:prismarine":1,"minecraft:oak_planks":210,"minecraft:wall_torch":71,"minecraft:birch_sapling":2,"minecraft:stone_stairs":4,"minecraft:chain":3,"minecraft:birch_log":18,"minecraft:wheat":17,"minecraft:jukebox":9,"minecraft:stripped_oak_wood":2,"minecraft:birch_door":1,"minecraft:grass":24,"minecraft:oak_log":815,"minecraft:dirt":813,"minecraft:netherrack":36,"minecraft:oak_leaves":543,"minecraft:deepslate":23,"minecraft:red_carpet":24,"minecraft:deepslate_diamond_ore":39,"minecraft:oak_door":3,"minecraft:sea_lantern":1,"minecraft:ladder":7,"minecraft:spruce_leaves":1,"minecraft:kelp":23,"minecraft:sandstone":4,"minecraft:oak_trapdoor":17,"minecraft:furnace":8,"minecraft:andesite":266,"minecraft:black_concrete":1,"minecraft:bell":1,"minecraft:bookshelf":7,"minecraft:deepslate_iron_ore":4,"minecraft:cobblestone_slab":1,"minecraft:lantern":21,"minecraft:stripped_oak_log":40,"minecraft:stone":5003,"minecraft:oak_slab":137,"minecraft:lily_of_the_valley":3,"minecraft:basalt":123,"minecraft:dandelion":3,"minecraft:oak_fence":59,"minecraft:crafting_table":9,"minecraft:rose_bush":37,"minecraft:campfire":2,"minecraft:stone_slab":3,"minecraft:copper_ore":27,"minecraft:tall_grass":6,"minecraft:diorite":338,"minecraft:cobblestone_wall":2,"minecraft:birch_leaves":12,"minecraft:white_wall_banner":3,"minecraft:coal_ore":323,"minecraft:cherry_leaves":4,"minecraft:gravel":75,"minecraft:cobweb":40,"minecraft:stone_bricks":3},"minecraft:used":{"minecraft:spruce_slab":1,"minecraft:ladder":19,"minecraft:poppy":25,"minecraft:oak_sign":3,"minecraft:chest":49,"minecraft:shield":272,"minecraft:stone":1095,"minecraft:iron_sword":47,"minecraft:bell":1,"minecraft:carrot":35,"minecraft:milk_bucket":4,"minecraft:glass":12,"minecraft:coal_ore":71,"minecraft:grass_block":23,"minecraft:music_disc_pigstep":47,"minecraft:lantern":42,"minecraft:birch_sapling":2,"minecraft:iron_helmet":1,"minecraft:cherry_leaves":1,"minecraft:stone_bricks":1,"minecraft:item_frame":1,"minecraft:red_carpet":53,"minecraft:bow":333,"minecraft:oak_sapling":35,"minecraft:furnace":10,"minecraft:cooked_cod":17,"minecraft:egg":9,"minecraft:stone_pickaxe":3013,"minecraft:oak_planks":1351,"minecraft:blackstone":5,"minecraft:wooden_pickaxe":35,"minecraft:sugar_cane":25,"minecraft:diamond_axe":598,"minecraft:oak_leaves":110,"minecraft:golden_apple":4,"minecraft:glow_berries":1,"minecraft:shears":192,"minecraft:black_concrete":43,"minecraft:bread":7,"minecraft:gravel":1,"minecraft:grindstone":5,"minecraft:andesite":1,"minecraft:oak_boat":6,"minecraft:oak_fence":30,"minecraft:oak_trapdoor":21,"minecraft:polished_blackstone_brick_slab":1,"minecraft:rose_bush":26,"minecraft:enchanting_table":3,"minecraft:stone_sword":11,"minecraft:tropical_fish":1,"minecraft:stone_shovel":1058,"minecraft:dried_kelp":31,"minecraft:cooked_salmon":12,"minecraft:cooked_chicken":5,"minecraft:oak_door":16,"minecraft:torch":652,"minecraft:dirt":709,"minecraft:anvil":3,"minecraft:cobblestone_wall":22,"minecraft:stone_stairs":4,"minecraft:diamond_helmet":1,"minecraft:oak_wood":6,"minecraft:birch_door":1,"minecraft:sea_lantern":6,"minecraft:bookshelf":28,"minecraft:iron_axe":1119,"minecraft:oak_stairs":40,"minecraft:iron_boots":2,"minecraft:diamond_chestplate":1,"minecraft:basalt":108,"minecraft:glowstone":85,"minecraft:cooked_beef":25,"minecraft:cobbled_deepslate":13,"minecraft:iron_leggings":3,"minecraft:cooked_mutton":6,"minecraft:wheat_seeds":30,"minecraft:water_bucket":363,"minecraft:iron_ore":37,"minecraft:cobblestone_stairs":20,"minecraft:baked_potato":51,"minecraft:stonecutter":4,"minecraft:cobblestone_slab":26,"minecraft:salmon":3,"minecraft:oak_slab":301,"minecraft:crafting_table":14,"minecraft:campfire":4,"minecraft:white_bed":8,"minecraft:cod":13,"minecraft:painting":37,"minecraft:smoker":4,"minecraft:oak_log":477,"minecraft:wooden_hoe":8,"minecraft:diamond_pickaxe":1760,"minecraft:apple":11,"minecraft:oxeye_daisy":3,"minecraft:iron_pickaxe":2552,"minecraft:stone_slab":34,"minecraft:stone_axe":360,"minecraft:fishing_rod":456,"minecraft:cobblestone":844,"minecraft:porkchop":3,"minecraft:white_banner":5,"minecraft:cooked_porkchop":9,"minecraft:bucket":364,"minecraft:glass_pane":24,"minecraft:stripped_oak_log":1,"minecraft:jukebox":8}},"DataVersion":3465}