{"stats":{"minecraft:picked_up":{"minecraft:iron_chestplate":2,"minecraft:birch_door":1,"minecraft:wheat":20,"minecraft:anvil":2,"minecraft:stone_slab":46,"minecraft:lead":4,"minecraft:oak_stairs":24,"minecraft:enchanted_book":14,"minecraft:potion":5,"minecraft:string":55,"minecraft:raw_copper":90,"minecraft:cooked_salmon":17,"minecraft:iron_leggings":4,"minecraft:pufferfish":41,"minecraft:oak_sign":8,"minecraft:activator_rail":2,"minecraft:diamond_leggings":1,"minecraft:gold_nugget":5,"minecraft:cobbled_deepslate":200,"minecraft:bucket":2,"minecraft:spruce_planks":1,"minecraft:red_dye":2,"minecraft:rose_bush":37,"minecraft:cobblestone_slab":2,"minecraft:iron_pickaxe":19,"minecraft:deepslate_iron_ore":1,"minecraft:iron_boots":4,"minecraft:furnace":10,"minecraft:polished_blackstone_brick_slab":37,"minecraft:stick":175,"minecraft:jukebox":9,"minecraft:oak_fence":118,"minecraft:torch":391,"minecraft:porkchop":17,"minecraft:dried_kelp":9,"minecraft:cherry_log":85,"minecraft:diorite":309,"minecraft:music_disc_pigstep":43,"minecraft:stone_sword":4,"minecraft:rotten_flesh":78,"minecraft:honey_bottle":1,"minecraft:tropical_fish":10,"minecraft:glowstone":88,"minecraft:cod":169,"minecraft:cobblestone":4670,"minecraft:nautilus_shell":13,"minecraft:birch_log":36,"minecraft:enchanting_table":2,"minecraft:magma_block":15,"minecraft:feather":15,"minecraft:magma_cream":4,"minecraft:cherry_leaves":1,"minecraft:andesite":224,"minecraft:potato":60,"minecraft:flint":8,"minecraft:light_gray_dye":1,"minecraft:tuff":5,"minecraft:cherry_fence":4,"minecraft:dirt":1294,"minecraft:lapis_lazuli":205,"minecraft:lantern":25,"minecraft:name_tag":6,"minecraft:leather_boots":3,"minecraft:bone":75,"minecraft:bow":28,"minecraft:wheat_seeds":360,"minecraft:raw_gold":19,"minecraft:bell":1,"minecraft:grindstone":4,"minecraft:diamond_helmet":2,"minecraft:powered_rail":1,"minecraft:prismarine":1,"minecraft:oak_planks":486,"minecraft:cooked_porkchop":3,"minecraft:lily_of_the_valley":10,"minecraft:ink_sac":9,"minecraft:grass_block":86,"minecraft:spectral_arrow":1,"minecraft:sugar":1,"minecraft:diamond":99,"minecraft:black_concrete":6,"minecraft:granite":476,"minecraft:golden_apple":9,"minecraft:spruce_sign":3,"minecraft:golden_horse_armor":3,"minecraft:bread":26,"minecraft:oak_sapling":102,"minecraft:netherrack":34,"minecraft:oak_leaves":161,"minecraft:diamond_pickaxe":11,"minecraft:fishing_rod":16,"minecraft:spruce_leaves":2,"minecraft:charcoal":4,"minecraft:crafting_table":14,"minecraft:azure_bluet":3,"minecraft:chicken":11,"minecraft:leather_leggings":1,"minecraft:chain":2,"minecraft:shield":7,"minecraft:cornflower":1,"minecraft:oak_trapdoor":19,"minecraft:stone_stairs":4,"minecraft:iron_axe":3,"minecraft:item_frame":1,"minecraft:blackstone":5,"minecraft:beef":72,"minecraft:oak_boat":5,"minecraft:iron_nugget":47,"minecraft:poppy":39,"minecraft:spruce_slab":32,"minecraft:light_gray_wool":1,"minecraft:sugar_cane":237,"minecraft:chest":31,"minecraft:birch_sapling":3,"minecraft:copper_ore":19,"minecraft:phantom_membrane":8,"minecraft:egg":7,"minecraft:raw_iron":179,"minecraft:sandstone":4,"minecraft:stone":1266,"minecraft:oak_door":8,"minecraft:copper_ingot":1,"minecraft:bowl":1,"minecraft:polished_blackstone_bricks":2,"minecraft:white_dye":1,"minecraft:carrot":32,"minecraft:prismarine_crystals":1,"minecraft:iron_horse_armor":1,"minecraft:arrow":59,"minecraft:diamond_chestplate":3,"minecraft:stone_shovel":1,"minecraft:cooked_cod":16,"minecraft:shears":1,"minecraft:diamond_boots":1,"minecraft:saddle":6,"minecraft:mutton":5,"minecraft:white_wool":22,"minecraft:rail":2,"minecraft:oxeye_daisy":9,"minecraft:stripped_oak_log":40,"minecraft:birch_leaves":7,"minecraft:basalt":173,"minecraft:glow_ink_sac":7,"minecraft:salmon":90,"minecraft:leather":77,"minecraft:red_mushroom":6,"minecraft:oak_log":1394,"minecraft:lily_pad":5,"minecraft:gunpowder":11,"minecraft:cobblestone_wall":18,"minecraft:cobblestone_stairs":26,"minecraft:paper":36,"minecraft:white_banner":5,"minecraft:cooked_mutton":2,"minecraft:red_carpet":1,"minecraft:stone_bricks":7,"minecraft:apple":15,"minecraft:kelp":60,"minecraft:rabbit_hide":1,"minecraft:iron_ingot":40,"minecraft:stone_pickaxe":12,"minecraft:cooked_chicken":5,"minecraft:iron_ore":33,"minecraft:stripped_oak_wood":4,"minecraft:iron_sword":1,"minecraft:book":21,"minecraft:oak_slab":210,"minecraft:nether_quartz_ore":4,"minecraft:milk_bucket":2,"minecraft:dandelion":8,"minecraft:gravel":119,"minecraft:white_bed":7,"minecraft:sea_lantern":6,"minecraft:spider_eye":7,"minecraft:pumpkin_seeds":4,"minecraft:purple_bed":1,"minecraft:coal_ore":64,"minecraft:slime_ball":7,"minecraft:stone_axe":12,"minecraft:iron_helmet":2,"minecraft:diamond_axe":8,"minecraft:birch_sign":2,"minecraft:baked_potato":48,"minecraft:coal":382,"minecraft:ender_pearl":2},"minecraft:killed_by":{"minecraft:player":4,"minecraft:guardian":2},"minecraft:used":{"minecraft:poppy":25,"minecraft:oak_sign":3,"minecraft:chest":49,"minecraft:shield":265,"minecraft:stone":1025,"minecraft:iron_sword":47,"minecraft:bell":1,"minecraft:carrot":14,"minecraft:milk_bucket":4,"minecraft:glass":12,"minecraft:coal_ore":71,"minecraft:grass_block":23,"minecraft:music_disc_pigstep":42,"minecraft:lantern":42,"minecraft:birch_sapling":2,"minecraft:iron_helmet":1,"minecraft:cherry_leaves":1,"minecraft:stone_bricks":1,"minecraft:item_frame":1,"minecraft:red_carpet":16,"minecraft:bow":280,"minecraft:oak_sapling":35,"minecraft:furnace":10,"minecraft:cooked_cod":17,"minecraft:egg":2,"minecraft:stone_pickaxe":3013,"minecraft:oak_planks":1321,"minecraft:blackstone":5,"minecraft:wooden_pickaxe":35,"minecraft:sugar_cane":25,"minecraft:diamond_axe":529,"minecraft:oak_leaves":110,"minecraft:golden_apple":4,"minecraft:glow_berries":1,"minecraft:shears":192,"minecraft:black_concrete":43,"minecraft:bread":7,"minecraft:gravel":1,"minecraft:grindstone":5,"minecraft:oak_boat":6,"minecraft:oak_fence":30,"minecraft:oak_trapdoor":21,"minecraft:polished_blackstone_brick_slab":1,"minecraft:rose_bush":26,"minecraft:enchanting_table":3,"minecraft:stone_sword":11,"minecraft:tropical_fish":1,"minecraft:stone_shovel":1058,"minecraft:dried_kelp":31,"minecraft:cooked_salmon":12,"minecraft:cooked_chicken":5,"minecraft:oak_door":16,"minecraft:torch":638,"minecraft:dirt":709,"minecraft:anvil":3,"minecraft:cobblestone_wall":22,"minecraft:stone_stairs":4,"minecraft:diamond_helmet":1,"minecraft:oak_wood":6,"minecraft:birch_door":1,"minecraft:sea_lantern":6,"minecraft:bookshelf":24,"minecraft:iron_axe":1119,"minecraft:oak_stairs":40,"minecraft:iron_boots":2,"minecraft:diamond_chestplate":1,"minecraft:basalt":108,"minecraft:glowstone":85,"minecraft:cooked_beef":25,"minecraft:cobbled_deepslate":13,"minecraft:iron_leggings":3,"minecraft:cooked_mutton":6,"minecraft:wheat_seeds":30,"minecraft:water_bucket":114,"minecraft:iron_ore":37,"minecraft:cobblestone_stairs":20,"minecraft:baked_potato":51,"minecraft:stonecutter":4,"minecraft:cobblestone_slab":26,"minecraft:salmon":3,"minecraft:oak_slab":301,"minecraft:crafting_table":13,"minecraft:campfire":4,"minecraft:white_bed":7,"minecraft:cod":13,"minecraft:smoker":4,"minecraft:oak_log":477,"minecraft:wooden_hoe":8,"minecraft:diamond_pickaxe":1426,"minecraft:apple":11,"minecraft:oxeye_daisy":3,"minecraft:iron_pickaxe":2552,"minecraft:stone_slab":34,"minecraft:stone_axe":360,"minecraft:fishing_rod":456,"minecraft:cobblestone":844,"minecraft:white_banner":5,"minecraft:cooked_porkchop":6,"minecraft:bucket":115,"minecraft:glass_pane":24,"minecraft:stripped_oak_log":1,"minecraft:jukebox":8},"minecraft:killed":{"minecraft:cave_spider":2,"minecraft:zombified_piglin":6,"minecraft:spider":8,"minecraft:skeleton":22,"minecraft:chicken":9,"minecraft:cat":1,"minecraft:wolf":1,"minecraft:magma_cube":32,"minecraft:pig":10,"minecraft:elder_guardian":2,"minecraft:salmon":7,"minecraft:iron_golem":1,"minecraft:creeper":10,"minecraft:sheep":3,"minecraft:trader_llama":2,"minecraft:pillager":5,"minecraft:zombie":51,"minecraft:ghast":1,"minecraft:cow":27,"minecraft:slime":7,"minecraft:phantom":11,"minecraft:horse":8,"minecraft:squid":1},"minecraft:custom":{"minecraft:animals_bred":4,"minecraft:interact_with_crafting_table":226,"minecraft:open_barrel":3,"minecraft:leave_game":15,"minecraft:time_since_death":76441,"minecraft:sprint_one_cm":3336876,"minecraft:damage_blocked_by_shield":2522,"minecraft:drop":1080,"minecraft:talked_to_villager":10,"minecraft:play_time":1207968,"minecraft:deaths":8,"minecraft:jump":6432,"minecraft:walk_on_water_one_cm":57378,"minecraft:enchant_item":12,"minecraft:interact_with_furnace":324,"minecraft:play_record":42,"minecraft:sleep_in_bed":11,"minecraft:damage_dealt":23230,"minecraft:player_kills":16,"minecraft:crouch_one_cm":80569,"minecraft:interact_with_smoker":49,"minecraft:interact_with_smithing_table":1,"minecraft:mob_kills":232,"minecraft:interact_with_anvil":37,"minecraft:walk_one_cm":5074988,"minecraft:sneak_time":25499,"minecraft:walk_under_water_one_cm":126816,"minecraft:boat_one_cm":206470,"minecraft:interact_with_lectern":1,"minecraft:total_world_time":1207968,"minecraft:interact_with_grindstone":5,"minecraft:interact_with_stonecutter":7,"minecraft:time_since_rest":8959,"minecraft:damage_taken":7045,"minecraft:damage_absorbed":20,"minecraft:swim_one_cm":228912,"minecraft:fly_one_cm":1246854,"minecraft:open_chest":834,"minecraft:fish_caught":282,"minecraft:fall_one_cm":147655},"minecraft:dropped":{"minecraft:iron_sword":2,"minecraft:diamond_axe":8,"minecraft:lapis_lazuli":33,"minecraft:cooked_beef":30,"minecraft:oak_log":81,"minecraft:baked_potato":59,"minecraft:diamond":45,"minecraft:crafting_table":1,"minecraft:cooked_porkchop":1,"minecraft:lantern":6,"minecraft:leather":2,"minecraft:saddle":2,"minecraft:cod":9,"minecraft:cooked_cod":60,"minecraft:black_concrete":32,"minecraft:iron_pickaxe":7,"minecraft:fishing_rod":11,"minecraft:white_wool":10,"minecraft:bone":1,"minecraft:stone_axe":8,"minecraft:iron_nugget":2,"minecraft:cobbled_deepslate":64,"minecraft:rotten_flesh":5,"minecraft:oak_planks":42,"minecraft:azure_bluet":1,"minecraft:white_bed":1,"minecraft:salmon":5,"minecraft:carrot":18,"minecraft:poppy":2,"minecraft:arrow":12,"minecraft:powered_rail":2,"minecraft:glass":28,"minecraft:beef":60,"minecraft:oak_leaves":2,"minecraft:iron_ingot":24,"minecraft:enchanted_book":11,"minecraft:water_bucket":1,"minecraft:bread":8,"minecraft:wheat_seeds":25,"minecraft:cherry_log":64,"minecraft:deepslate_iron_ore":1,"minecraft:golden_horse_armor":5,"minecraft:diamond_leggings":2,"minecraft:oak_fence":11,"minecraft:cobblestone":111,"minecraft:lead":2,"minecraft:apple":2,"minecraft:activator_rail":4,"minecraft:music_disc_pigstep":1,"minecraft:pufferfish":2,"minecraft:golden_apple":8,"minecraft:coal":21,"minecraft:stick":61,"minecraft:oxeye_daisy":3,"minecraft:diorite":20,"minecraft:torch":128,"minecraft:cooked_salmon":22,"minecraft:diamond_helmet":2,"minecraft:potion":1,"minecraft:iron_leggings":1,"minecraft:iron_axe":4,"minecraft:string":1,"minecraft:dandelion":3,"minecraft:furnace":1,"minecraft:oak_trapdoor":10,"minecraft:stone_sword":2,"minecraft:iron_boots":2,"minecraft:name_tag":1,"minecraft:glass_pane":52,"minecraft:potato":49,"minecraft:stone":4,"minecraft:shield":3,"minecraft:diamond_chestplate":2,"minecraft:diamond_pickaxe":6,"minecraft:iron_chestplate":1,"minecraft:purple_bed":1,"minecraft:stone_bricks":1,"minecraft:diamond_boots":2,"minecraft:spider_eye":1,"minecraft:bow":15,"minecraft:stone_pickaxe":6,"minecraft:raw_gold":9},"minecraft:mined":{"minecraft:white_bed":5,"minecraft:oak_sapling":7,"minecraft:cobblestone_stairs":2,"minecraft:granite":222,"minecraft:grass_block":519,"minecraft:polished_blackstone_brick_slab":1,"minecraft:oak_wall_sign":3,"minecraft:oxeye_daisy":6,"minecraft:spawner":1,"minecraft:glowstone":98,"minecraft:fire":1,"minecraft:iron_ore":152,"minecraft:cobbled_deepslate":1,"minecraft:anvil":2,"minecraft:azure_bluet":1,"minecraft:enchanting_table":2,"minecraft:cave_vines":1,"minecraft:dirt_path":17,"minecraft:oak_stairs":20,"minecraft:birch_wall_sign":2,"minecraft:blackstone":7,"minecraft:kelp_plant":17,"minecraft:torch":15,"minecraft:poppy":33,"minecraft:chest":31,"minecraft:nether_quartz_ore":4,"minecraft:glass":3,"minecraft:cobblestone":295,"minecraft:sugar_cane":102,"minecraft:grindstone":4,"minecraft:prismarine":1,"minecraft:oak_planks":184,"minecraft:wall_torch":71,"minecraft:birch_sapling":2,"minecraft:stone_stairs":4,"minecraft:chain":3,"minecraft:birch_log":18,"minecraft:wheat":17,"minecraft:jukebox":9,"minecraft:stripped_oak_wood":2,"minecraft:birch_door":1,"minecraft:grass":24,"minecraft:oak_log":815,"minecraft:dirt":813,"minecraft:netherrack":36,"minecraft:oak_leaves":540,"minecraft:deepslate":23,"minecraft:red_carpet":1,"minecraft:deepslate_diamond_ore":39,"minecraft:oak_door":3,"minecraft:sea_lantern":1,"minecraft:spruce_leaves":1,"minecraft:kelp":23,"minecraft:sandstone":4,"minecraft:oak_trapdoor":17,"minecraft:furnace":8,"minecraft:andesite":222,"minecraft:black_concrete":1,"minecraft:bell":1,"minecraft:bookshelf":7,"minecraft:deepslate_iron_ore":4,"minecraft:cobblestone_slab":1,"minecraft:lantern":21,"minecraft:stripped_oak_log":40,"minecraft:stone":4785,"minecraft:oak_slab":137,"minecraft:lily_of_the_valley":3,"minecraft:basalt":123,"minecraft:dandelion":3,"minecraft:oak_fence":59,"minecraft:crafting_table":9,"minecraft:rose_bush":37,"minecraft:campfire":2,"minecraft:stone_slab":3,"minecraft:tall_grass":6,"minecraft:copper_ore":26,"minecraft:diorite":293,"minecraft:cobblestone_wall":2,"minecraft:birch_leaves":12,"minecraft:white_wall_banner":1,"minecraft:coal_ore":321,"minecraft:cherry_leaves":4,"minecraft:gravel":75,"minecraft:cobweb":40,"minecraft:stone_bricks":3},"minecraft:broken":{"minecraft:iron_chestplate":1,"minecraft:iron_leggings":1,"minecraft:stone_pickaxe":23,"minecraft:stone_shovel":4,"minecraft:wooden_pickaxe":1,"minecraft:iron_axe":5,"minecraft:iron_pickaxe":7,"minecraft:iron_helmet":1},"minecraft:crafted":{"minecraft:black_dye":3,"minecraft:grindstone":1,"minecraft:oak_planks":2814,"minecraft:cobblestone_slab":132,"minecraft:oak_sign":3,"minecraft:cooked_chicken":8,"minecraft:stone":1040,"minecraft:cobblestone_stairs":76,"minecraft:bookshelf":25,"minecraft:cooked_mutton":6,"minecraft:glass":50,"minecraft:diamond_helmet":2,"minecraft:diamond_leggings":2,"minecraft:bow":3,"minecraft:iron_boots":1,"minecraft:chest":24,"minecraft:oak_button":1,"minecraft:oak_fence":24,"minecraft:smoker":4,"minecraft:oak_slab":432,"minecraft:arrow":32,"minecraft:cooked_porkchop":17,"minecraft:diamond_axe":3,"minecraft:crafting_table":9,"minecraft:wooden_pickaxe":1,"minecraft:baked_potato":69,"minecraft:iron_helmet":1,"minecraft:red_wool":11,"minecraft:oak_wood":12,"minecraft:birch_planks":32,"minecraft:campfire":4,"minecraft:book":55,"minecraft:wooden_hoe":1,"minecraft:paper":201,"minecraft:yellow_dye":6,"minecraft:shield":4,"minecraft:stick":552,"minecraft:stone_slab":48,"minecraft:iron_ingot":122,"minecraft:iron_block":3,"minecraft:stone_sword":1,"minecraft:oak_door":9,"minecraft:stone_shovel":14,"minecraft:fishing_rod":2,"minecraft:iron_nugget":144,"minecraft:furnace":12,"minecraft:bone_meal":12,"minecraft:oak_trapdoor":14,"minecraft:glass_pane":80,"minecraft:stone_stairs":36,"minecraft:lantern":23,"minecraft:iron_axe":7,"minecraft:stone_pickaxe":27,"minecraft:cobblestone_wall":36,"minecraft:diamond_boots":2,"minecraft:cooked_beef":58,"minecraft:sugar":1,"minecraft:red_dye":16,"minecraft:cooked_cod":88,"minecraft:dried_kelp":7,"minecraft:iron_sword":2,"minecraft:cooked_salmon":42,"minecraft:polished_granite":164,"minecraft:red_carpet":15,"minecraft:stone_axe":10,"minecraft:air":0,"minecraft:oak_boat":1,"minecraft:oak_stairs":56,"minecraft:iron_leggings":6,"minecraft:stonecutter":2,"minecraft:anvil":1,"minecraft:white_bed":2,"minecraft:torch":592,"minecraft:diamond_chestplate":3}},"DataVersion":3465}