{"stats":{"minecraft:custom":{"minecraft:interact_with_furnace":3,"minecraft:mob_kills":13,"minecraft:interact_with_crafting_table":9,"minecraft:leave_game":26,"minecraft:time_since_death":23055,"minecraft:sleep_in_bed":1,"minecraft:time_since_rest":11336,"minecraft:sprint_one_cm":110104,"minecraft:damage_taken":1800,"minecraft:walk_one_cm":98930,"minecraft:damage_blocked_by_shield":60,"minecraft:drop":6,"minecraft:damage_dealt":1104,"minecraft:swim_one_cm":14008,"minecraft:fly_one_cm":151880,"minecraft:open_chest":20,"minecraft:crouch_one_cm":20877,"minecraft:play_time":83653,"minecraft:deaths":4,"minecraft:sneak_time":9159,"minecraft:walk_under_water_one_cm":2826,"minecraft:boat_one_cm":63486,"minecraft:jump":707,"minecraft:interact_with_blast_furnace":1,"minecraft:walk_on_water_one_cm":4353,"minecraft:total_world_time":83653,"minecraft:fall_one_cm":26371},"minecraft:killed_by":{"minecraft:creeper":1,"minecraft:zombie":1},"minecraft:mined":{"minecraft:tuff":15,"minecraft:white_bed":1,"minecraft:deepslate_diamond_ore":32,"minecraft:crafting_table":3,"minecraft:torch":1,"minecraft:granite":13,"minecraft:blast_furnace":1,"minecraft:tall_grass":5,"minecraft:spruce_leaves":4,"minecraft:deepslate_gold_ore":9,"minecraft:diorite":19,"minecraft:hay_block":21,"minecraft:furnace":1,"minecraft:carrots":11,"minecraft:iron_ore":14,"minecraft:wheat":5,"minecraft:deepslate_lapis_ore":16,"minecraft:grass":13,"minecraft:potatoes":3,"minecraft:coal_ore":37,"minecraft:oak_log":29,"minecraft:deepslate_iron_ore":1,"minecraft:stone":91,"minecraft:oak_leaves":10,"minecraft:deepslate":407},"minecraft:picked_up":{"minecraft:crafting_table":4,"minecraft:potato":7,"minecraft:tuff":30,"minecraft:oak_log":29,"minecraft:shield":1,"minecraft:lapis_lazuli":212,"minecraft:iron_axe":1,"minecraft:wheat_seeds":6,"minecraft:cobbled_deepslate":810,"minecraft:raw_gold":18,"minecraft:iron_ingot":2,"minecraft:stone_pickaxe":1,"minecraft:oak_boat":1,"minecraft:oak_planks":56,"minecraft:furnace":2,"minecraft:stick":4,"minecraft:raw_iron":21,"minecraft:torch":41,"minecraft:blast_furnace":1,"minecraft:carrot":13,"minecraft:diorite":38,"minecraft:white_bed":1,"minecraft:arrow":3,"minecraft:diamond":64,"minecraft:hay_block":20,"minecraft:granite":26,"minecraft:mutton":14,"minecraft:coal":120,"minecraft:white_wool":10,"minecraft:cobblestone":206,"minecraft:diamond_pickaxe":2},"minecraft:crafted":{"minecraft:diamond_sword":1,"minecraft:crafting_table":1,"minecraft:furnace":1,"minecraft:stone_axe":1,"minecraft:bread":60,"minecraft:air":0,"minecraft:oak_boat":1,"minecraft:shield":1,"minecraft:iron_axe":1,"minecraft:stick":20,"minecraft:iron_ingot":9,"minecraft:iron_pickaxe":1,"minecraft:stone_pickaxe":1,"minecraft:torch":32,"minecraft:wheat":180},"minecraft:killed":{"minecraft:skeleton":1,"minecraft:sheep":10,"minecraft:zombie":1,"minecraft:chicken":1},"minecraft:dropped":{"minecraft:wheat_seeds":1,"minecraft:cobbled_deepslate":192,"minecraft:tuff":9,"minecraft:cobblestone":16},"minecraft:used":{"minecraft:wheat_seeds":5,"minecraft:stone_pickaxe":131,"minecraft:oak_planks":3,"minecraft:shield":3,"minecraft:torch":22,"minecraft:crafting_table":3,"minecraft:tuff":6,"minecraft:diamond_pickaxe":277,"minecraft:apple":11,"minecraft:iron_axe":48,"minecraft:iron_pickaxe":250,"minecraft:diamond_sword":27,"minecraft:cobblestone":20,"minecraft:furnace":1,"minecraft:oak_boat":1,"minecraft:cobbled_deepslate":33},"minecraft:broken":{"minecraft:stone_pickaxe":1,"minecraft:iron_pickaxe":1}},"DataVersion":3465}