{"stats":{"minecraft:killed":{"minecraft:zombified_piglin":1,"minecraft:spider":6,"minecraft:skeleton":10,"minecraft:chicken":2,"minecraft:magma_cube":22,"minecraft:sheep":10,"minecraft:pillager":1,"minecraft:goat":2,"minecraft:zombie":17,"minecraft:cow":3,"minecraft:villager":1,"minecraft:enderman":1},"minecraft:mined":{"minecraft:spruce_planks":2,"minecraft:white_bed":5,"minecraft:cherry_log":21,"minecraft:obsidian":4,"minecraft:granite":365,"minecraft:grass_block":13,"minecraft:cracked_polished_blackstone_bricks":7,"minecraft:white_concrete":312,"minecraft:deepslate_bricks":28,"minecraft:composter":12,"minecraft:polished_blackstone_bricks":12,"minecraft:iron_ore":63,"minecraft:pumpkin":6,"minecraft:deepslate_lapis_ore":22,"minecraft:fletching_table":15,"minecraft:anvil":2,"minecraft:azure_bluet":2,"minecraft:dirt_path":1,"minecraft:birch_wall_sign":2,"minecraft:spruce_slab":52,"minecraft:brown_mushroom":2,"minecraft:blackstone":42,"minecraft:clay":2,"minecraft:torch":31,"minecraft:blast_furnace":4,"minecraft:poppy":5,"minecraft:chest":5,"minecraft:spruce_wall_sign":2,"minecraft:glass":2,"minecraft:cobblestone":58,"minecraft:grindstone":2,"minecraft:sugar_cane":12,"minecraft:oak_planks":126,"minecraft:wall_torch":27,"minecraft:spruce_sign":2,"minecraft:stone_stairs":2,"minecraft:chain":3,"minecraft:black_concrete_powder":1,"minecraft:wheat":10,"minecraft:lilac":2,"minecraft:jukebox":3,"minecraft:birch_door":1,"minecraft:potted_poppy":1,"minecraft:stone_brick_stairs":3,"minecraft:grass":68,"minecraft:oak_log":93,"minecraft:oak_fence_gate":2,"minecraft:sand":271,"minecraft:dirt":72,"minecraft:ancient_debris":2,"minecraft:stonecutter":5,"minecraft:netherrack":16,"minecraft:oak_leaves":16,"minecraft:deepslate":881,"minecraft:tuff":103,"minecraft:deepslate_diamond_ore":151,"minecraft:allium":3,"minecraft:spruce_leaves":50,"minecraft:kelp":1,"minecraft:white_concrete_powder":3,"minecraft:large_fern":2,"minecraft:hay_block":21,"minecraft:deepslate_brick_slab":22,"minecraft:furnace":3,"minecraft:carrots":12,"minecraft:andesite":276,"minecraft:stripped_spruce_log":1,"minecraft:black_concrete":165,"minecraft:gold_block":13,"minecraft:potatoes":6,"minecraft:deepslate_iron_ore":12,"minecraft:stripped_oak_log":11,"minecraft:stone":3793,"minecraft:smithing_table":3,"minecraft:oak_slab":3,"minecraft:cherry_planks":16,"minecraft:basalt":291,"minecraft:stone_brick_slab":3,"minecraft:dandelion":2,"minecraft:oak_fence":12,"minecraft:crafting_table":14,"minecraft:cornflower":3,"minecraft:stone_slab":130,"minecraft:tall_grass":10,"minecraft:copper_ore":21,"minecraft:deepslate_gold_ore":11,"minecraft:diorite":217,"minecraft:spruce_stairs":3,"minecraft:purple_bed":2,"minecraft:sweet_berry_bush":1,"minecraft:spruce_log":242,"minecraft:yellow_bed":2,"minecraft:coal_ore":111,"minecraft:gravel":26,"minecraft:stone_bricks":28,"minecraft:chipped_anvil":1,"minecraft:fern":1},"minecraft:picked_up":{"minecraft:birch_door":3,"minecraft:iron_chestplate":1,"minecraft:wheat":3,"minecraft:anvil":2,"minecraft:flower_pot":1,"minecraft:lead":7,"minecraft:smithing_table":3,"minecraft:stone_slab":196,"minecraft:diamond_sword":4,"minecraft:enchanted_book":2,"minecraft:stone_brick_stairs":3,"minecraft:golden_sword":1,"minecraft:string":5,"minecraft:raw_copper":18,"minecraft:cooked_salmon":20,"minecraft:iron_leggings":2,"minecraft:pufferfish":1,"minecraft:diamond_leggings":5,"minecraft:cobbled_deepslate":1087,"minecraft:gold_nugget":2,"minecraft:spruce_planks":33,"minecraft:deepslate_iron_ore":1,"minecraft:furnace":5,"minecraft:stick":68,"minecraft:jukebox":3,"minecraft:composter":12,"minecraft:oak_fence":21,"minecraft:torch":216,"minecraft:spruce_stairs":3,"minecraft:porkchop":6,"minecraft:cherry_log":60,"minecraft:music_disc_pigstep":10,"minecraft:diorite":276,"minecraft:rotten_flesh":10,"minecraft:tropical_fish":2,"minecraft:obsidian":10,"minecraft:cod":1,"minecraft:cobblestone":593,"minecraft:feather":1,"minecraft:lilac":2,"minecraft:magma_cream":4,"minecraft:cherry_planks":28,"minecraft:water_bucket":1,"minecraft:andesite":321,"minecraft:potato":27,"minecraft:flint":2,"minecraft:tuff":121,"minecraft:lapis_lazuli":430,"minecraft:dirt":105,"minecraft:bone":8,"minecraft:chipped_anvil":1,"minecraft:bow":5,"minecraft:stonecutter":6,"minecraft:wheat_seeds":27,"minecraft:deepslate_brick_slab":57,"minecraft:raw_gold":29,"minecraft:grindstone":2,"minecraft:diamond_helmet":3,"minecraft:fletching_table":16,"minecraft:oak_planks":284,"minecraft:sand":378,"minecraft:stripped_spruce_log":1,"minecraft:ink_sac":1,"minecraft:grass_block":5,"minecraft:iron_hoe":1,"minecraft:black_concrete_powder":1,"minecraft:deepslate":303,"minecraft:diamond":170,"minecraft:black_concrete":161,"minecraft:spruce_boat":1,"minecraft:golden_horse_armor":2,"minecraft:cracked_polished_blackstone_bricks":6,"minecraft:bone_meal":64,"minecraft:granite":398,"minecraft:grass":1,"minecraft:white_concrete":311,"minecraft:spruce_sign":6,"minecraft:bread":52,"minecraft:oak_sapling":3,"minecraft:netherrack":15,"minecraft:oak_leaves":4,"minecraft:diamond_pickaxe":9,"minecraft:fishing_rod":1,"minecraft:crafting_table":16,"minecraft:allium":3,"minecraft:azure_bluet":1,"minecraft:chicken":1,"minecraft:clay_ball":8,"minecraft:brown_mushroom":2,"minecraft:gold_block":13,"minecraft:chain":7,"minecraft:shield":2,"minecraft:cornflower":3,"minecraft:oak_trapdoor":10,"minecraft:stone_stairs":2,"minecraft:iron_axe":1,"minecraft:item_frame":1,"minecraft:blackstone":43,"minecraft:glass_pane":33,"minecraft:deepslate_diamond_ore":60,"minecraft:beef":14,"minecraft:oak_boat":2,"minecraft:iron_nugget":2,"minecraft:poppy":11,"minecraft:spruce_slab":161,"minecraft:sugar_cane":33,"minecraft:chest":5,"minecraft:egg":2,"minecraft:copper_ore":19,"minecraft:raw_iron":72,"minecraft:sandstone":2,"minecraft:stone":3890,"minecraft:polished_blackstone_bricks":7,"minecraft:carrot":77,"minecraft:netherite_pickaxe":1,"minecraft:cooked_cod":18,"minecraft:arrow":33,"minecraft:diamond_chestplate":4,"minecraft:diamond_boots":6,"minecraft:deepslate_bricks":32,"minecraft:hay_block":20,"minecraft:saddle":2,"minecraft:gold_ingot":2,"minecraft:mutton":14,"minecraft:white_wool":72,"minecraft:oxeye_daisy":3,"minecraft:stripped_oak_log":11,"minecraft:basalt":266,"minecraft:leather":2,"minecraft:oak_log":206,"minecraft:ancient_debris":2,"minecraft:golden_boots":1,"minecraft:yellow_bed":2,"minecraft:paper":15,"minecraft:apple":3,"minecraft:stone_bricks":49,"minecraft:kelp":2,"minecraft:oak_fence_gate":2,"minecraft:iron_ingot":4,"minecraft:stone_pickaxe":1,"minecraft:iron_ore":16,"minecraft:oak_slab":3,"minecraft:birch_boat":9,"minecraft:pumpkin":3,"minecraft:stone_brick_slab":3,"minecraft:dandelion":6,"minecraft:gravel":345,"minecraft:lava_bucket":1,"minecraft:spruce_sapling":7,"minecraft:blast_furnace":5,"minecraft:white_bed":10,"minecraft:spruce_log":300,"minecraft:spider_eye":2,"minecraft:purple_bed":2,"minecraft:coal_ore":56,"minecraft:white_concrete_powder":566,"minecraft:stone_axe":1,"minecraft:diamond_axe":5,"minecraft:painting":35,"minecraft:birch_sign":2,"minecraft:baked_potato":63,"minecraft:coal":202},"minecraft:killed_by":{"minecraft:piglin_brute":1,"minecraft:creeper":1,"minecraft:zombie":1,"minecraft:player":1},"minecraft:used":{"minecraft:iron_shovel":285,"minecraft:spruce_slab":456,"minecraft:poppy":1,"minecraft:white_concrete_powder":536,"minecraft:chest":13,"minecraft:shield":11,"minecraft:stone":1083,"minecraft:grass":1,"minecraft:carrot":8,"minecraft:deepslate_brick_slab":83,"minecraft:tuff":8,"minecraft:obsidian":6,"minecraft:spruce_boat":2,"minecraft:glass":2,"minecraft:lava_bucket":3,"minecraft:coal_ore":19,"minecraft:music_disc_pigstep":11,"minecraft:grass_block":5,"minecraft:stone_brick_stairs":5,"minecraft:stone_bricks":283,"minecraft:item_frame":1,"minecraft:bow":36,"minecraft:furnace":3,"minecraft:oak_sapling":3,"minecraft:cooked_cod":9,"minecraft:egg":2,"minecraft:potato":4,"minecraft:diorite":14,"minecraft:diamond_boots":1,"minecraft:spruce_door":2,"minecraft:stone_pickaxe":131,"minecraft:oak_planks":109,"minecraft:blackstone":27,"minecraft:composter":12,"minecraft:diamond_axe":730,"minecraft:clay":2,"minecraft:sand":14,"minecraft:blast_furnace":4,"minecraft:black_concrete_powder":129,"minecraft:shears":5,"minecraft:black_concrete":82,"minecraft:deepslate_iron_ore":1,"minecraft:bread":55,"minecraft:deepslate":2,"minecraft:diamond_sword":231,"minecraft:grindstone":2,"minecraft:smithing_table":4,"minecraft:chain":3,"minecraft:andesite":58,"minecraft:oak_boat":1,"minecraft:white_concrete":105,"minecraft:bone_meal":2,"minecraft:experience_bottle":120,"minecraft:oak_fence":2,"minecraft:spruce_planks":182,"minecraft:cooked_salmon":10,"minecraft:netherrack":15,"minecraft:torch":159,"minecraft:dirt":127,"minecraft:anvil":3,"minecraft:spruce_stairs":5,"minecraft:stone_stairs":2,"minecraft:granite":26,"minecraft:birch_door":2,"minecraft:iron_hoe":82,"minecraft:stone_brick_slab":5,"minecraft:chipped_anvil":1,"minecraft:iron_axe":50,"minecraft:basalt":139,"minecraft:golden_carrot":22,"minecraft:netherite_pickaxe":1351,"minecraft:cobbled_deepslate":65,"minecraft:cherry_log":8,"minecraft:pumpkin":1,"minecraft:wheat_seeds":53,"minecraft:water_bucket":6,"minecraft:iron_ore":8,"minecraft:baked_potato":27,"minecraft:birch_boat":8,"minecraft:spruce_sign":6,"minecraft:stonecutter":4,"minecraft:fletching_table":14,"minecraft:deepslate_bricks":32,"minecraft:polished_blackstone_bricks":6,"minecraft:oak_slab":6,"minecraft:crafting_table":22,"minecraft:birch_sign":5,"minecraft:white_bed":14,"minecraft:painting":36,"minecraft:spruce_log":107,"minecraft:oak_log":34,"minecraft:apple":13,"minecraft:flower_pot":3,"minecraft:diamond_pickaxe":5322,"minecraft:cracked_polished_blackstone_bricks":6,"minecraft:oak_button":6,"minecraft:iron_pickaxe":420,"minecraft:stone_slab":424,"minecraft:spruce_sapling":1,"minecraft:fishing_rod":24,"minecraft:cobblestone":42,"minecraft:purple_bed":2,"minecraft:cooked_porkchop":2,"minecraft:bucket":10,"minecraft:glass_pane":8,"minecraft:yellow_bed":2,"minecraft:kelp":1,"minecraft:jukebox":5,"minecraft:diamond_leggings":1},"minecraft:dropped":{"minecraft:spruce_sign":3,"minecraft:iron_sword":1,"minecraft:porkchop":4,"minecraft:diamond_axe":4,"minecraft:lapis_lazuli":15,"minecraft:diamond":38,"minecraft:crafting_table":1,"minecraft:leather":1,"minecraft:dirt":7,"minecraft:cooked_cod":9,"minecraft:chain":3,"minecraft:gold_nugget":2,"minecraft:gravel":35,"minecraft:sugar_cane":15,"minecraft:iron_nugget":2,"minecraft:cobbled_deepslate":192,"minecraft:wheat":1,"minecraft:obsidian":6,"minecraft:deepslate_brick_slab":19,"minecraft:rotten_flesh":8,"minecraft:oak_planks":4,"minecraft:azure_bluet":1,"minecraft:white_bed":9,"minecraft:carrot":20,"minecraft:poppy":2,"minecraft:arrow":22,"minecraft:iron_ore":2,"minecraft:basalt":32,"minecraft:oak_leaves":4,"minecraft:enchanted_book":1,"minecraft:iron_ingot":23,"minecraft:golden_boots":3,"minecraft:bread":32,"minecraft:oak_slab":1,"minecraft:wheat_seeds":16,"minecraft:deepslate_diamond_ore":60,"minecraft:diamond_leggings":5,"minecraft:feather":1,"minecraft:lead":4,"minecraft:cobblestone":33,"minecraft:granite":61,"minecraft:coal":5,"minecraft:stick":5,"minecraft:oxeye_daisy":3,"minecraft:diorite":84,"minecraft:torch":2,"minecraft:cooked_salmon":10,"minecraft:diamond_helmet":3,"minecraft:iron_leggings":2,"minecraft:paper":15,"minecraft:iron_shovel":1,"minecraft:string":2,"minecraft:spruce_sapling":2,"minecraft:dandelion":2,"minecraft:raw_copper":18,"minecraft:tuff":29,"minecraft:raw_iron":6,"minecraft:chicken":1,"minecraft:stone_slab":8,"minecraft:deepslate_bricks":30,"minecraft:copper_ore":4,"minecraft:potato":10,"minecraft:stone":311,"minecraft:diamond_chestplate":4,"minecraft:diamond_pickaxe":6,"minecraft:andesite":25,"minecraft:golden_sword":1,"minecraft:spruce_log":23,"minecraft:stone_bricks":1,"minecraft:diamond_boots":4,"minecraft:spider_eye":2,"minecraft:sandstone":2,"minecraft:bow":3},"minecraft:broken":{"minecraft:iron_shovel":1,"minecraft:stone_pickaxe":1,"minecraft:iron_pickaxe":2},"minecraft:crafted":{"minecraft:brick":8,"minecraft:black_dye":1,"minecraft:grindstone":1,"minecraft:oak_planks":224,"minecraft:glass":2,"minecraft:stone_brick_slab":6,"minecraft:diamond_helmet":1,"minecraft:diamond_leggings":1,"minecraft:chest":9,"minecraft:oak_button":15,"minecraft:stone_bricks":284,"minecraft:flower_pot":2,"minecraft:golden_boots":3,"minecraft:diamond_axe":1,"minecraft:crafting_table":12,"minecraft:spruce_planks":496,"minecraft:spruce_door":3,"minecraft:smithing_table":1,"minecraft:painting":1,"minecraft:stone_brick_stairs":4,"minecraft:paper":15,"minecraft:diamond_pickaxe":2,"minecraft:shield":1,"minecraft:stick":68,"minecraft:stone_slab":420,"minecraft:iron_ingot":54,"minecraft:iron_pickaxe":1,"minecraft:iron_block":3,"minecraft:gold_ingot":81,"minecraft:netherite_ingot":1,"minecraft:composter":1,"minecraft:deepslate_bricks":148,"minecraft:shears":1,"minecraft:golden_carrot":23,"minecraft:jukebox":1,"minecraft:furnace":1,"minecraft:bone_meal":108,"minecraft:stone_stairs":8,"minecraft:spruce_stairs":4,"minecraft:white_concrete_powder":336,"minecraft:polished_deepslate":148,"minecraft:black_concrete_powder":128,"minecraft:iron_axe":1,"minecraft:iron_hoe":1,"minecraft:spruce_slab":438,"minecraft:stone_pickaxe":1,"minecraft:diamond_boots":1,"minecraft:spruce_boat":2,"minecraft:netherite_scrap":4,"minecraft:wheat":180,"minecraft:cooked_beef":7,"minecraft:netherite_pickaxe":1,"minecraft:diamond_sword":1,"minecraft:spruce_sign":6,"minecraft:deepslate_brick_slab":96,"minecraft:deepslate_tiles":4,"minecraft:stone_axe":1,"minecraft:bread":67,"minecraft:air":0,"minecraft:oak_boat":1,"minecraft:white_wool":2,"minecraft:gold_nugget":261,"minecraft:white_dye":42,"minecraft:iron_shovel":3,"minecraft:stonecutter":1,"minecraft:anvil":1,"minecraft:white_bed":14,"minecraft:torch":96,"minecraft:diamond_chestplate":2},"minecraft:custom":{"minecraft:interact_with_crafting_table":95,"minecraft:open_barrel":3,"minecraft:leave_game":57,"minecraft:time_since_death":142154,"minecraft:sprint_one_cm":1627445,"minecraft:damage_blocked_by_shield":690,"minecraft:drop":246,"minecraft:talked_to_villager":4,"minecraft:play_time":925588,"minecraft:deaths":7,"minecraft:jump":8800,"minecraft:walk_on_water_one_cm":48457,"minecraft:enchant_item":1,"minecraft:interact_with_furnace":54,"minecraft:play_record":11,"minecraft:sleep_in_bed":9,"minecraft:damage_dealt":10914,"minecraft:player_kills":5,"minecraft:crouch_one_cm":220159,"minecraft:horse_one_cm":4537,"minecraft:interact_with_smithing_table":8,"minecraft:mob_kills":80,"minecraft:interact_with_anvil":9,"minecraft:walk_one_cm":2208286,"minecraft:sneak_time":57788,"minecraft:walk_under_water_one_cm":30424,"minecraft:boat_one_cm":252383,"minecraft:interact_with_blast_furnace":26,"minecraft:total_world_time":925588,"minecraft:pot_flower":3,"minecraft:interact_with_grindstone":1,"minecraft:interact_with_stonecutter":3,"minecraft:time_since_rest":142235,"minecraft:damage_taken":7461,"minecraft:swim_one_cm":74785,"minecraft:fly_one_cm":2036126,"minecraft:open_chest":321,"minecraft:fall_one_cm":209875}},"DataVersion":3465}