{"stats":{"minecraft:custom":{"minecraft:interact_with_smithing_table":3,"minecraft:interact_with_anvil":5,"minecraft:mob_kills":39,"minecraft:interact_with_crafting_table":55,"minecraft:open_barrel":3,"minecraft:leave_game":33,"minecraft:time_since_death":432020,"minecraft:sprint_one_cm":849143,"minecraft:walk_one_cm":1328768,"minecraft:damage_blocked_by_shield":690,"minecraft:drop":146,"minecraft:play_time":549267,"minecraft:sneak_time":39772,"minecraft:deaths":6,"minecraft:walk_under_water_one_cm":15623,"minecraft:boat_one_cm":164399,"minecraft:jump":3908,"minecraft:interact_with_blast_furnace":22,"minecraft:walk_on_water_one_cm":16257,"minecraft:enchant_item":1,"minecraft:total_world_time":549267,"minecraft:interact_with_furnace":31,"minecraft:play_record":10,"minecraft:interact_with_stonecutter":1,"minecraft:interact_with_grindstone":1,"minecraft:sleep_in_bed":5,"minecraft:time_since_rest":171726,"minecraft:damage_taken":4186,"minecraft:damage_dealt":5199,"minecraft:swim_one_cm":27620,"minecraft:player_kills":2,"minecraft:fly_one_cm":990690,"minecraft:open_chest":147,"minecraft:crouch_one_cm":152404,"minecraft:fall_one_cm":93172},"minecraft:broken":{"minecraft:stone_pickaxe":1,"minecraft:iron_pickaxe":2},"minecraft:killed_by":{"minecraft:player":1,"minecraft:piglin_brute":1,"minecraft:creeper":1,"minecraft:zombie":1},"minecraft:used":{"minecraft:iron_shovel":35,"minecraft:spruce_slab":219,"minecraft:chest":9,"minecraft:spruce_planks":181,"minecraft:shield":11,"minecraft:stone":839,"minecraft:netherrack":15,"minecraft:torch":109,"minecraft:dirt":38,"minecraft:anvil":3,"minecraft:spruce_stairs":5,"minecraft:tuff":8,"minecraft:granite":9,"minecraft:obsidian":6,"minecraft:birch_door":2,"minecraft:spruce_boat":2,"minecraft:coal_ore":18,"minecraft:music_disc_pigstep":10,"minecraft:iron_axe":50,"minecraft:grass_block":5,"minecraft:stone_bricks":246,"minecraft:basalt":134,"minecraft:bow":21,"minecraft:furnace":2,"minecraft:egg":1,"minecraft:cobbled_deepslate":65,"minecraft:cherry_log":1,"minecraft:wheat_seeds":5,"minecraft:diorite":5,"minecraft:iron_ore":8,"minecraft:spruce_door":1,"minecraft:baked_potato":9,"minecraft:stone_pickaxe":131,"minecraft:oak_planks":86,"minecraft:blackstone":27,"minecraft:spruce_sign":6,"minecraft:diamond_axe":493,"minecraft:stonecutter":1,"minecraft:deepslate_bricks":1,"minecraft:polished_blackstone_bricks":6,"minecraft:oak_slab":2,"minecraft:birch_sign":4,"minecraft:blast_furnace":3,"minecraft:crafting_table":17,"minecraft:white_bed":1,"minecraft:spruce_log":85,"minecraft:oak_log":14,"minecraft:diamond_pickaxe":4467,"minecraft:apple":12,"minecraft:cracked_polished_blackstone_bricks":6,"minecraft:deepslate_iron_ore":1,"minecraft:bread":55,"minecraft:iron_pickaxe":420,"minecraft:stone_slab":373,"minecraft:spruce_sapling":1,"minecraft:deepslate":1,"minecraft:diamond_sword":110,"minecraft:cobblestone":28,"minecraft:grindstone":1,"minecraft:cooked_porkchop":2,"minecraft:smithing_table":2,"minecraft:andesite":13,"minecraft:oak_boat":1,"minecraft:jukebox":5},"minecraft:mined":{"minecraft:tuff":34,"minecraft:spruce_planks":2,"minecraft:white_bed":1,"minecraft:deepslate_diamond_ore":91,"minecraft:cherry_log":7,"minecraft:obsidian":4,"minecraft:granite":210,"minecraft:grass_block":5,"minecraft:cracked_polished_blackstone_bricks":7,"minecraft:deepslate_bricks":1,"minecraft:spruce_leaves":50,"minecraft:large_fern":2,"minecraft:hay_block":21,"minecraft:polished_blackstone_bricks":12,"minecraft:carrots":11,"minecraft:furnace":2,"minecraft:iron_ore":63,"minecraft:andesite":137,"minecraft:stripped_spruce_log":1,"minecraft:anvil":2,"minecraft:deepslate_lapis_ore":22,"minecraft:gold_block":13,"minecraft:potatoes":3,"minecraft:deepslate_iron_ore":12,"minecraft:birch_wall_sign":1,"minecraft:stone":2993,"minecraft:spruce_slab":27,"minecraft:smithing_table":1,"minecraft:oak_slab":2,"minecraft:brown_mushroom":2,"minecraft:cherry_planks":16,"minecraft:blackstone":41,"minecraft:basalt":241,"minecraft:crafting_table":12,"minecraft:torch":28,"minecraft:blast_furnace":3,"minecraft:chest":3,"minecraft:spruce_wall_sign":2,"minecraft:stone_slab":119,"minecraft:copper_ore":19,"minecraft:tall_grass":5,"minecraft:cobblestone":46,"minecraft:deepslate_gold_ore":11,"minecraft:oak_planks":62,"minecraft:sugar_cane":11,"minecraft:spruce_sign":2,"minecraft:diorite":210,"minecraft:wall_torch":22,"minecraft:spruce_stairs":3,"minecraft:birch_door":1,"minecraft:wheat":7,"minecraft:spruce_log":237,"minecraft:jukebox":3,"minecraft:grass":16,"minecraft:oak_log":89,"minecraft:coal_ore":80,"minecraft:gravel":13,"minecraft:dirt":47,"minecraft:stone_bricks":28,"minecraft:netherrack":16,"minecraft:fern":1,"minecraft:oak_leaves":10,"minecraft:deepslate":574},"minecraft:crafted":{"minecraft:grindstone":1,"minecraft:oak_planks":216,"minecraft:jukebox":1,"minecraft:furnace":1,"minecraft:spruce_stairs":4,"minecraft:diamond_helmet":1,"minecraft:diamond_leggings":1,"minecraft:polished_deepslate":64,"minecraft:iron_axe":1,"minecraft:spruce_slab":294,"minecraft:stone_pickaxe":1,"minecraft:chest":7,"minecraft:diamond_boots":1,"minecraft:spruce_boat":2,"minecraft:stone_bricks":236,"minecraft:golden_boots":3,"minecraft:wheat":180,"minecraft:cooked_beef":7,"minecraft:diamond_sword":1,"minecraft:spruce_sign":6,"minecraft:diamond_axe":1,"minecraft:crafting_table":9,"minecraft:spruce_planks":400,"minecraft:spruce_door":3,"minecraft:smithing_table":1,"minecraft:deepslate_tiles":4,"minecraft:stone_axe":1,"minecraft:bread":67,"minecraft:air":0,"minecraft:oak_boat":1,"minecraft:paper":15,"minecraft:diamond_pickaxe":2,"minecraft:shield":1,"minecraft:stick":52,"minecraft:stone_slab":390,"minecraft:iron_ingot":52,"minecraft:iron_pickaxe":1,"minecraft:iron_block":3,"minecraft:iron_shovel":1,"minecraft:gold_ingot":81,"minecraft:stonecutter":1,"minecraft:anvil":1,"minecraft:torch":68,"minecraft:deepslate_bricks":64,"minecraft:diamond_chestplate":2},"minecraft:dropped":{"minecraft:spruce_sign":3,"minecraft:golden_boots":3,"minecraft:iron_ingot":23,"minecraft:bread":32,"minecraft:iron_sword":1,"minecraft:diamond_axe":3,"minecraft:wheat_seeds":4,"minecraft:lapis_lazuli":15,"minecraft:diamond":38,"minecraft:crafting_table":1,"minecraft:diamond_leggings":2,"minecraft:cobblestone":32,"minecraft:leather":1,"minecraft:granite":15,"minecraft:coal":5,"minecraft:stick":4,"minecraft:oxeye_daisy":3,"minecraft:diorite":72,"minecraft:torch":2,"minecraft:diamond_helmet":2,"minecraft:iron_leggings":2,"minecraft:gold_nugget":2,"minecraft:dandelion":2,"minecraft:gravel":13,"minecraft:sugar_cane":15,"minecraft:iron_nugget":2,"minecraft:cobbled_deepslate":192,"minecraft:tuff":29,"minecraft:obsidian":6,"minecraft:raw_iron":6,"minecraft:rotten_flesh":8,"minecraft:oak_planks":3,"minecraft:stone_slab":8,"minecraft:azure_bluet":1,"minecraft:carrot":20,"minecraft:copper_ore":4,"minecraft:poppy":2,"minecraft:potato":10,"minecraft:stone":292,"minecraft:diamond_chestplate":2,"minecraft:diamond_pickaxe":4,"minecraft:andesite":25,"minecraft:golden_sword":1,"minecraft:stone_bricks":1,"minecraft:arrow":22},"minecraft:killed":{"minecraft:spider":1,"minecraft:skeleton":4,"minecraft:chicken":2,"minecraft:magma_cube":5,"minecraft:sheep":10,"minecraft:pillager":1,"minecraft:zombie":8,"minecraft:enderman":1,"minecraft:cow":3},"minecraft:picked_up":{"minecraft:birch_door":2,"minecraft:crafting_table":14,"minecraft:iron_chestplate":1,"minecraft:azure_bluet":1,"minecraft:anvil":2,"minecraft:smithing_table":1,"minecraft:brown_mushroom":2,"minecraft:stone_slab":180,"minecraft:diamond_sword":2,"minecraft:gold_block":13,"minecraft:shield":2,"minecraft:golden_sword":1,"minecraft:oak_trapdoor":10,"minecraft:iron_axe":1,"minecraft:iron_leggings":2,"minecraft:blackstone":42,"minecraft:diamond_leggings":1,"minecraft:gold_nugget":2,"minecraft:cobbled_deepslate":1087,"minecraft:spruce_planks":32,"minecraft:beef":14,"minecraft:oak_boat":2,"minecraft:iron_nugget":2,"minecraft:poppy":2,"minecraft:spruce_slab":29,"minecraft:sugar_cane":33,"minecraft:chest":3,"minecraft:egg":1,"minecraft:deepslate_iron_ore":1,"minecraft:furnace":4,"minecraft:copper_ore":19,"minecraft:stick":14,"minecraft:raw_iron":72,"minecraft:stone":2633,"minecraft:jukebox":3,"minecraft:oak_fence":11,"minecraft:torch":156,"minecraft:spruce_stairs":3,"minecraft:polished_blackstone_bricks":7,"minecraft:cherry_log":5,"minecraft:diorite":255,"minecraft:music_disc_pigstep":8,"minecraft:carrot":46,"minecraft:arrow":28,"minecraft:rotten_flesh":10,"minecraft:diamond_chestplate":1,"minecraft:diamond_boots":1,"minecraft:deepslate_bricks":1,"minecraft:hay_block":20,"minecraft:gold_ingot":2,"minecraft:obsidian":10,"minecraft:mutton":14,"minecraft:white_wool":20,"minecraft:cobblestone":580,"minecraft:oxeye_daisy":3,"minecraft:basalt":198,"minecraft:cherry_planks":14,"minecraft:andesite":137,"minecraft:leather":2,"minecraft:potato":17,"minecraft:flint":2,"minecraft:tuff":52,"minecraft:oak_log":117,"minecraft:golden_boots":1,"minecraft:lapis_lazuli":378,"minecraft:dirt":76,"minecraft:bone":5,"minecraft:bow":1,"minecraft:apple":2,"minecraft:stone_bricks":29,"minecraft:wheat_seeds":9,"minecraft:raw_gold":29,"minecraft:iron_ingot":4,"minecraft:stone_pickaxe":1,"minecraft:iron_ore":14,"minecraft:diamond_helmet":1,"minecraft:oak_planks":189,"minecraft:oak_slab":2,"minecraft:dandelion":2,"minecraft:gravel":13,"minecraft:stripped_spruce_log":1,"minecraft:spruce_sapling":5,"minecraft:blast_furnace":4,"minecraft:grass_block":5,"minecraft:white_bed":2,"minecraft:spruce_log":231,"minecraft:coal_ore":25,"minecraft:diamond":170,"minecraft:deepslate":1,"minecraft:spruce_boat":1,"minecraft:cracked_polished_blackstone_bricks":6,"minecraft:diamond_axe":3,"minecraft:granite":239,"minecraft:birch_sign":1,"minecraft:spruce_sign":6,"minecraft:bread":52,"minecraft:baked_potato":15,"minecraft:netherrack":15,"minecraft:coal":172,"minecraft:diamond_pickaxe":6}},"DataVersion":3465}