{"stats":{"minecraft:broken":{"minecraft:stone_pickaxe":1,"minecraft:iron_pickaxe":2},"minecraft:dropped":{"minecraft:golden_boots":3,"minecraft:iron_ingot":11,"minecraft:bread":32,"minecraft:iron_sword":1,"minecraft:wheat_seeds":4,"minecraft:diamond":35,"minecraft:diamond_leggings":2,"minecraft:cobblestone":32,"minecraft:leather":1,"minecraft:granite":15,"minecraft:stick":4,"minecraft:oxeye_daisy":3,"minecraft:diorite":72,"minecraft:torch":2,"minecraft:diamond_helmet":2,"minecraft:iron_leggings":2,"minecraft:gold_nugget":2,"minecraft:dandelion":2,"minecraft:gravel":13,"minecraft:sugar_cane":15,"minecraft:iron_nugget":2,"minecraft:cobbled_deepslate":192,"minecraft:tuff":29,"minecraft:obsidian":6,"minecraft:raw_iron":6,"minecraft:rotten_flesh":8,"minecraft:oak_planks":3,"minecraft:stone_slab":8,"minecraft:azure_bluet":1,"minecraft:carrot":20,"minecraft:poppy":2,"minecraft:potato":10,"minecraft:stone":270,"minecraft:diamond_chestplate":2,"minecraft:diamond_pickaxe":3,"minecraft:andesite":25,"minecraft:golden_sword":1,"minecraft:arrow":1},"minecraft:used":{"minecraft:iron_shovel":35,"minecraft:spruce_slab":7,"minecraft:chest":4,"minecraft:spruce_planks":137,"minecraft:shield":11,"minecraft:stone":693,"minecraft:netherrack":15,"minecraft:torch":87,"minecraft:dirt":38,"minecraft:anvil":2,"minecraft:spruce_stairs":5,"minecraft:tuff":8,"minecraft:granite":9,"minecraft:obsidian":6,"minecraft:birch_door":2,"minecraft:spruce_boat":2,"minecraft:music_disc_pigstep":7,"minecraft:iron_axe":50,"minecraft:grass_block":5,"minecraft:stone_bricks":122,"minecraft:basalt":134,"minecraft:furnace":1,"minecraft:cobbled_deepslate":65,"minecraft:cherry_log":1,"minecraft:wheat_seeds":5,"minecraft:diorite":5,"minecraft:iron_ore":8,"minecraft:stone_pickaxe":131,"minecraft:oak_planks":86,"minecraft:blackstone":27,"minecraft:diamond_axe":241,"minecraft:stonecutter":1,"minecraft:deepslate_bricks":1,"minecraft:polished_blackstone_bricks":6,"minecraft:birch_sign":4,"minecraft:blast_furnace":2,"minecraft:crafting_table":11,"minecraft:white_bed":1,"minecraft:spruce_log":50,"minecraft:oak_log":11,"minecraft:diamond_pickaxe":2793,"minecraft:apple":12,"minecraft:cracked_polished_blackstone_bricks":6,"minecraft:deepslate_iron_ore":1,"minecraft:bread":48,"minecraft:iron_pickaxe":420,"minecraft:stone_slab":217,"minecraft:deepslate":1,"minecraft:diamond_sword":81,"minecraft:cobblestone":28,"minecraft:grindstone":1,"minecraft:cooked_porkchop":2,"minecraft:smithing_table":1,"minecraft:andesite":11,"minecraft:oak_boat":1,"minecraft:jukebox":3},"minecraft:mined":{"minecraft:tuff":34,"minecraft:spruce_planks":2,"minecraft:white_bed":1,"minecraft:deepslate_diamond_ore":91,"minecraft:cherry_log":7,"minecraft:granite":148,"minecraft:grass_block":5,"minecraft:cracked_polished_blackstone_bricks":7,"minecraft:deepslate_bricks":1,"minecraft:spruce_leaves":18,"minecraft:hay_block":21,"minecraft:polished_blackstone_bricks":12,"minecraft:furnace":1,"minecraft:carrots":11,"minecraft:iron_ore":57,"minecraft:andesite":54,"minecraft:stripped_spruce_log":1,"minecraft:anvil":1,"minecraft:deepslate_lapis_ore":22,"minecraft:gold_block":13,"minecraft:potatoes":3,"minecraft:deepslate_iron_ore":12,"minecraft:birch_wall_sign":1,"minecraft:stone":1801,"minecraft:spruce_slab":1,"minecraft:brown_mushroom":2,"minecraft:cherry_planks":16,"minecraft:blackstone":30,"minecraft:basalt":144,"minecraft:crafting_table":7,"minecraft:torch":26,"minecraft:blast_furnace":3,"minecraft:stone_slab":70,"minecraft:copper_ore":15,"minecraft:tall_grass":5,"minecraft:cobblestone":40,"minecraft:deepslate_gold_ore":11,"minecraft:oak_planks":62,"minecraft:sugar_cane":11,"minecraft:diorite":89,"minecraft:wall_torch":20,"minecraft:spruce_stairs":3,"minecraft:wheat":7,"minecraft:spruce_log":113,"minecraft:jukebox":2,"minecraft:grass":15,"minecraft:oak_log":38,"minecraft:coal_ore":55,"minecraft:gravel":13,"minecraft:dirt":47,"minecraft:stone_bricks":20,"minecraft:netherrack":15,"minecraft:oak_leaves":10,"minecraft:deepslate":574},"minecraft:picked_up":{"minecraft:iron_chestplate":1,"minecraft:crafting_table":9,"minecraft:birch_door":1,"minecraft:azure_bluet":1,"minecraft:anvil":1,"minecraft:brown_mushroom":2,"minecraft:stone_slab":74,"minecraft:diamond_sword":2,"minecraft:gold_block":13,"minecraft:shield":2,"minecraft:golden_sword":1,"minecraft:oak_trapdoor":10,"minecraft:iron_axe":1,"minecraft:iron_leggings":2,"minecraft:blackstone":31,"minecraft:diamond_leggings":1,"minecraft:gold_nugget":2,"minecraft:cobbled_deepslate":1087,"minecraft:spruce_planks":32,"minecraft:beef":14,"minecraft:oak_boat":2,"minecraft:iron_nugget":2,"minecraft:poppy":2,"minecraft:spruce_slab":1,"minecraft:sugar_cane":33,"minecraft:deepslate_iron_ore":1,"minecraft:furnace":3,"minecraft:copper_ore":15,"minecraft:stick":14,"minecraft:raw_iron":72,"minecraft:stone":1445,"minecraft:jukebox":2,"minecraft:spruce_stairs":3,"minecraft:oak_fence":11,"minecraft:torch":145,"minecraft:polished_blackstone_bricks":7,"minecraft:cherry_log":5,"minecraft:diorite":134,"minecraft:music_disc_pigstep":6,"minecraft:carrot":46,"minecraft:diamond_chestplate":1,"minecraft:arrow":7,"minecraft:rotten_flesh":10,"minecraft:diamond_boots":1,"minecraft:deepslate_bricks":1,"minecraft:hay_block":20,"minecraft:gold_ingot":2,"minecraft:obsidian":6,"minecraft:mutton":14,"minecraft:white_wool":20,"minecraft:cobblestone":572,"minecraft:oxeye_daisy":3,"minecraft:basalt":134,"minecraft:cherry_planks":14,"minecraft:andesite":54,"minecraft:leather":2,"minecraft:potato":17,"minecraft:flint":2,"minecraft:tuff":52,"minecraft:oak_log":68,"minecraft:golden_boots":1,"minecraft:lapis_lazuli":361,"minecraft:dirt":76,"minecraft:bone":2,"minecraft:apple":2,"minecraft:stone_bricks":20,"minecraft:wheat_seeds":9,"minecraft:raw_gold":29,"minecraft:stone_pickaxe":1,"minecraft:iron_ingot":4,"minecraft:iron_ore":8,"minecraft:diamond_helmet":1,"minecraft:oak_planks":188,"minecraft:dandelion":2,"minecraft:gravel":13,"minecraft:stripped_spruce_log":1,"minecraft:spruce_sapling":2,"minecraft:blast_furnace":4,"minecraft:grass_block":5,"minecraft:white_bed":2,"minecraft:spruce_log":111,"minecraft:coal_ore":18,"minecraft:diamond":157,"minecraft:deepslate":1,"minecraft:spruce_boat":1,"minecraft:cracked_polished_blackstone_bricks":6,"minecraft:granite":177,"minecraft:birch_sign":1,"minecraft:bread":52,"minecraft:netherrack":15,"minecraft:coal":149,"minecraft:diamond_pickaxe":6},"minecraft:killed_by":{"minecraft:player":1,"minecraft:piglin_brute":1,"minecraft:creeper":1,"minecraft:zombie":1},"minecraft:crafted":{"minecraft:grindstone":1,"minecraft:oak_planks":132,"minecraft:jukebox":1,"minecraft:furnace":1,"minecraft:spruce_stairs":4,"minecraft:diamond_helmet":1,"minecraft:diamond_leggings":1,"minecraft:polished_deepslate":64,"minecraft:iron_axe":1,"minecraft:spruce_slab":6,"minecraft:stone_pickaxe":1,"minecraft:chest":5,"minecraft:diamond_boots":1,"minecraft:spruce_boat":2,"minecraft:stone_bricks":116,"minecraft:golden_boots":3,"minecraft:wheat":180,"minecraft:cooked_beef":7,"minecraft:diamond_sword":1,"minecraft:diamond_axe":1,"minecraft:crafting_table":7,"minecraft:spruce_planks":248,"minecraft:smithing_table":1,"minecraft:deepslate_tiles":4,"minecraft:stone_axe":1,"minecraft:bread":60,"minecraft:air":0,"minecraft:oak_boat":1,"minecraft:diamond_pickaxe":2,"minecraft:shield":1,"minecraft:stick":40,"minecraft:stone_slab":390,"minecraft:iron_ingot":52,"minecraft:iron_pickaxe":1,"minecraft:iron_block":3,"minecraft:iron_shovel":1,"minecraft:gold_ingot":81,"minecraft:stonecutter":1,"minecraft:anvil":1,"minecraft:torch":32,"minecraft:deepslate_bricks":64,"minecraft:diamond_chestplate":2},"minecraft:killed":{"minecraft:spider":1,"minecraft:skeleton":2,"minecraft:chicken":2,"minecraft:sheep":10,"minecraft:pillager":1,"minecraft:zombie":5,"minecraft:cow":3},"minecraft:custom":{"minecraft:interact_with_smithing_table":3,"minecraft:interact_with_anvil":2,"minecraft:mob_kills":28,"minecraft:interact_with_crafting_table":37,"minecraft:open_barrel":3,"minecraft:leave_game":32,"minecraft:time_since_death":341030,"minecraft:sprint_one_cm":628744,"minecraft:walk_one_cm":1029491,"minecraft:damage_blocked_by_shield":690,"minecraft:drop":118,"minecraft:play_time":458277,"minecraft:deaths":6,"minecraft:sneak_time":31178,"minecraft:walk_under_water_one_cm":15453,"minecraft:boat_one_cm":124841,"minecraft:jump":3099,"minecraft:interact_with_blast_furnace":21,"minecraft:walk_on_water_one_cm":15574,"minecraft:total_world_time":458277,"minecraft:interact_with_furnace":28,"minecraft:play_record":7,"minecraft:interact_with_stonecutter":1,"minecraft:interact_with_grindstone":1,"minecraft:sleep_in_bed":5,"minecraft:time_since_rest":80736,"minecraft:damage_taken":3803,"minecraft:damage_dealt":3899,"minecraft:swim_one_cm":27214,"minecraft:player_kills":2,"minecraft:fly_one_cm":799789,"minecraft:open_chest":120,"minecraft:crouch_one_cm":108033,"minecraft:fall_one_cm":78843}},"DataVersion":3465}