{"stats":{"minecraft:picked_up":{"minecraft:iron_chestplate":1,"minecraft:birch_door":3,"minecraft:wheat":1,"minecraft:anvil":2,"minecraft:lead":2,"minecraft:diamond_sword":3,"minecraft:smithing_table":2,"minecraft:stone_slab":188,"minecraft:enchanted_book":1,"minecraft:golden_sword":1,"minecraft:string":5,"minecraft:cooked_salmon":20,"minecraft:iron_leggings":2,"minecraft:pufferfish":1,"minecraft:diamond_leggings":1,"minecraft:gold_nugget":2,"minecraft:cobbled_deepslate":1087,"minecraft:spruce_planks":33,"minecraft:deepslate_iron_ore":1,"minecraft:furnace":4,"minecraft:stick":64,"minecraft:jukebox":3,"minecraft:composter":12,"minecraft:oak_fence":19,"minecraft:torch":192,"minecraft:spruce_stairs":3,"minecraft:porkchop":6,"minecraft:cherry_log":41,"minecraft:music_disc_pigstep":8,"minecraft:diorite":276,"minecraft:rotten_flesh":10,"minecraft:tropical_fish":2,"minecraft:obsidian":10,"minecraft:cobblestone":589,"minecraft:feather":1,"minecraft:magma_cream":4,"minecraft:cherry_planks":28,"minecraft:andesite":290,"minecraft:potato":17,"minecraft:flint":2,"minecraft:tuff":121,"minecraft:lapis_lazuli":430,"minecraft:dirt":103,"minecraft:bone":8,"minecraft:chipped_anvil":1,"minecraft:stonecutter":6,"minecraft:bow":3,"minecraft:wheat_seeds":14,"minecraft:raw_gold":29,"minecraft:grindstone":2,"minecraft:fletching_table":16,"minecraft:diamond_helmet":2,"minecraft:oak_planks":263,"minecraft:stripped_spruce_log":1,"minecraft:grass_block":5,"minecraft:diamond":170,"minecraft:deepslate":303,"minecraft:spruce_boat":1,"minecraft:cracked_polished_blackstone_bricks":6,"minecraft:granite":385,"minecraft:spruce_sign":6,"minecraft:bread":52,"minecraft:netherrack":15,"minecraft:diamond_pickaxe":9,"minecraft:fishing_rod":1,"minecraft:crafting_table":16,"minecraft:azure_bluet":1,"minecraft:chicken":1,"minecraft:clay_ball":8,"minecraft:brown_mushroom":2,"minecraft:gold_block":13,"minecraft:shield":2,"minecraft:oak_trapdoor":10,"minecraft:iron_axe":1,"minecraft:blackstone":43,"minecraft:glass_pane":33,"minecraft:deepslate_diamond_ore":60,"minecraft:beef":14,"minecraft:oak_boat":2,"minecraft:iron_nugget":2,"minecraft:poppy":4,"minecraft:spruce_slab":161,"minecraft:sugar_cane":33,"minecraft:chest":5,"minecraft:egg":2,"minecraft:copper_ore":19,"minecraft:raw_iron":72,"minecraft:stone":3597,"minecraft:polished_blackstone_bricks":7,"minecraft:carrot":77,"minecraft:cooked_cod":18,"minecraft:arrow":33,"minecraft:diamond_chestplate":3,"minecraft:diamond_boots":2,"minecraft:deepslate_bricks":2,"minecraft:hay_block":20,"minecraft:gold_ingot":2,"minecraft:mutton":14,"minecraft:white_wool":20,"minecraft:oxeye_daisy":3,"minecraft:basalt":266,"minecraft:leather":2,"minecraft:oak_log":163,"minecraft:ancient_debris":2,"minecraft:golden_boots":1,"minecraft:yellow_bed":2,"minecraft:paper":15,"minecraft:apple":2,"minecraft:stone_bricks":49,"minecraft:kelp":1,"minecraft:oak_fence_gate":2,"minecraft:stone_pickaxe":1,"minecraft:iron_ingot":4,"minecraft:iron_ore":16,"minecraft:oak_slab":2,"minecraft:pumpkin":3,"minecraft:birch_boat":6,"minecraft:dandelion":2,"minecraft:gravel":24,"minecraft:lava_bucket":1,"minecraft:spruce_sapling":7,"minecraft:blast_furnace":5,"minecraft:white_bed":6,"minecraft:spruce_log":280,"minecraft:spider_eye":2,"minecraft:coal_ore":51,"minecraft:stone_axe":1,"minecraft:diamond_axe":4,"minecraft:birch_sign":1,"minecraft:baked_potato":15,"minecraft:coal":202},"minecraft:crafted":{"minecraft:brick":8,"minecraft:grindstone":1,"minecraft:oak_planks":216,"minecraft:diamond_helmet":1,"minecraft:diamond_leggings":1,"minecraft:chest":9,"minecraft:oak_button":15,"minecraft:stone_bricks":240,"minecraft:flower_pot":1,"minecraft:golden_boots":3,"minecraft:diamond_axe":1,"minecraft:crafting_table":12,"minecraft:spruce_planks":472,"minecraft:spruce_door":3,"minecraft:smithing_table":1,"minecraft:paper":15,"minecraft:diamond_pickaxe":2,"minecraft:shield":1,"minecraft:stick":56,"minecraft:stone_slab":390,"minecraft:iron_ingot":54,"minecraft:iron_pickaxe":1,"minecraft:iron_block":3,"minecraft:gold_ingot":81,"minecraft:netherite_ingot":1,"minecraft:composter":1,"minecraft:deepslate_bricks":148,"minecraft:golden_carrot":23,"minecraft:jukebox":1,"minecraft:furnace":1,"minecraft:spruce_stairs":4,"minecraft:polished_deepslate":148,"minecraft:iron_axe":1,"minecraft:iron_hoe":1,"minecraft:spruce_slab":438,"minecraft:stone_pickaxe":1,"minecraft:diamond_boots":1,"minecraft:spruce_boat":2,"minecraft:netherite_scrap":4,"minecraft:wheat":180,"minecraft:cooked_beef":7,"minecraft:netherite_pickaxe":1,"minecraft:diamond_sword":1,"minecraft:spruce_sign":6,"minecraft:stone_axe":1,"minecraft:deepslate_tiles":4,"minecraft:bread":67,"minecraft:air":0,"minecraft:oak_boat":1,"minecraft:gold_nugget":261,"minecraft:iron_shovel":1,"minecraft:stonecutter":1,"minecraft:anvil":1,"minecraft:torch":96,"minecraft:diamond_chestplate":2},"minecraft:dropped":{"minecraft:spruce_sign":3,"minecraft:iron_sword":1,"minecraft:porkchop":4,"minecraft:diamond_axe":4,"minecraft:lapis_lazuli":15,"minecraft:diamond":38,"minecraft:crafting_table":1,"minecraft:leather":1,"minecraft:dirt":7,"minecraft:cooked_cod":9,"minecraft:gold_nugget":2,"minecraft:gravel":13,"minecraft:sugar_cane":15,"minecraft:iron_nugget":2,"minecraft:cobbled_deepslate":192,"minecraft:wheat":1,"minecraft:obsidian":6,"minecraft:rotten_flesh":8,"minecraft:oak_planks":3,"minecraft:azure_bluet":1,"minecraft:carrot":20,"minecraft:poppy":2,"minecraft:iron_ore":2,"minecraft:basalt":32,"minecraft:arrow":22,"minecraft:golden_boots":3,"minecraft:iron_ingot":23,"minecraft:bread":32,"minecraft:wheat_seeds":6,"minecraft:deepslate_diamond_ore":60,"minecraft:diamond_leggings":2,"minecraft:lead":4,"minecraft:feather":1,"minecraft:cobblestone":33,"minecraft:granite":18,"minecraft:coal":5,"minecraft:stick":4,"minecraft:oxeye_daisy":3,"minecraft:diorite":84,"minecraft:torch":2,"minecraft:cooked_salmon":10,"minecraft:diamond_helmet":3,"minecraft:iron_leggings":2,"minecraft:paper":15,"minecraft:string":2,"minecraft:spruce_sapling":2,"minecraft:dandelion":2,"minecraft:tuff":29,"minecraft:raw_iron":6,"minecraft:chicken":1,"minecraft:stone_slab":8,"minecraft:copper_ore":4,"minecraft:potato":10,"minecraft:stone":292,"minecraft:diamond_chestplate":4,"minecraft:andesite":25,"minecraft:diamond_pickaxe":6,"minecraft:golden_sword":1,"minecraft:stone_bricks":1,"minecraft:spider_eye":2,"minecraft:diamond_boots":1,"minecraft:bow":1},"minecraft:custom":{"minecraft:interact_with_crafting_table":71,"minecraft:open_barrel":3,"minecraft:leave_game":34,"minecraft:time_since_death":606770,"minecraft:sprint_one_cm":1283652,"minecraft:damage_blocked_by_shield":690,"minecraft:drop":185,"minecraft:talked_to_villager":2,"minecraft:play_time":724017,"minecraft:deaths":6,"minecraft:jump":6609,"minecraft:walk_on_water_one_cm":26491,"minecraft:enchant_item":1,"minecraft:interact_with_furnace":40,"minecraft:play_record":10,"minecraft:sleep_in_bed":8,"minecraft:damage_dealt":10213,"minecraft:player_kills":5,"minecraft:crouch_one_cm":207664,"minecraft:horse_one_cm":2307,"minecraft:interact_with_smithing_table":8,"minecraft:mob_kills":75,"minecraft:interact_with_anvil":8,"minecraft:walk_one_cm":1813076,"minecraft:sneak_time":52368,"minecraft:walk_under_water_one_cm":19868,"minecraft:boat_one_cm":201238,"minecraft:interact_with_blast_furnace":26,"minecraft:total_world_time":724017,"minecraft:pot_flower":1,"minecraft:interact_with_grindstone":1,"minecraft:interact_with_stonecutter":3,"minecraft:time_since_rest":47538,"minecraft:damage_taken":6156,"minecraft:swim_one_cm":53281,"minecraft:fly_one_cm":1621371,"minecraft:open_chest":254,"minecraft:fall_one_cm":155632},"minecraft:broken":{"minecraft:stone_pickaxe":1,"minecraft:iron_pickaxe":2},"minecraft:mined":{"minecraft:spruce_planks":2,"minecraft:white_bed":4,"minecraft:cherry_log":21,"minecraft:obsidian":4,"minecraft:granite":352,"minecraft:grass_block":13,"minecraft:cracked_polished_blackstone_bricks":7,"minecraft:deepslate_bricks":2,"minecraft:composter":12,"minecraft:polished_blackstone_bricks":12,"minecraft:iron_ore":63,"minecraft:pumpkin":6,"minecraft:fletching_table":15,"minecraft:deepslate_lapis_ore":22,"minecraft:anvil":2,"minecraft:birch_wall_sign":1,"minecraft:spruce_slab":52,"minecraft:brown_mushroom":2,"minecraft:blackstone":42,"minecraft:clay":2,"minecraft:torch":31,"minecraft:blast_furnace":4,"minecraft:poppy":2,"minecraft:chest":5,"minecraft:spruce_wall_sign":2,"minecraft:cobblestone":54,"minecraft:grindstone":2,"minecraft:sugar_cane":11,"minecraft:oak_planks":113,"minecraft:wall_torch":26,"minecraft:spruce_sign":2,"minecraft:wheat":8,"minecraft:jukebox":3,"minecraft:birch_door":1,"minecraft:grass":26,"minecraft:oak_log":89,"minecraft:oak_fence_gate":2,"minecraft:sand":8,"minecraft:dirt":71,"minecraft:stonecutter":5,"minecraft:ancient_debris":2,"minecraft:netherrack":16,"minecraft:oak_leaves":10,"minecraft:deepslate":881,"minecraft:tuff":103,"minecraft:deepslate_diamond_ore":151,"minecraft:spruce_leaves":50,"minecraft:large_fern":2,"minecraft:hay_block":21,"minecraft:furnace":2,"minecraft:carrots":11,"minecraft:andesite":254,"minecraft:stripped_spruce_log":1,"minecraft:gold_block":13,"minecraft:potatoes":3,"minecraft:deepslate_iron_ore":12,"minecraft:stone":3477,"minecraft:smithing_table":2,"minecraft:oak_slab":2,"minecraft:cherry_planks":16,"minecraft:basalt":291,"minecraft:oak_fence":8,"minecraft:crafting_table":14,"minecraft:stone_slab":124,"minecraft:tall_grass":6,"minecraft:copper_ore":19,"minecraft:deepslate_gold_ore":11,"minecraft:diorite":217,"minecraft:spruce_stairs":3,"minecraft:spruce_log":240,"minecraft:yellow_bed":2,"minecraft:coal_ore":106,"minecraft:gravel":24,"minecraft:stone_bricks":28,"minecraft:chipped_anvil":1,"minecraft:fern":1},"minecraft:killed_by":{"minecraft:piglin_brute":1,"minecraft:creeper":1,"minecraft:zombie":1,"minecraft:player":1},"minecraft:killed":{"minecraft:zombified_piglin":1,"minecraft:spider":6,"minecraft:skeleton":10,"minecraft:chicken":2,"minecraft:magma_cube":22,"minecraft:sheep":10,"minecraft:pillager":1,"minecraft:zombie":14,"minecraft:cow":3,"minecraft:villager":1,"minecraft:enderman":1},"minecraft:used":{"minecraft:iron_shovel":35,"minecraft:spruce_slab":456,"minecraft:poppy":1,"minecraft:chest":11,"minecraft:shield":11,"minecraft:stone":1034,"minecraft:carrot":8,"minecraft:tuff":8,"minecraft:obsidian":6,"minecraft:spruce_boat":2,"minecraft:lava_bucket":3,"minecraft:coal_ore":19,"minecraft:music_disc_pigstep":10,"minecraft:grass_block":5,"minecraft:stone_bricks":248,"minecraft:bow":36,"minecraft:furnace":2,"minecraft:cooked_cod":6,"minecraft:egg":2,"minecraft:diorite":14,"minecraft:spruce_door":1,"minecraft:stone_pickaxe":131,"minecraft:oak_planks":108,"minecraft:blackstone":27,"minecraft:composter":12,"minecraft:diamond_axe":686,"minecraft:clay":2,"minecraft:blast_furnace":4,"minecraft:deepslate_iron_ore":1,"minecraft:bread":55,"minecraft:deepslate":2,"minecraft:diamond_sword":179,"minecraft:grindstone":2,"minecraft:smithing_table":3,"minecraft:andesite":56,"minecraft:oak_boat":1,"minecraft:spruce_planks":182,"minecraft:netherrack":15,"minecraft:torch":153,"minecraft:dirt":125,"minecraft:anvil":3,"minecraft:spruce_stairs":5,"minecraft:granite":20,"minecraft:birch_door":2,"minecraft:iron_hoe":78,"minecraft:chipped_anvil":1,"minecraft:iron_axe":50,"minecraft:basalt":139,"minecraft:golden_carrot":22,"minecraft:netherite_pickaxe":442,"minecraft:cobbled_deepslate":65,"minecraft:pumpkin":1,"minecraft:cherry_log":5,"minecraft:wheat_seeds":48,"minecraft:water_bucket":2,"minecraft:iron_ore":8,"minecraft:baked_potato":15,"minecraft:birch_boat":5,"minecraft:spruce_sign":6,"minecraft:fletching_table":14,"minecraft:stonecutter":4,"minecraft:deepslate_bricks":32,"minecraft:polished_blackstone_bricks":6,"minecraft:oak_slab":2,"minecraft:crafting_table":21,"minecraft:birch_sign":4,"minecraft:white_bed":4,"minecraft:spruce_log":93,"minecraft:oak_log":14,"minecraft:flower_pot":1,"minecraft:diamond_pickaxe":5322,"minecraft:apple":12,"minecraft:cracked_polished_blackstone_bricks":6,"minecraft:oak_button":6,"minecraft:iron_pickaxe":420,"minecraft:stone_slab":403,"minecraft:spruce_sapling":1,"minecraft:fishing_rod":24,"minecraft:cobblestone":40,"minecraft:cooked_porkchop":2,"minecraft:bucket":5,"minecraft:glass_pane":8,"minecraft:yellow_bed":2,"minecraft:jukebox":5}},"DataVersion":3465}