{"stats":{"minecraft:picked_up":{"minecraft:iron_chestplate":1,"minecraft:birch_door":3,"minecraft:wheat":3,"minecraft:flower_pot":2,"minecraft:anvil":4,"minecraft:prismarine_shard":3,"minecraft:stone_slab":233,"minecraft:smithing_table":4,"minecraft:lead":18,"minecraft:diamond_sword":5,"minecraft:enchanted_book":2,"minecraft:brain_coral_block":1,"minecraft:stone_brick_stairs":3,"minecraft:golden_sword":1,"minecraft:string":274,"minecraft:raw_copper":18,"minecraft:cooked_salmon":25,"minecraft:iron_leggings":2,"minecraft:pufferfish":1,"minecraft:cherry_boat":3,"minecraft:diamond_leggings":7,"minecraft:cobbled_deepslate":1087,"minecraft:gold_nugget":2,"minecraft:bucket":4,"minecraft:spruce_planks":42,"minecraft:deepslate_iron_ore":1,"minecraft:furnace":5,"minecraft:stick":340,"minecraft:jukebox":3,"minecraft:composter":12,"minecraft:oak_fence":21,"minecraft:torch":254,"minecraft:spruce_stairs":3,"minecraft:porkchop":6,"minecraft:cherry_log":61,"minecraft:diorite":276,"minecraft:music_disc_pigstep":13,"minecraft:rotten_flesh":10,"minecraft:tropical_fish":2,"minecraft:obsidian":10,"minecraft:cod":4,"minecraft:cobblestone":673,"minecraft:feather":4,"minecraft:lilac":2,"minecraft:magma_cream":4,"minecraft:cherry_planks":71,"minecraft:water_bucket":2,"minecraft:andesite":321,"minecraft:potato":77,"minecraft:flint":2,"minecraft:tuff":121,"minecraft:lapis_lazuli":430,"minecraft:dirt":136,"minecraft:lantern":6,"minecraft:bone":8,"minecraft:chipped_anvil":1,"minecraft:stonecutter":6,"minecraft:bow":7,"minecraft:wheat_seeds":29,"minecraft:deepslate_brick_slab":57,"minecraft:raw_gold":29,"minecraft:bell":1,"minecraft:grindstone":2,"minecraft:diamond_helmet":5,"minecraft:fletching_table":16,"minecraft:prismarine":2,"minecraft:oak_planks":309,"minecraft:brain_coral":1,"minecraft:poisonous_potato":1,"minecraft:sand":378,"minecraft:stripped_spruce_log":1,"minecraft:ink_sac":4,"minecraft:grass_block":12,"minecraft:iron_hoe":2,"minecraft:black_concrete_powder":1,"minecraft:diamond":170,"minecraft:deepslate":303,"minecraft:spruce_boat":1,"minecraft:black_concrete":215,"minecraft:lever":4,"minecraft:cracked_polished_blackstone_bricks":6,"minecraft:grass":4,"minecraft:granite":400,"minecraft:bone_meal":74,"minecraft:white_concrete":531,"minecraft:bread":52,"minecraft:spruce_sign":28,"minecraft:golden_horse_armor":2,"minecraft:emerald":61,"minecraft:oak_sapling":3,"minecraft:netherrack":15,"minecraft:oak_leaves":4,"minecraft:diamond_pickaxe":10,"minecraft:fishing_rod":1,"minecraft:spruce_leaves":24,"minecraft:crafting_table":21,"minecraft:allium":3,"minecraft:azure_bluet":1,"minecraft:chicken":4,"minecraft:clay_ball":8,"minecraft:brown_mushroom":2,"minecraft:gold_block":13,"minecraft:chain":8,"minecraft:shield":2,"minecraft:cornflower":3,"minecraft:oak_trapdoor":10,"minecraft:stone_stairs":2,"minecraft:iron_axe":1,"minecraft:item_frame":1,"minecraft:blackstone":43,"minecraft:glass_pane":59,"minecraft:deepslate_diamond_ore":60,"minecraft:beef":18,"minecraft:oak_boat":4,"minecraft:iron_nugget":2,"minecraft:poppy":12,"minecraft:spruce_slab":176,"minecraft:sugar_cane":130,"minecraft:chest":5,"minecraft:spruce_trapdoor":19,"minecraft:copper_ore":21,"minecraft:egg":22,"minecraft:raw_iron":72,"minecraft:sandstone":2,"minecraft:stone":4381,"minecraft:oak_door":8,"minecraft:glow_item_frame":1,"minecraft:polished_blackstone_bricks":7,"minecraft:carrot":77,"minecraft:netherite_pickaxe":5,"minecraft:prismarine_crystals":4,"minecraft:cooked_cod":22,"minecraft:arrow":43,"minecraft:diamond_chestplate":6,"minecraft:deepslate_bricks":32,"minecraft:shears":2,"minecraft:diamond_boots":8,"minecraft:hay_block":20,"minecraft:saddle":3,"minecraft:gold_ingot":2,"minecraft:mutton":14,"minecraft:white_wool":72,"minecraft:oxeye_daisy":3,"minecraft:wet_sponge":3,"minecraft:stripped_oak_log":11,"minecraft:basalt":266,"minecraft:glow_ink_sac":4,"minecraft:tripwire_hook":5,"minecraft:salmon":3,"minecraft:leather":12,"minecraft:birch_planks":152,"minecraft:oak_log":251,"minecraft:ancient_debris":2,"minecraft:golden_boots":1,"minecraft:yellow_bed":2,"minecraft:paper":15,"minecraft:apple":5,"minecraft:stone_bricks":70,"minecraft:kelp":32,"minecraft:oak_fence_gate":2,"minecraft:iron_ingot":15,"minecraft:stone_pickaxe":1,"minecraft:iron_ore":16,"minecraft:oak_slab":6,"minecraft:birch_boat":9,"minecraft:pumpkin":3,"minecraft:brush":1,"minecraft:stone_brick_slab":22,"minecraft:dandelion":6,"minecraft:gravel":345,"minecraft:lava_bucket":1,"minecraft:spruce_sapling":16,"minecraft:blast_furnace":5,"minecraft:white_bed":11,"minecraft:spruce_log":320,"minecraft:sea_lantern":13,"minecraft:spider_eye":2,"minecraft:spruce_door":2,"minecraft:coal_ore":56,"minecraft:purple_bed":2,"minecraft:white_concrete_powder":566,"minecraft:stone_axe":1,"minecraft:diamond_axe":9,"minecraft:painting":44,"minecraft:birch_sign":2,"minecraft:baked_potato":79,"minecraft:coal":202,"minecraft:ender_pearl":1},"minecraft:killed_by":{"minecraft:piglin_brute":1,"minecraft:creeper":1,"minecraft:zombie":1,"minecraft:elder_guardian":1,"minecraft:player":2},"minecraft:killed":{"minecraft:zombified_piglin":1,"minecraft:spider":7,"minecraft:skeleton":11,"minecraft:guardian":3,"minecraft:chicken":4,"minecraft:magma_cube":22,"minecraft:sheep":10,"minecraft:pillager":1,"minecraft:goat":2,"minecraft:zombie":20,"minecraft:glow_squid":1,"minecraft:cow":5,"minecraft:horse":5,"minecraft:squid":1,"minecraft:villager":2,"minecraft:enderman":2},"minecraft:used":{"minecraft:writable_book":18,"minecraft:iron_shovel":285,"minecraft:spruce_slab":468,"minecraft:poppy":1,"minecraft:white_concrete_powder":556,"minecraft:chest":13,"minecraft:shield":11,"minecraft:stone":1187,"minecraft:bell":2,"minecraft:grass":1,"minecraft:spruce_leaves":11,"minecraft:carrot":8,"minecraft:deepslate_brick_slab":83,"minecraft:tuff":8,"minecraft:milk_bucket":5,"minecraft:obsidian":6,"minecraft:spruce_boat":2,"minecraft:glass":2,"minecraft:lava_bucket":3,"minecraft:coal_ore":19,"minecraft:music_disc_pigstep":14,"minecraft:lantern":4,"minecraft:grass_block":7,"minecraft:stone_brick_stairs":5,"minecraft:stone_bricks":290,"minecraft:item_frame":1,"minecraft:bow":37,"minecraft:written_book":10,"minecraft:furnace":3,"minecraft:oak_sapling":3,"minecraft:cooked_cod":13,"minecraft:egg":22,"minecraft:potato":26,"minecraft:diamond_boots":1,"minecraft:diorite":14,"minecraft:spruce_door":2,"minecraft:stone_pickaxe":131,"minecraft:prismarine":1,"minecraft:oak_planks":127,"minecraft:blackstone":27,"minecraft:composter":12,"minecraft:diamond_axe":926,"minecraft:clay":2,"minecraft:brain_coral":3,"minecraft:sand":35,"minecraft:blast_furnace":4,"minecraft:black_concrete_powder":129,"minecraft:shears":125,"minecraft:lever":4,"minecraft:black_concrete":115,"minecraft:deepslate_iron_ore":1,"minecraft:string":183,"minecraft:bread":55,"minecraft:lectern":1,"minecraft:deepslate":2,"minecraft:tropical_fish_bucket":1,"minecraft:diamond_sword":281,"minecraft:pufferfish_bucket":1,"minecraft:oak_boat":3,"minecraft:smithing_table":5,"minecraft:grindstone":2,"minecraft:chain":3,"minecraft:andesite":58,"minecraft:white_concrete":213,"minecraft:cherry_boat":1,"minecraft:bone_meal":16,"minecraft:experience_bottle":120,"minecraft:oak_fence":3,"minecraft:brain_coral_fan":2,"minecraft:spruce_planks":189,"minecraft:cooked_salmon":14,"minecraft:netherrack":15,"minecraft:oak_door":10,"minecraft:torch":176,"minecraft:dirt":145,"minecraft:anvil":5,"minecraft:spruce_stairs":5,"minecraft:stone_stairs":2,"minecraft:diamond_helmet":1,"minecraft:cod_bucket":4,"minecraft:salmon_bucket":2,"minecraft:granite":26,"minecraft:birch_door":2,"minecraft:iron_hoe":97,"minecraft:stone_brick_slab":76,"minecraft:bookshelf":6,"minecraft:sea_lantern":5,"minecraft:chipped_anvil":1,"minecraft:iron_axe":50,"minecraft:basalt":139,"minecraft:tripwire_hook":5,"minecraft:golden_carrot":22,"minecraft:netherite_pickaxe":2004,"minecraft:cobbled_deepslate":65,"minecraft:cherry_log":9,"minecraft:pumpkin":1,"minecraft:brain_coral_block":1,"minecraft:wheat_seeds":53,"minecraft:chiseled_bookshelf":2,"minecraft:water_bucket":157,"minecraft:iron_ore":8,"minecraft:lead":1,"minecraft:cartography_table":1,"minecraft:baked_potato":76,"minecraft:birch_boat":8,"minecraft:cherry_planks":17,"minecraft:spruce_sign":16,"minecraft:glow_ink_sac":1,"minecraft:stonecutter":4,"minecraft:fletching_table":14,"minecraft:deepslate_bricks":32,"minecraft:polished_blackstone_bricks":6,"minecraft:glow_item_frame":4,"minecraft:oak_slab":9,"minecraft:crafting_table":26,"minecraft:birch_sign":5,"minecraft:cod":6,"minecraft:white_bed":14,"minecraft:fire_coral":2,"minecraft:painting":47,"minecraft:spruce_log":107,"minecraft:book":18,"minecraft:oak_log":59,"minecraft:apple":13,"minecraft:flower_pot":5,"minecraft:diamond_pickaxe":5323,"minecraft:cracked_polished_blackstone_bricks":6,"minecraft:oak_button":6,"minecraft:iron_pickaxe":420,"minecraft:stone_slab":449,"minecraft:spruce_trapdoor":26,"minecraft:spruce_sapling":6,"minecraft:fishing_rod":24,"minecraft:cobblestone":53,"minecraft:purple_bed":2,"minecraft:cooked_porkchop":2,"minecraft:bucket":169,"minecraft:glass_pane":62,"minecraft:yellow_bed":2,"minecraft:brush":79,"minecraft:kelp":30,"minecraft:jukebox":5,"minecraft:diamond_leggings":1},"minecraft:custom":{"minecraft:animals_bred":1,"minecraft:interact_with_crafting_table":135,"minecraft:open_barrel":4,"minecraft:bell_ring":37,"minecraft:leave_game":66,"minecraft:time_since_death":10346,"minecraft:sprint_one_cm":2231669,"minecraft:damage_blocked_by_shield":690,"minecraft:drop":304,"minecraft:talked_to_villager":21,"minecraft:play_time":1359228,"minecraft:deaths":9,"minecraft:jump":11736,"minecraft:walk_on_water_one_cm":136541,"minecraft:enchant_item":1,"minecraft:interact_with_furnace":58,"minecraft:play_record":14,"minecraft:traded_with_villager":25,"minecraft:interact_with_cartography_table":1,"minecraft:sleep_in_bed":15,"minecraft:damage_dealt":17620,"minecraft:player_kills":5,"minecraft:crouch_one_cm":263092,"minecraft:interact_with_smoker":3,"minecraft:horse_one_cm":110388,"minecraft:interact_with_smithing_table":8,"minecraft:mob_kills":101,"minecraft:interact_with_anvil":9,"minecraft:walk_one_cm":2945206,"minecraft:sneak_time":74570,"minecraft:walk_under_water_one_cm":100650,"minecraft:boat_one_cm":1131447,"minecraft:interact_with_lectern":11,"minecraft:interact_with_blast_furnace":27,"minecraft:total_world_time":1359228,"minecraft:pot_flower":5,"minecraft:interact_with_grindstone":1,"minecraft:interact_with_stonecutter":7,"minecraft:time_since_rest":10387,"minecraft:damage_taken":10001,"minecraft:swim_one_cm":175673,"minecraft:fly_one_cm":2710976,"minecraft:open_chest":478,"minecraft:fall_one_cm":263008},"minecraft:dropped":{"minecraft:spruce_sign":15,"minecraft:iron_sword":1,"minecraft:porkchop":4,"minecraft:diamond_axe":6,"minecraft:lapis_lazuli":15,"minecraft:diamond":38,"minecraft:ender_pearl":1,"minecraft:crafting_table":1,"minecraft:leather":1,"minecraft:cod":1,"minecraft:emerald":86,"minecraft:dirt":8,"minecraft:grass":3,"minecraft:brush":1,"minecraft:cooked_cod":9,"minecraft:chain":3,"minecraft:gold_nugget":2,"minecraft:polished_blackstone_bricks":2,"minecraft:white_wool":1,"minecraft:oak_door":3,"minecraft:gravel":35,"minecraft:sugar_cane":15,"minecraft:iron_nugget":2,"minecraft:cobbled_deepslate":192,"minecraft:wheat":1,"minecraft:obsidian":6,"minecraft:deepslate_brick_slab":19,"minecraft:rotten_flesh":8,"minecraft:oak_planks":6,"minecraft:azure_bluet":1,"minecraft:white_bed":10,"minecraft:salmon":1,"minecraft:carrot":20,"minecraft:poppy":2,"minecraft:sea_lantern":5,"minecraft:white_concrete_powder":20,"minecraft:spruce_slab":6,"minecraft:arrow":22,"minecraft:basalt":32,"minecraft:iron_ore":2,"minecraft:oak_leaves":4,"minecraft:iron_ingot":23,"minecraft:enchanted_book":1,"minecraft:golden_boots":3,"minecraft:bread":32,"minecraft:oak_slab":1,"minecraft:netherite_pickaxe":2,"minecraft:wheat_seeds":16,"minecraft:deepslate_diamond_ore":60,"minecraft:feather":1,"minecraft:diamond_leggings":5,"minecraft:poisonous_potato":1,"minecraft:lead":4,"minecraft:prismarine_shard":3,"minecraft:oak_fence":1,"minecraft:prismarine_crystals":4,"minecraft:cobblestone":40,"minecraft:apple":2,"minecraft:granite":61,"minecraft:spruce_door":2,"minecraft:grass_block":5,"minecraft:coal":5,"minecraft:stick":5,"minecraft:oxeye_daisy":3,"minecraft:milk_bucket":2,"minecraft:diorite":84,"minecraft:torch":2,"minecraft:cooked_salmon":11,"minecraft:diamond_helmet":3,"minecraft:iron_leggings":2,"minecraft:polished_blackstone_brick_slab":36,"minecraft:paper":15,"minecraft:iron_shovel":1,"minecraft:string":84,"minecraft:spruce_sapling":2,"minecraft:dandelion":2,"minecraft:raw_copper":18,"minecraft:tuff":29,"minecraft:raw_iron":6,"minecraft:chicken":4,"minecraft:stone_slab":8,"minecraft:diamond_sword":1,"minecraft:deepslate_bricks":30,"minecraft:copper_ore":4,"minecraft:potato":10,"minecraft:stone":329,"minecraft:diamond_chestplate":4,"minecraft:spruce_trapdoor":7,"minecraft:diamond_pickaxe":7,"minecraft:andesite":25,"minecraft:golden_sword":1,"minecraft:spruce_log":23,"minecraft:stone_bricks":1,"minecraft:diamond_boots":4,"minecraft:spider_eye":2,"minecraft:light_gray_dye":1,"minecraft:sandstone":2,"minecraft:bow":3},"minecraft:mined":{"minecraft:spruce_planks":11,"minecraft:white_bed":6,"minecraft:cherry_log":24,"minecraft:obsidian":4,"minecraft:spruce_trapdoor":20,"minecraft:granite":366,"minecraft:grass_block":28,"minecraft:cracked_polished_blackstone_bricks":7,"minecraft:white_concrete":389,"minecraft:deepslate_bricks":28,"minecraft:composter":12,"minecraft:polished_blackstone_bricks":12,"minecraft:iron_ore":63,"minecraft:anvil":4,"minecraft:pumpkin":6,"minecraft:fletching_table":15,"minecraft:deepslate_lapis_ore":22,"minecraft:azure_bluet":2,"minecraft:dirt_path":1,"minecraft:birch_wall_sign":2,"minecraft:brain_coral_block":1,"minecraft:spruce_slab":61,"minecraft:tripwire":22,"minecraft:brown_mushroom":2,"minecraft:blackstone":42,"minecraft:kelp_plant":5,"minecraft:clay":2,"minecraft:torch":35,"minecraft:blast_furnace":4,"minecraft:poppy":5,"minecraft:chest":5,"minecraft:spruce_wall_sign":9,"minecraft:glass":2,"minecraft:cobblestone":94,"minecraft:sugar_cane":48,"minecraft:grindstone":2,"minecraft:prismarine":1,"minecraft:oak_planks":135,"minecraft:wall_torch":34,"minecraft:spruce_sign":2,"minecraft:stone_stairs":2,"minecraft:chain":4,"minecraft:black_concrete_powder":1,"minecraft:wheat":10,"minecraft:lilac":2,"minecraft:jukebox":3,"minecraft:birch_door":1,"minecraft:potted_poppy":2,"minecraft:stone_brick_stairs":3,"minecraft:grass":122,"minecraft:oak_log":112,"minecraft:oak_fence_gate":2,"minecraft:sand":271,"minecraft:dirt":84,"minecraft:netherrack":16,"minecraft:stonecutter":5,"minecraft:tripwire_hook":3,"minecraft:ancient_debris":2,"minecraft:oak_leaves":18,"minecraft:deepslate":881,"minecraft:tuff":103,"minecraft:deepslate_diamond_ore":151,"minecraft:oak_door":8,"minecraft:sea_lantern":12,"minecraft:lever":1,"minecraft:allium":3,"minecraft:spruce_leaves":94,"minecraft:kelp":18,"minecraft:white_concrete_powder":3,"minecraft:large_fern":2,"minecraft:hay_block":21,"minecraft:deepslate_brick_slab":22,"minecraft:spruce_sapling":2,"minecraft:furnace":3,"minecraft:carrots":12,"minecraft:andesite":276,"minecraft:black_concrete":174,"minecraft:stripped_spruce_log":1,"minecraft:gold_block":13,"minecraft:bell":1,"minecraft:potatoes":28,"minecraft:deepslate_iron_ore":12,"minecraft:lantern":1,"minecraft:stripped_oak_log":11,"minecraft:stone":4209,"minecraft:brain_coral":2,"minecraft:smithing_table":4,"minecraft:oak_slab":3,"minecraft:glass_pane":27,"minecraft:cherry_planks":45,"minecraft:stone_brick_slab":21,"minecraft:basalt":291,"minecraft:dandelion":2,"minecraft:oak_fence":12,"minecraft:crafting_table":18,"minecraft:cornflower":3,"minecraft:stone_slab":155,"minecraft:tall_grass":13,"minecraft:copper_ore":23,"minecraft:deepslate_gold_ore":11,"minecraft:diorite":217,"minecraft:spruce_stairs":3,"minecraft:purple_bed":2,"minecraft:sweet_berry_bush":1,"minecraft:spruce_log":262,"minecraft:yellow_bed":2,"minecraft:coal_ore":111,"minecraft:cherry_leaves":6,"minecraft:gravel":26,"minecraft:stone_bricks":34,"minecraft:chipped_anvil":1,"minecraft:fern":1},"minecraft:broken":{"minecraft:iron_shovel":1,"minecraft:stone_pickaxe":1,"minecraft:iron_pickaxe":2},"minecraft:crafted":{"minecraft:brick":8,"minecraft:black_dye":1,"minecraft:grindstone":1,"minecraft:oak_planks":412,"minecraft:bookshelf":5,"minecraft:glass":2,"minecraft:stone_brick_slab":90,"minecraft:diamond_helmet":1,"minecraft:diamond_leggings":1,"minecraft:polished_blackstone":20,"minecraft:chest":9,"minecraft:oak_button":15,"minecraft:stone_bricks":344,"minecraft:flower_pot":3,"minecraft:golden_boots":3,"minecraft:item_frame":1,"minecraft:oak_slab":42,"minecraft:emerald":25,"minecraft:diamond_axe":1,"minecraft:crafting_table":13,"minecraft:spruce_planks":576,"minecraft:glow_item_frame":1,"minecraft:baked_potato":13,"minecraft:brush":1,"minecraft:spruce_door":3,"minecraft:smithing_table":1,"minecraft:copper_ingot":1,"minecraft:painting":8,"minecraft:cartography_table":1,"minecraft:stone_brick_stairs":4,"minecraft:spruce_trapdoor":14,"minecraft:lectern":1,"minecraft:book":24,"minecraft:paper":90,"minecraft:diamond_pickaxe":2,"minecraft:shield":1,"minecraft:stick":636,"minecraft:stone_slab":504,"minecraft:iron_ingot":63,"minecraft:iron_pickaxe":1,"minecraft:iron_block":3,"minecraft:gold_ingot":81,"minecraft:light_gray_dye":1,"minecraft:netherite_ingot":1,"minecraft:composter":1,"minecraft:polished_blackstone_bricks":20,"minecraft:deepslate_bricks":148,"minecraft:shears":2,"minecraft:golden_carrot":23,"minecraft:oak_door":6,"minecraft:jukebox":1,"minecraft:iron_nugget":90,"minecraft:furnace":1,"minecraft:bone_meal":132,"minecraft:stone_stairs":8,"minecraft:lantern":8,"minecraft:spruce_stairs":4,"minecraft:white_concrete_powder":336,"minecraft:polished_deepslate":148,"minecraft:black_concrete_powder":128,"minecraft:iron_axe":1,"minecraft:spruce_slab":450,"minecraft:iron_hoe":2,"minecraft:stone_pickaxe":1,"minecraft:chiseled_bookshelf":3,"minecraft:diamond_boots":1,"minecraft:spruce_boat":2,"minecraft:netherite_scrap":4,"minecraft:wheat":180,"minecraft:cooked_beef":7,"minecraft:netherite_pickaxe":1,"minecraft:diamond_sword":1,"minecraft:polished_blackstone_brick_slab":36,"minecraft:spruce_sign":9,"minecraft:deepslate_brick_slab":96,"minecraft:cooked_salmon":4,"minecraft:bucket":1,"minecraft:deepslate_tiles":4,"minecraft:stone_axe":1,"minecraft:bread":67,"minecraft:air":0,"minecraft:oak_boat":1,"minecraft:white_wool":7,"minecraft:gold_nugget":261,"minecraft:white_dye":42,"minecraft:writable_book":3,"minecraft:iron_shovel":3,"minecraft:stonecutter":1,"minecraft:anvil":1,"minecraft:white_bed":14,"minecraft:torch":96,"minecraft:diamond_chestplate":2}},"DataVersion":3465}