{"stats":{"minecraft:broken":{"minecraft:iron_shovel":1,"minecraft:stone_pickaxe":1,"minecraft:iron_pickaxe":2},"minecraft:killed":{"minecraft:zombified_piglin":1,"minecraft:spider":8,"minecraft:skeleton":12,"minecraft:guardian":3,"minecraft:chicken":4,"minecraft:magma_cube":22,"minecraft:creeper":1,"minecraft:sheep":10,"minecraft:pillager":1,"minecraft:goat":2,"minecraft:zombie":21,"minecraft:glow_squid":1,"minecraft:cow":5,"minecraft:horse":5,"minecraft:squid":1,"minecraft:villager":2,"minecraft:enderman":2},"minecraft:dropped":{"minecraft:spruce_sign":15,"minecraft:iron_sword":1,"minecraft:porkchop":4,"minecraft:diamond_axe":8,"minecraft:lapis_lazuli":15,"minecraft:diamond":38,"minecraft:ender_pearl":1,"minecraft:crafting_table":1,"minecraft:netherite_upgrade_smithing_template":1,"minecraft:leather":1,"minecraft:saddle":1,"minecraft:emerald":168,"minecraft:cod":1,"minecraft:flint":13,"minecraft:dirt":12,"minecraft:grass":3,"minecraft:brush":1,"minecraft:cooked_cod":9,"minecraft:snout_armor_trim_smithing_template":2,"minecraft:chain":3,"minecraft:gold_nugget":2,"minecraft:polished_blackstone_bricks":2,"minecraft:white_wool":1,"minecraft:bone":40,"minecraft:oak_door":3,"minecraft:gravel":35,"minecraft:cherry_boat":1,"minecraft:sugar_cane":15,"minecraft:iron_nugget":2,"minecraft:cobbled_deepslate":192,"minecraft:wheat":1,"minecraft:obsidian":6,"minecraft:deepslate_brick_slab":19,"minecraft:rotten_flesh":8,"minecraft:oak_planks":9,"minecraft:azure_bluet":1,"minecraft:white_bed":10,"minecraft:salmon":1,"minecraft:carrot":20,"minecraft:poppy":2,"minecraft:sea_lantern":5,"minecraft:white_concrete_powder":21,"minecraft:spruce_slab":6,"minecraft:arrow":50,"minecraft:basalt":33,"minecraft:iron_ore":2,"minecraft:oak_leaves":4,"minecraft:enchanted_book":1,"minecraft:iron_ingot":23,"minecraft:water_bucket":1,"minecraft:golden_boots":3,"minecraft:bread":65,"minecraft:stripped_spruce_log":1,"minecraft:oak_slab":34,"minecraft:netherite_pickaxe":2,"minecraft:wheat_seeds":20,"minecraft:feather":1,"minecraft:lead":4,"minecraft:deepslate_diamond_ore":60,"minecraft:prismarine_shard":3,"minecraft:diamond_leggings":5,"minecraft:poisonous_potato":1,"minecraft:prismarine_crystals":4,"minecraft:oak_fence":1,"minecraft:iron_helmet":2,"minecraft:cobblestone":828,"minecraft:apple":2,"minecraft:granite":63,"minecraft:spruce_door":2,"minecraft:grass_block":5,"minecraft:coal":119,"minecraft:stick":6,"minecraft:oxeye_daisy":3,"minecraft:milk_bucket":2,"minecraft:diorite":84,"minecraft:torch":2,"minecraft:cooked_salmon":11,"minecraft:diamond_helmet":3,"minecraft:iron_leggings":3,"minecraft:polished_blackstone_brick_slab":36,"minecraft:white_banner":2,"minecraft:iron_shovel":1,"minecraft:paper":15,"minecraft:string":182,"minecraft:spruce_sapling":2,"minecraft:dandelion":2,"minecraft:raw_copper":18,"minecraft:tuff":29,"minecraft:raw_iron":6,"minecraft:chicken":4,"minecraft:iron_boots":2,"minecraft:iron_hoe":1,"minecraft:stripped_oak_log":2,"minecraft:stone_slab":8,"minecraft:copper_ore":4,"minecraft:deepslate_bricks":30,"minecraft:diamond_sword":3,"minecraft:potato":10,"minecraft:stone":344,"minecraft:diamond_chestplate":5,"minecraft:spruce_trapdoor":7,"minecraft:diamond_pickaxe":9,"minecraft:andesite":25,"minecraft:golden_sword":1,"minecraft:stone_bricks":1,"minecraft:diamond_boots":4,"minecraft:light_gray_dye":1,"minecraft:spider_eye":3,"minecraft:spruce_log":23,"minecraft:sandstone":2,"minecraft:bow":11},"minecraft:crafted":{"minecraft:brick":8,"minecraft:black_dye":1,"minecraft:grindstone":1,"minecraft:oak_planks":412,"minecraft:bookshelf":5,"minecraft:glass":2,"minecraft:stone_brick_slab":90,"minecraft:diamond_helmet":1,"minecraft:diamond_leggings":1,"minecraft:polished_blackstone":20,"minecraft:chest":9,"minecraft:oak_button":15,"minecraft:stone_bricks":344,"minecraft:flower_pot":3,"minecraft:golden_boots":3,"minecraft:item_frame":1,"minecraft:oak_slab":42,"minecraft:emerald":25,"minecraft:diamond_axe":1,"minecraft:crafting_table":14,"minecraft:spruce_planks":576,"minecraft:glow_item_frame":1,"minecraft:baked_potato":13,"minecraft:brush":1,"minecraft:spruce_door":3,"minecraft:smithing_table":1,"minecraft:copper_ingot":1,"minecraft:painting":8,"minecraft:cartography_table":1,"minecraft:stone_brick_stairs":4,"minecraft:spruce_trapdoor":14,"minecraft:lectern":1,"minecraft:book":24,"minecraft:paper":90,"minecraft:diamond_pickaxe":2,"minecraft:shield":1,"minecraft:stick":636,"minecraft:stone_slab":504,"minecraft:iron_ingot":63,"minecraft:iron_pickaxe":1,"minecraft:iron_block":3,"minecraft:gold_ingot":207,"minecraft:light_gray_dye":1,"minecraft:netherite_ingot":1,"minecraft:composter":1,"minecraft:polished_blackstone_bricks":20,"minecraft:deepslate_bricks":148,"minecraft:shears":2,"minecraft:golden_carrot":87,"minecraft:oak_door":6,"minecraft:jukebox":1,"minecraft:iron_nugget":90,"minecraft:furnace":1,"minecraft:bone_meal":132,"minecraft:oak_trapdoor":2,"minecraft:stone_stairs":8,"minecraft:lantern":8,"minecraft:spruce_stairs":4,"minecraft:white_concrete_powder":336,"minecraft:polished_deepslate":148,"minecraft:black_concrete_powder":128,"minecraft:iron_axe":1,"minecraft:spruce_slab":450,"minecraft:iron_hoe":2,"minecraft:stone_pickaxe":1,"minecraft:chiseled_bookshelf":3,"minecraft:diamond_boots":1,"minecraft:spruce_boat":2,"minecraft:netherite_scrap":4,"minecraft:wheat":180,"minecraft:cooked_beef":7,"minecraft:netherite_pickaxe":1,"minecraft:diamond_sword":1,"minecraft:polished_blackstone_brick_slab":36,"minecraft:spruce_sign":9,"minecraft:deepslate_brick_slab":96,"minecraft:cooked_salmon":4,"minecraft:bucket":1,"minecraft:stone_axe":1,"minecraft:deepslate_tiles":4,"minecraft:bread":68,"minecraft:air":0,"minecraft:oak_boat":2,"minecraft:white_wool":7,"minecraft:gold_nugget":819,"minecraft:white_dye":42,"minecraft:writable_book":3,"minecraft:iron_shovel":3,"minecraft:stonecutter":1,"minecraft:anvil":1,"minecraft:white_bed":14,"minecraft:torch":96,"minecraft:diamond_chestplate":2},"minecraft:killed_by":{"minecraft:piglin_brute":1,"minecraft:creeper":1,"minecraft:zombie":1,"minecraft:elder_guardian":1,"minecraft:player":4},"minecraft:picked_up":{"minecraft:iron_chestplate":1,"minecraft:birch_door":4,"minecraft:wheat":7,"minecraft:flower_pot":3,"minecraft:anvil":4,"minecraft:prismarine_shard":3,"minecraft:stone_slab":278,"minecraft:smithing_table":4,"minecraft:lead":18,"minecraft:diamond_sword":9,"minecraft:enchanted_book":2,"minecraft:brain_coral_block":1,"minecraft:stone_brick_stairs":3,"minecraft:golden_sword":1,"minecraft:string":372,"minecraft:raw_copper":18,"minecraft:cooked_salmon":25,"minecraft:iron_leggings":3,"minecraft:pufferfish":1,"minecraft:oak_sign":7,"minecraft:cherry_boat":4,"minecraft:diamond_leggings":8,"minecraft:cobbled_deepslate":1087,"minecraft:gold_nugget":2,"minecraft:bucket":8,"minecraft:spruce_planks":42,"minecraft:netherite_upgrade_smithing_template":1,"minecraft:deepslate_iron_ore":1,"minecraft:iron_boots":2,"minecraft:furnace":6,"minecraft:stick":341,"minecraft:jukebox":3,"minecraft:composter":12,"minecraft:oak_fence":23,"minecraft:torch":277,"minecraft:spruce_stairs":3,"minecraft:porkchop":6,"minecraft:cherry_log":61,"minecraft:diorite":276,"minecraft:music_disc_pigstep":15,"minecraft:rotten_flesh":10,"minecraft:tropical_fish":2,"minecraft:obsidian":10,"minecraft:cod":5,"minecraft:cobblestone":1442,"minecraft:magma_block":2,"minecraft:feather":4,"minecraft:lilac":2,"minecraft:magma_cream":4,"minecraft:cherry_planks":95,"minecraft:water_bucket":2,"minecraft:andesite":368,"minecraft:potato":77,"minecraft:flint":15,"minecraft:tuff":121,"minecraft:lapis_lazuli":430,"minecraft:dirt":137,"minecraft:lantern":16,"minecraft:bone":48,"minecraft:chipped_anvil":1,"minecraft:stonecutter":6,"minecraft:bow":17,"minecraft:wheat_seeds":38,"minecraft:deepslate_brick_slab":67,"minecraft:raw_gold":29,"minecraft:bell":1,"minecraft:grindstone":2,"minecraft:diamond_helmet":7,"minecraft:fletching_table":16,"minecraft:prismarine":2,"minecraft:oak_planks":371,"minecraft:brain_coral":1,"minecraft:poisonous_potato":1,"minecraft:sand":378,"minecraft:stripped_spruce_log":2,"minecraft:ink_sac":4,"minecraft:grass_block":12,"minecraft:iron_hoe":4,"minecraft:black_concrete_powder":1,"minecraft:snout_armor_trim_smithing_template":2,"minecraft:diamond":170,"minecraft:deepslate":303,"minecraft:spruce_boat":1,"minecraft:black_concrete":215,"minecraft:lever":4,"minecraft:cracked_polished_blackstone_bricks":6,"minecraft:grass":4,"minecraft:granite":433,"minecraft:bone_meal":74,"minecraft:white_concrete":539,"minecraft:bread":183,"minecraft:spruce_sign":28,"minecraft:golden_horse_armor":2,"minecraft:emerald":143,"minecraft:oak_sapling":3,"minecraft:netherrack":15,"minecraft:oak_leaves":4,"minecraft:diamond_pickaxe":14,"minecraft:spruce_leaves":24,"minecraft:fishing_rod":1,"minecraft:crafting_table":23,"minecraft:allium":3,"minecraft:azure_bluet":1,"minecraft:chicken":4,"minecraft:clay_ball":8,"minecraft:brown_mushroom":2,"minecraft:gold_block":13,"minecraft:chain":8,"minecraft:shield":2,"minecraft:cornflower":4,"minecraft:oak_trapdoor":12,"minecraft:stone_stairs":2,"minecraft:iron_axe":1,"minecraft:item_frame":1,"minecraft:iron_shovel":3,"minecraft:blackstone":43,"minecraft:glass_pane":60,"minecraft:deepslate_diamond_ore":60,"minecraft:beef":18,"minecraft:oak_boat":5,"minecraft:iron_nugget":2,"minecraft:poppy":15,"minecraft:spruce_slab":176,"minecraft:sugar_cane":130,"minecraft:chest":6,"minecraft:spruce_trapdoor":19,"minecraft:copper_ore":21,"minecraft:egg":23,"minecraft:raw_iron":72,"minecraft:sandstone":2,"minecraft:stone":4548,"minecraft:oak_door":8,"minecraft:glow_item_frame":1,"minecraft:polished_blackstone_bricks":7,"minecraft:carrot":198,"minecraft:netherite_pickaxe":7,"minecraft:prismarine_crystals":4,"minecraft:cooked_cod":38,"minecraft:arrow":66,"minecraft:diamond_chestplate":9,"minecraft:deepslate_bricks":32,"minecraft:shears":4,"minecraft:diamond_boots":9,"minecraft:hay_block":20,"minecraft:saddle":4,"minecraft:gold_ingot":2,"minecraft:mutton":14,"minecraft:white_wool":72,"minecraft:oxeye_daisy":3,"minecraft:wet_sponge":3,"minecraft:stripped_oak_log":13,"minecraft:basalt":267,"minecraft:glow_ink_sac":4,"minecraft:tripwire_hook":5,"minecraft:salmon":3,"minecraft:leather":12,"minecraft:birch_planks":152,"minecraft:oak_log":253,"minecraft:ancient_debris":2,"minecraft:golden_boots":2,"minecraft:yellow_bed":2,"minecraft:paper":15,"minecraft:white_banner":2,"minecraft:apple":5,"minecraft:stone_bricks":98,"minecraft:kelp":109,"minecraft:oak_fence_gate":6,"minecraft:iron_ingot":23,"minecraft:stone_pickaxe":1,"minecraft:iron_ore":16,"minecraft:oak_slab":39,"minecraft:birch_boat":9,"minecraft:pumpkin":3,"minecraft:brush":3,"minecraft:stone_brick_slab":25,"minecraft:dandelion":6,"minecraft:gravel":345,"minecraft:lava_bucket":1,"minecraft:spruce_sapling":16,"minecraft:blast_furnace":5,"minecraft:white_bed":11,"minecraft:spruce_log":328,"minecraft:sea_lantern":13,"minecraft:spider_eye":3,"minecraft:spruce_door":4,"minecraft:coal_ore":56,"minecraft:purple_bed":2,"minecraft:white_concrete_powder":568,"minecraft:stone_axe":1,"minecraft:iron_helmet":2,"minecraft:diamond_axe":13,"minecraft:painting":44,"minecraft:birch_sign":2,"minecraft:baked_potato":79,"minecraft:coal":316,"minecraft:ender_pearl":1},"minecraft:custom":{"minecraft:animals_bred":1,"minecraft:interact_with_crafting_table":140,"minecraft:open_barrel":5,"minecraft:bell_ring":37,"minecraft:leave_game":71,"minecraft:time_since_death":49054,"minecraft:sprint_one_cm":2379113,"minecraft:damage_blocked_by_shield":690,"minecraft:drop":379,"minecraft:talked_to_villager":21,"minecraft:play_time":1428388,"minecraft:deaths":11,"minecraft:jump":12303,"minecraft:walk_on_water_one_cm":147898,"minecraft:enchant_item":1,"minecraft:interact_with_furnace":59,"minecraft:play_record":16,"minecraft:traded_with_villager":25,"minecraft:interact_with_cartography_table":1,"minecraft:sleep_in_bed":15,"minecraft:damage_dealt":18518,"minecraft:player_kills":7,"minecraft:crouch_one_cm":265897,"minecraft:interact_with_smoker":3,"minecraft:horse_one_cm":110388,"minecraft:interact_with_smithing_table":8,"minecraft:mob_kills":105,"minecraft:interact_with_anvil":9,"minecraft:walk_one_cm":3126312,"minecraft:sneak_time":75915,"minecraft:walk_under_water_one_cm":138131,"minecraft:boat_one_cm":1266905,"minecraft:interact_with_lectern":11,"minecraft:interact_with_blast_furnace":27,"minecraft:total_world_time":1428388,"minecraft:pot_flower":6,"minecraft:interact_with_grindstone":1,"minecraft:interact_with_stonecutter":7,"minecraft:time_since_rest":49082,"minecraft:damage_taken":11029,"minecraft:swim_one_cm":186827,"minecraft:fly_one_cm":2849213,"minecraft:open_chest":512,"minecraft:fall_one_cm":275115},"minecraft:mined":{"minecraft:spruce_planks":11,"minecraft:white_bed":6,"minecraft:cherry_log":24,"minecraft:obsidian":4,"minecraft:spruce_trapdoor":20,"minecraft:granite":371,"minecraft:grass_block":28,"minecraft:cracked_polished_blackstone_bricks":7,"minecraft:white_concrete":397,"minecraft:deepslate_bricks":28,"minecraft:composter":12,"minecraft:oak_wall_sign":8,"minecraft:tall_seagrass":2,"minecraft:polished_blackstone_bricks":12,"minecraft:magma_block":3,"minecraft:iron_ore":63,"minecraft:anvil":4,"minecraft:pumpkin":6,"minecraft:fletching_table":15,"minecraft:deepslate_lapis_ore":22,"minecraft:azure_bluet":2,"minecraft:dirt_path":1,"minecraft:birch_wall_sign":2,"minecraft:potted_cornflower":1,"minecraft:brain_coral_block":1,"minecraft:spruce_slab":61,"minecraft:tripwire":22,"minecraft:brown_mushroom":2,"minecraft:blackstone":42,"minecraft:kelp_plant":14,"minecraft:powder_snow":8,"minecraft:clay":2,"minecraft:torch":35,"minecraft:blast_furnace":4,"minecraft:poppy":5,"minecraft:chest":5,"minecraft:spruce_wall_sign":9,"minecraft:glass":2,"minecraft:cobblestone":129,"minecraft:sugar_cane":48,"minecraft:grindstone":2,"minecraft:prismarine":1,"minecraft:oak_planks":141,"minecraft:wall_torch":34,"minecraft:spruce_sign":2,"minecraft:stone_stairs":2,"minecraft:chain":4,"minecraft:black_concrete_powder":1,"minecraft:wheat":14,"minecraft:lilac":2,"minecraft:jukebox":3,"minecraft:birch_door":1,"minecraft:potted_poppy":2,"minecraft:stone_brick_stairs":3,"minecraft:grass":122,"minecraft:oak_log":114,"minecraft:oak_fence_gate":6,"minecraft:sand":271,"minecraft:dirt":84,"minecraft:netherrack":16,"minecraft:stonecutter":5,"minecraft:tripwire_hook":3,"minecraft:ancient_debris":2,"minecraft:oak_leaves":20,"minecraft:deepslate":881,"minecraft:tuff":103,"minecraft:deepslate_diamond_ore":151,"minecraft:oak_door":8,"minecraft:sea_lantern":12,"minecraft:lever":1,"minecraft:allium":3,"minecraft:spruce_leaves":95,"minecraft:kelp":41,"minecraft:white_concrete_powder":3,"minecraft:large_fern":2,"minecraft:hay_block":21,"minecraft:deepslate_brick_slab":32,"minecraft:oak_trapdoor":2,"minecraft:spruce_sapling":2,"minecraft:furnace":4,"minecraft:carrots":46,"minecraft:andesite":276,"minecraft:black_concrete":174,"minecraft:stripped_spruce_log":2,"minecraft:gold_block":13,"minecraft:bell":1,"minecraft:potatoes":28,"minecraft:deepslate_iron_ore":12,"minecraft:lantern":1,"minecraft:stripped_oak_log":13,"minecraft:stone":4226,"minecraft:brain_coral":2,"minecraft:smithing_table":4,"minecraft:oak_slab":3,"minecraft:glass_pane":29,"minecraft:cherry_planks":45,"minecraft:stone_brick_slab":21,"minecraft:basalt":292,"minecraft:dandelion":2,"minecraft:spruce_door":1,"minecraft:oak_fence":12,"minecraft:crafting_table":20,"minecraft:cornflower":3,"minecraft:stone_slab":161,"minecraft:tall_grass":13,"minecraft:copper_ore":23,"minecraft:deepslate_gold_ore":11,"minecraft:diorite":217,"minecraft:spruce_stairs":3,"minecraft:purple_bed":2,"minecraft:sweet_berry_bush":1,"minecraft:spruce_log":270,"minecraft:yellow_bed":2,"minecraft:coal_ore":111,"minecraft:cherry_leaves":6,"minecraft:gravel":26,"minecraft:flower_pot":1,"minecraft:stone_bricks":34,"minecraft:chipped_anvil":1,"minecraft:fern":1},"minecraft:used":{"minecraft:writable_book":18,"minecraft:iron_shovel":285,"minecraft:spruce_slab":468,"minecraft:oak_sign":5,"minecraft:poppy":1,"minecraft:white_concrete_powder":556,"minecraft:chest":14,"minecraft:shield":11,"minecraft:stone":1238,"minecraft:bell":2,"minecraft:grass":1,"minecraft:spruce_leaves":11,"minecraft:soul_sand":1,"minecraft:carrot":65,"minecraft:deepslate_brick_slab":93,"minecraft:tuff":8,"minecraft:milk_bucket":5,"minecraft:obsidian":6,"minecraft:spruce_boat":2,"minecraft:glass":2,"minecraft:lava_bucket":3,"minecraft:coal_ore":19,"minecraft:music_disc_pigstep":16,"minecraft:lantern":5,"minecraft:grass_block":7,"minecraft:stone_brick_stairs":5,"minecraft:stone_bricks":290,"minecraft:item_frame":1,"minecraft:magma_block":2,"minecraft:bow":37,"minecraft:written_book":10,"minecraft:furnace":4,"minecraft:oak_sapling":3,"minecraft:cooked_cod":15,"minecraft:egg":23,"minecraft:potato":26,"minecraft:diamond_boots":1,"minecraft:diorite":14,"minecraft:spruce_door":3,"minecraft:stone_pickaxe":131,"minecraft:prismarine":1,"minecraft:oak_planks":132,"minecraft:blackstone":27,"minecraft:composter":12,"minecraft:diamond_axe":966,"minecraft:clay":2,"minecraft:brain_coral":3,"minecraft:sand":35,"minecraft:blast_furnace":4,"minecraft:black_concrete_powder":129,"minecraft:shears":125,"minecraft:lever":4,"minecraft:black_concrete":115,"minecraft:deepslate_iron_ore":1,"minecraft:string":183,"minecraft:bread":66,"minecraft:lectern":1,"minecraft:oak_trapdoor":4,"minecraft:deepslate":2,"minecraft:tropical_fish_bucket":1,"minecraft:diamond_sword":292,"minecraft:pufferfish_bucket":1,"minecraft:oak_boat":4,"minecraft:smithing_table":5,"minecraft:grindstone":2,"minecraft:chain":3,"minecraft:andesite":58,"minecraft:white_concrete":273,"minecraft:bone_meal":16,"minecraft:cherry_boat":2,"minecraft:experience_bottle":240,"minecraft:oak_fence":3,"minecraft:brain_coral_fan":2,"minecraft:spruce_planks":189,"minecraft:cooked_salmon":14,"minecraft:cooked_chicken":3,"minecraft:netherrack":15,"minecraft:oak_door":10,"minecraft:torch":181,"minecraft:dirt":145,"minecraft:anvil":5,"minecraft:spruce_stairs":5,"minecraft:stone_stairs":2,"minecraft:diamond_helmet":2,"minecraft:cod_bucket":4,"minecraft:salmon_bucket":2,"minecraft:granite":32,"minecraft:birch_door":2,"minecraft:iron_hoe":100,"minecraft:stone_brick_slab":76,"minecraft:bookshelf":6,"minecraft:sea_lantern":5,"minecraft:chipped_anvil":1,"minecraft:iron_axe":50,"minecraft:basalt":139,"minecraft:tripwire_hook":5,"minecraft:golden_carrot":22,"minecraft:netherite_pickaxe":2092,"minecraft:cobbled_deepslate":65,"minecraft:cherry_log":9,"minecraft:pumpkin":1,"minecraft:brain_coral_block":1,"minecraft:wheat_seeds":58,"minecraft:chiseled_bookshelf":2,"minecraft:water_bucket":158,"minecraft:iron_ore":8,"minecraft:lead":1,"minecraft:cartography_table":1,"minecraft:baked_potato":76,"minecraft:birch_boat":8,"minecraft:cherry_planks":17,"minecraft:spruce_sign":16,"minecraft:glow_ink_sac":1,"minecraft:stonecutter":4,"minecraft:fletching_table":14,"minecraft:deepslate_bricks":32,"minecraft:polished_blackstone_bricks":6,"minecraft:glow_item_frame":4,"minecraft:oak_slab":9,"minecraft:crafting_table":28,"minecraft:birch_sign":5,"minecraft:cod":7,"minecraft:white_bed":14,"minecraft:fire_coral":2,"minecraft:painting":48,"minecraft:spruce_log":111,"minecraft:book":18,"minecraft:oak_log":61,"minecraft:apple":13,"minecraft:flower_pot":6,"minecraft:diamond_pickaxe":5323,"minecraft:cracked_polished_blackstone_bricks":6,"minecraft:oak_button":6,"minecraft:iron_pickaxe":420,"minecraft:stone_slab":455,"minecraft:spruce_trapdoor":26,"minecraft:spruce_sapling":6,"minecraft:fishing_rod":24,"minecraft:cobblestone":71,"minecraft:purple_bed":2,"minecraft:cooked_porkchop":2,"minecraft:bucket":171,"minecraft:glass_pane":63,"minecraft:yellow_bed":2,"minecraft:brush":109,"minecraft:kelp":50,"minecraft:jukebox":5,"minecraft:diamond_leggings":1}},"DataVersion":3465}