{"stats":{"minecraft:broken":{"minecraft:stone_pickaxe":1,"minecraft:iron_pickaxe":1},"minecraft:custom":{"minecraft:mob_kills":21,"minecraft:interact_with_crafting_table":13,"minecraft:leave_game":27,"minecraft:time_since_death":36403,"minecraft:sprint_one_cm":222604,"minecraft:walk_one_cm":248843,"minecraft:damage_blocked_by_shield":690,"minecraft:drop":41,"minecraft:play_time":153650,"minecraft:deaths":6,"minecraft:sneak_time":17429,"minecraft:walk_under_water_one_cm":3081,"minecraft:boat_one_cm":63486,"minecraft:jump":1407,"minecraft:interact_with_blast_furnace":1,"minecraft:walk_on_water_one_cm":7040,"minecraft:total_world_time":153650,"minecraft:interact_with_furnace":18,"minecraft:play_record":4,"minecraft:sleep_in_bed":4,"minecraft:time_since_rest":16982,"minecraft:damage_taken":2986,"minecraft:damage_dealt":2302,"minecraft:swim_one_cm":14008,"minecraft:fly_one_cm":356731,"minecraft:open_chest":61,"minecraft:crouch_one_cm":60094,"minecraft:fall_one_cm":45898},"minecraft:picked_up":{"minecraft:crafting_table":5,"minecraft:azure_bluet":1,"minecraft:brown_mushroom":2,"minecraft:diamond_sword":2,"minecraft:gold_block":13,"minecraft:shield":2,"minecraft:golden_sword":1,"minecraft:oak_trapdoor":10,"minecraft:iron_axe":1,"minecraft:blackstone":31,"minecraft:cobbled_deepslate":959,"minecraft:beef":14,"minecraft:oak_boat":2,"minecraft:iron_nugget":2,"minecraft:poppy":2,"minecraft:sugar_cane":18,"minecraft:furnace":3,"minecraft:raw_iron":29,"minecraft:stick":10,"minecraft:jukebox":1,"minecraft:oak_fence":11,"minecraft:torch":114,"minecraft:polished_blackstone_bricks":7,"minecraft:music_disc_pigstep":4,"minecraft:diorite":57,"minecraft:carrot":26,"minecraft:arrow":7,"minecraft:rotten_flesh":3,"minecraft:deepslate_bricks":1,"minecraft:diamond_boots":1,"minecraft:hay_block":20,"minecraft:mutton":14,"minecraft:cobblestone":490,"minecraft:white_wool":20,"minecraft:oxeye_daisy":3,"minecraft:basalt":133,"minecraft:leather":2,"minecraft:potato":17,"minecraft:oak_log":66,"minecraft:tuff":30,"minecraft:lapis_lazuli":318,"minecraft:dirt":8,"minecraft:bone":2,"minecraft:apple":2,"minecraft:wheat_seeds":8,"minecraft:raw_gold":27,"minecraft:iron_ingot":4,"minecraft:stone_pickaxe":1,"minecraft:oak_planks":127,"minecraft:dandelion":2,"minecraft:blast_furnace":3,"minecraft:white_bed":2,"minecraft:diamond":94,"minecraft:cracked_polished_blackstone_bricks":6,"minecraft:granite":39,"minecraft:birch_sign":1,"minecraft:bread":52,"minecraft:netherrack":15,"minecraft:coal":147,"minecraft:diamond_pickaxe":4},"minecraft:used":{"minecraft:shield":11,"minecraft:netherrack":15,"minecraft:torch":32,"minecraft:dirt":8,"minecraft:tuff":6,"minecraft:birch_door":1,"minecraft:music_disc_pigstep":4,"minecraft:iron_axe":50,"minecraft:basalt":133,"minecraft:furnace":1,"minecraft:cobbled_deepslate":65,"minecraft:wheat_seeds":5,"minecraft:stone_pickaxe":131,"minecraft:oak_planks":63,"minecraft:blackstone":27,"minecraft:diamond_axe":10,"minecraft:deepslate_bricks":1,"minecraft:polished_blackstone_bricks":6,"minecraft:crafting_table":4,"minecraft:birch_sign":3,"minecraft:blast_furnace":1,"minecraft:white_bed":1,"minecraft:diamond_pickaxe":720,"minecraft:apple":12,"minecraft:cracked_polished_blackstone_bricks":6,"minecraft:bread":14,"minecraft:iron_pickaxe":250,"minecraft:diamond_sword":51,"minecraft:cobblestone":28,"minecraft:cooked_porkchop":2,"minecraft:oak_boat":1,"minecraft:jukebox":2},"minecraft:crafted":{"minecraft:oak_planks":120,"minecraft:jukebox":1,"minecraft:furnace":1,"minecraft:diamond_helmet":1,"minecraft:diamond_leggings":1,"minecraft:polished_deepslate":64,"minecraft:iron_axe":1,"minecraft:stone_pickaxe":1,"minecraft:diamond_boots":1,"minecraft:wheat":180,"minecraft:cooked_beef":7,"minecraft:diamond_sword":1,"minecraft:diamond_axe":1,"minecraft:crafting_table":1,"minecraft:deepslate_tiles":4,"minecraft:stone_axe":1,"minecraft:bread":60,"minecraft:air":0,"minecraft:oak_boat":1,"minecraft:shield":1,"minecraft:stick":28,"minecraft:iron_ingot":9,"minecraft:iron_pickaxe":1,"minecraft:torch":32,"minecraft:deepslate_bricks":64,"minecraft:diamond_chestplate":1},"minecraft:killed_by":{"minecraft:player":1,"minecraft:piglin_brute":1,"minecraft:creeper":1,"minecraft:zombie":1},"minecraft:killed":{"minecraft:skeleton":2,"minecraft:chicken":1,"minecraft:sheep":10,"minecraft:zombie":1,"minecraft:cow":3},"minecraft:mined":{"minecraft:tuff":15,"minecraft:white_bed":1,"minecraft:deepslate_diamond_ore":32,"minecraft:granite":13,"minecraft:cracked_polished_blackstone_bricks":7,"minecraft:deepslate_bricks":1,"minecraft:spruce_leaves":6,"minecraft:hay_block":21,"minecraft:polished_blackstone_bricks":12,"minecraft:carrots":11,"minecraft:furnace":1,"minecraft:iron_ore":16,"minecraft:deepslate_lapis_ore":16,"minecraft:gold_block":13,"minecraft:potatoes":3,"minecraft:deepslate_iron_ore":1,"minecraft:birch_wall_sign":1,"minecraft:stone":299,"minecraft:brown_mushroom":2,"minecraft:blackstone":30,"minecraft:basalt":143,"minecraft:crafting_table":3,"minecraft:torch":14,"minecraft:blast_furnace":2,"minecraft:cobblestone":9,"minecraft:tall_grass":5,"minecraft:deepslate_gold_ore":9,"minecraft:oak_planks":2,"minecraft:sugar_cane":3,"minecraft:diorite":19,"minecraft:wall_torch":12,"minecraft:wheat":7,"minecraft:jukebox":1,"minecraft:grass":15,"minecraft:coal_ore":37,"minecraft:oak_log":36,"minecraft:dirt":1,"minecraft:netherrack":15,"minecraft:oak_leaves":10,"minecraft:deepslate":407},"minecraft:dropped":{"minecraft:iron_ingot":2,"minecraft:bread":16,"minecraft:wheat_seeds":3,"minecraft:diamond":3,"minecraft:cobblestone":16,"minecraft:leather":1,"minecraft:granite":13,"minecraft:oxeye_daisy":3,"minecraft:dandelion":2,"minecraft:iron_nugget":2,"minecraft:cobbled_deepslate":192,"minecraft:tuff":9,"minecraft:raw_iron":6,"minecraft:rotten_flesh":3,"minecraft:oak_planks":1,"minecraft:azure_bluet":1,"minecraft:poppy":2,"minecraft:potato":10,"minecraft:golden_sword":1,"minecraft:arrow":1}},"DataVersion":3465}