{"stats":{"minecraft:broken":{"minecraft:iron_shovel":1,"minecraft:stone_pickaxe":1,"minecraft:iron_pickaxe":2},"minecraft:killed":{"minecraft:zombified_piglin":1,"minecraft:spider":6,"minecraft:skeleton":11,"minecraft:guardian":3,"minecraft:chicken":4,"minecraft:magma_cube":22,"minecraft:sheep":10,"minecraft:pillager":1,"minecraft:goat":2,"minecraft:zombie":19,"minecraft:glow_squid":1,"minecraft:cow":5,"minecraft:horse":5,"minecraft:squid":1,"minecraft:villager":1,"minecraft:enderman":1},"minecraft:dropped":{"minecraft:spruce_sign":3,"minecraft:iron_sword":1,"minecraft:porkchop":4,"minecraft:diamond_axe":6,"minecraft:lapis_lazuli":15,"minecraft:diamond":38,"minecraft:crafting_table":1,"minecraft:leather":1,"minecraft:dirt":7,"minecraft:brush":1,"minecraft:cooked_cod":9,"minecraft:chain":3,"minecraft:gold_nugget":2,"minecraft:polished_blackstone_bricks":2,"minecraft:oak_door":3,"minecraft:gravel":35,"minecraft:sugar_cane":15,"minecraft:iron_nugget":2,"minecraft:cobbled_deepslate":192,"minecraft:wheat":1,"minecraft:obsidian":6,"minecraft:deepslate_brick_slab":19,"minecraft:rotten_flesh":8,"minecraft:oak_planks":4,"minecraft:azure_bluet":1,"minecraft:white_bed":9,"minecraft:salmon":1,"minecraft:carrot":20,"minecraft:poppy":2,"minecraft:sea_lantern":5,"minecraft:spruce_slab":6,"minecraft:arrow":22,"minecraft:iron_ore":2,"minecraft:basalt":32,"minecraft:oak_leaves":4,"minecraft:iron_ingot":23,"minecraft:enchanted_book":1,"minecraft:golden_boots":3,"minecraft:bread":32,"minecraft:oak_slab":1,"minecraft:wheat_seeds":16,"minecraft:deepslate_diamond_ore":60,"minecraft:diamond_leggings":5,"minecraft:prismarine_shard":1,"minecraft:oak_fence":1,"minecraft:feather":1,"minecraft:lead":4,"minecraft:cobblestone":34,"minecraft:granite":61,"minecraft:coal":5,"minecraft:stick":5,"minecraft:oxeye_daisy":3,"minecraft:milk_bucket":2,"minecraft:diorite":84,"minecraft:torch":2,"minecraft:cooked_salmon":10,"minecraft:diamond_helmet":3,"minecraft:iron_leggings":2,"minecraft:polished_blackstone_brick_slab":36,"minecraft:paper":15,"minecraft:iron_shovel":1,"minecraft:string":2,"minecraft:spruce_sapling":2,"minecraft:dandelion":2,"minecraft:raw_copper":18,"minecraft:tuff":29,"minecraft:raw_iron":6,"minecraft:chicken":4,"minecraft:stone_slab":8,"minecraft:deepslate_bricks":30,"minecraft:copper_ore":4,"minecraft:potato":10,"minecraft:stone":314,"minecraft:diamond_chestplate":4,"minecraft:spruce_trapdoor":7,"minecraft:diamond_pickaxe":7,"minecraft:andesite":25,"minecraft:golden_sword":1,"minecraft:spruce_log":23,"minecraft:stone_bricks":1,"minecraft:diamond_boots":4,"minecraft:spider_eye":2,"minecraft:sandstone":2,"minecraft:bow":3},"minecraft:crafted":{"minecraft:brick":8,"minecraft:black_dye":1,"minecraft:grindstone":1,"minecraft:oak_planks":308,"minecraft:bookshelf":5,"minecraft:glass":2,"minecraft:stone_brick_slab":90,"minecraft:diamond_helmet":1,"minecraft:diamond_leggings":1,"minecraft:polished_blackstone":20,"minecraft:chest":9,"minecraft:oak_button":15,"minecraft:stone_bricks":344,"minecraft:flower_pot":3,"minecraft:golden_boots":3,"minecraft:item_frame":1,"minecraft:oak_slab":42,"minecraft:diamond_axe":1,"minecraft:crafting_table":13,"minecraft:spruce_planks":576,"minecraft:glow_item_frame":1,"minecraft:brush":1,"minecraft:spruce_door":3,"minecraft:smithing_table":1,"minecraft:copper_ingot":1,"minecraft:painting":3,"minecraft:cartography_table":1,"minecraft:stone_brick_stairs":4,"minecraft:spruce_trapdoor":14,"minecraft:lectern":1,"minecraft:book":24,"minecraft:paper":90,"minecraft:diamond_pickaxe":2,"minecraft:shield":1,"minecraft:stick":72,"minecraft:stone_slab":486,"minecraft:iron_ingot":63,"minecraft:iron_pickaxe":1,"minecraft:iron_block":3,"minecraft:gold_ingot":81,"minecraft:netherite_ingot":1,"minecraft:polished_blackstone_bricks":20,"minecraft:composter":1,"minecraft:deepslate_bricks":148,"minecraft:shears":2,"minecraft:golden_carrot":23,"minecraft:oak_door":6,"minecraft:jukebox":1,"minecraft:iron_nugget":90,"minecraft:furnace":1,"minecraft:bone_meal":132,"minecraft:stone_stairs":8,"minecraft:lantern":8,"minecraft:spruce_stairs":4,"minecraft:white_concrete_powder":336,"minecraft:polished_deepslate":148,"minecraft:black_concrete_powder":128,"minecraft:iron_axe":1,"minecraft:iron_hoe":1,"minecraft:spruce_slab":450,"minecraft:stone_pickaxe":1,"minecraft:chiseled_bookshelf":3,"minecraft:diamond_boots":1,"minecraft:spruce_boat":2,"minecraft:netherite_scrap":4,"minecraft:wheat":180,"minecraft:cooked_beef":7,"minecraft:netherite_pickaxe":1,"minecraft:diamond_sword":1,"minecraft:polished_blackstone_brick_slab":36,"minecraft:spruce_sign":9,"minecraft:deepslate_brick_slab":96,"minecraft:cooked_salmon":4,"minecraft:bucket":1,"minecraft:deepslate_tiles":4,"minecraft:stone_axe":1,"minecraft:bread":67,"minecraft:air":0,"minecraft:oak_boat":1,"minecraft:white_wool":2,"minecraft:gold_nugget":261,"minecraft:white_dye":42,"minecraft:writable_book":3,"minecraft:iron_shovel":3,"minecraft:stonecutter":1,"minecraft:anvil":1,"minecraft:white_bed":14,"minecraft:torch":96,"minecraft:diamond_chestplate":2},"minecraft:killed_by":{"minecraft:piglin_brute":1,"minecraft:creeper":1,"minecraft:zombie":1,"minecraft:elder_guardian":1,"minecraft:player":1},"minecraft:picked_up":{"minecraft:iron_chestplate":1,"minecraft:birch_door":3,"minecraft:wheat":3,"minecraft:prismarine_shard":3,"minecraft:flower_pot":2,"minecraft:anvil":4,"minecraft:stone_slab":212,"minecraft:smithing_table":4,"minecraft:lead":12,"minecraft:diamond_sword":5,"minecraft:enchanted_book":2,"minecraft:brain_coral_block":1,"minecraft:stone_brick_stairs":3,"minecraft:golden_sword":1,"minecraft:string":5,"minecraft:raw_copper":18,"minecraft:cooked_salmon":24,"minecraft:iron_leggings":2,"minecraft:pufferfish":1,"minecraft:diamond_leggings":6,"minecraft:cobbled_deepslate":1087,"minecraft:gold_nugget":2,"minecraft:bucket":1,"minecraft:spruce_planks":42,"minecraft:deepslate_iron_ore":1,"minecraft:furnace":5,"minecraft:stick":78,"minecraft:jukebox":3,"minecraft:composter":12,"minecraft:oak_fence":21,"minecraft:torch":244,"minecraft:spruce_stairs":3,"minecraft:porkchop":6,"minecraft:cherry_log":60,"minecraft:diorite":276,"minecraft:music_disc_pigstep":12,"minecraft:rotten_flesh":10,"minecraft:tropical_fish":2,"minecraft:obsidian":10,"minecraft:cod":1,"minecraft:cobblestone":597,"minecraft:feather":4,"minecraft:lilac":2,"minecraft:magma_cream":4,"minecraft:cherry_planks":28,"minecraft:water_bucket":1,"minecraft:andesite":321,"minecraft:potato":27,"minecraft:flint":2,"minecraft:tuff":121,"minecraft:lapis_lazuli":430,"minecraft:dirt":111,"minecraft:lantern":1,"minecraft:bone":8,"minecraft:chipped_anvil":1,"minecraft:stonecutter":6,"minecraft:bow":5,"minecraft:wheat_seeds":28,"minecraft:deepslate_brick_slab":57,"minecraft:raw_gold":29,"minecraft:grindstone":2,"minecraft:diamond_helmet":4,"minecraft:fletching_table":16,"minecraft:prismarine":2,"minecraft:brain_coral":1,"minecraft:oak_planks":307,"minecraft:sand":378,"minecraft:stripped_spruce_log":1,"minecraft:ink_sac":4,"minecraft:grass_block":5,"minecraft:iron_hoe":1,"minecraft:black_concrete_powder":1,"minecraft:diamond":170,"minecraft:deepslate":303,"minecraft:spruce_boat":1,"minecraft:black_concrete":207,"minecraft:cracked_polished_blackstone_bricks":6,"minecraft:granite":398,"minecraft:grass":1,"minecraft:bone_meal":74,"minecraft:white_concrete":403,"minecraft:golden_horse_armor":2,"minecraft:spruce_sign":22,"minecraft:bread":52,"minecraft:oak_sapling":3,"minecraft:spruce_leaves":24,"minecraft:netherrack":15,"minecraft:oak_leaves":4,"minecraft:diamond_pickaxe":10,"minecraft:fishing_rod":1,"minecraft:crafting_table":21,"minecraft:allium":3,"minecraft:azure_bluet":1,"minecraft:chicken":4,"minecraft:clay_ball":8,"minecraft:brown_mushroom":2,"minecraft:gold_block":13,"minecraft:chain":7,"minecraft:shield":2,"minecraft:cornflower":3,"minecraft:oak_trapdoor":10,"minecraft:stone_stairs":2,"minecraft:iron_axe":1,"minecraft:item_frame":1,"minecraft:blackstone":43,"minecraft:glass_pane":59,"minecraft:deepslate_diamond_ore":60,"minecraft:beef":18,"minecraft:oak_boat":4,"minecraft:iron_nugget":2,"minecraft:poppy":12,"minecraft:spruce_slab":176,"minecraft:sugar_cane":112,"minecraft:chest":5,"minecraft:spruce_trapdoor":19,"minecraft:copper_ore":21,"minecraft:egg":16,"minecraft:raw_iron":72,"minecraft:sandstone":2,"minecraft:stone":4343,"minecraft:glow_item_frame":1,"minecraft:oak_door":8,"minecraft:polished_blackstone_bricks":7,"minecraft:carrot":77,"minecraft:netherite_pickaxe":2,"minecraft:prismarine_crystals":4,"minecraft:cooked_cod":18,"minecraft:arrow":43,"minecraft:diamond_chestplate":5,"minecraft:shears":1,"minecraft:deepslate_bricks":32,"minecraft:diamond_boots":7,"minecraft:hay_block":20,"minecraft:saddle":2,"minecraft:gold_ingot":2,"minecraft:mutton":14,"minecraft:wet_sponge":3,"minecraft:white_wool":72,"minecraft:oxeye_daisy":3,"minecraft:stripped_oak_log":11,"minecraft:basalt":266,"minecraft:glow_ink_sac":4,"minecraft:salmon":1,"minecraft:leather":12,"minecraft:oak_log":232,"minecraft:ancient_debris":2,"minecraft:golden_boots":1,"minecraft:yellow_bed":2,"minecraft:paper":15,"minecraft:apple":3,"minecraft:stone_bricks":70,"minecraft:kelp":32,"minecraft:oak_fence_gate":2,"minecraft:iron_ingot":5,"minecraft:stone_pickaxe":1,"minecraft:iron_ore":16,"minecraft:oak_slab":6,"minecraft:birch_boat":9,"minecraft:pumpkin":3,"minecraft:stone_brick_slab":22,"minecraft:dandelion":6,"minecraft:gravel":345,"minecraft:lava_bucket":1,"minecraft:spruce_sapling":16,"minecraft:blast_furnace":5,"minecraft:white_bed":10,"minecraft:spruce_log":320,"minecraft:spruce_door":2,"minecraft:sea_lantern":12,"minecraft:spider_eye":2,"minecraft:coal_ore":56,"minecraft:purple_bed":2,"minecraft:white_concrete_powder":566,"minecraft:stone_axe":1,"minecraft:diamond_axe":7,"minecraft:painting":37,"minecraft:birch_sign":2,"minecraft:baked_potato":79,"minecraft:coal":202},"minecraft:custom":{"minecraft:animals_bred":1,"minecraft:interact_with_crafting_table":131,"minecraft:open_barrel":3,"minecraft:leave_game":60,"minecraft:time_since_death":29986,"minecraft:sprint_one_cm":1947915,"minecraft:damage_blocked_by_shield":690,"minecraft:drop":268,"minecraft:talked_to_villager":5,"minecraft:play_time":1115253,"minecraft:deaths":8,"minecraft:jump":10049,"minecraft:walk_on_water_one_cm":106361,"minecraft:enchant_item":1,"minecraft:interact_with_furnace":56,"minecraft:play_record":13,"minecraft:interact_with_cartography_table":1,"minecraft:sleep_in_bed":11,"minecraft:damage_dealt":16513,"minecraft:player_kills":5,"minecraft:crouch_one_cm":231786,"minecraft:horse_one_cm":107041,"minecraft:interact_with_smithing_table":8,"minecraft:mob_kills":97,"minecraft:interact_with_anvil":9,"minecraft:walk_one_cm":2578100,"minecraft:sneak_time":61870,"minecraft:walk_under_water_one_cm":88240,"minecraft:boat_one_cm":843483,"minecraft:interact_with_lectern":1,"minecraft:interact_with_blast_furnace":27,"minecraft:total_world_time":1115253,"minecraft:pot_flower":5,"minecraft:interact_with_grindstone":1,"minecraft:interact_with_stonecutter":7,"minecraft:time_since_rest":4483,"minecraft:damage_taken":8844,"minecraft:swim_one_cm":162697,"minecraft:fly_one_cm":2330275,"minecraft:open_chest":446,"minecraft:fall_one_cm":222466},"minecraft:mined":{"minecraft:spruce_planks":11,"minecraft:white_bed":5,"minecraft:cherry_log":21,"minecraft:obsidian":4,"minecraft:spruce_trapdoor":20,"minecraft:granite":365,"minecraft:grass_block":14,"minecraft:cracked_polished_blackstone_bricks":7,"minecraft:white_concrete":326,"minecraft:deepslate_bricks":28,"minecraft:composter":12,"minecraft:polished_blackstone_bricks":12,"minecraft:iron_ore":63,"minecraft:pumpkin":6,"minecraft:fletching_table":15,"minecraft:deepslate_lapis_ore":22,"minecraft:anvil":4,"minecraft:azure_bluet":2,"minecraft:dirt_path":1,"minecraft:birch_wall_sign":2,"minecraft:brain_coral_block":1,"minecraft:spruce_slab":61,"minecraft:brown_mushroom":2,"minecraft:blackstone":42,"minecraft:kelp_plant":5,"minecraft:clay":2,"minecraft:torch":34,"minecraft:blast_furnace":4,"minecraft:poppy":5,"minecraft:chest":5,"minecraft:spruce_wall_sign":9,"minecraft:glass":2,"minecraft:cobblestone":59,"minecraft:prismarine":1,"minecraft:grindstone":2,"minecraft:sugar_cane":48,"minecraft:oak_planks":134,"minecraft:wall_torch":34,"minecraft:spruce_sign":2,"minecraft:stone_stairs":2,"minecraft:chain":3,"minecraft:black_concrete_powder":1,"minecraft:wheat":10,"minecraft:lilac":2,"minecraft:jukebox":3,"minecraft:birch_door":1,"minecraft:potted_poppy":2,"minecraft:stone_brick_stairs":3,"minecraft:grass":100,"minecraft:oak_log":112,"minecraft:oak_fence_gate":2,"minecraft:sand":271,"minecraft:dirt":77,"minecraft:ancient_debris":2,"minecraft:stonecutter":5,"minecraft:netherrack":16,"minecraft:oak_leaves":17,"minecraft:deepslate":881,"minecraft:tuff":103,"minecraft:deepslate_diamond_ore":151,"minecraft:oak_door":8,"minecraft:sea_lantern":12,"minecraft:allium":3,"minecraft:spruce_leaves":94,"minecraft:kelp":18,"minecraft:white_concrete_powder":3,"minecraft:large_fern":2,"minecraft:hay_block":21,"minecraft:deepslate_brick_slab":22,"minecraft:spruce_sapling":2,"minecraft:furnace":3,"minecraft:carrots":12,"minecraft:black_concrete":174,"minecraft:andesite":276,"minecraft:stripped_spruce_log":1,"minecraft:gold_block":13,"minecraft:potatoes":6,"minecraft:deepslate_iron_ore":12,"minecraft:lantern":1,"minecraft:stripped_oak_log":11,"minecraft:stone":4183,"minecraft:brain_coral":2,"minecraft:smithing_table":4,"minecraft:oak_slab":3,"minecraft:glass_pane":27,"minecraft:cherry_planks":16,"minecraft:stone_brick_slab":21,"minecraft:basalt":291,"minecraft:dandelion":2,"minecraft:oak_fence":12,"minecraft:crafting_table":18,"minecraft:cornflower":3,"minecraft:stone_slab":146,"minecraft:tall_grass":10,"minecraft:copper_ore":23,"minecraft:deepslate_gold_ore":11,"minecraft:diorite":217,"minecraft:spruce_stairs":3,"minecraft:purple_bed":2,"minecraft:sweet_berry_bush":1,"minecraft:spruce_log":262,"minecraft:yellow_bed":2,"minecraft:coal_ore":111,"minecraft:gravel":26,"minecraft:stone_bricks":34,"minecraft:chipped_anvil":1,"minecraft:fern":1},"minecraft:used":{"minecraft:writable_book":6,"minecraft:iron_shovel":285,"minecraft:spruce_slab":468,"minecraft:poppy":1,"minecraft:white_concrete_powder":536,"minecraft:chest":13,"minecraft:shield":11,"minecraft:stone":1182,"minecraft:grass":1,"minecraft:spruce_leaves":11,"minecraft:carrot":8,"minecraft:deepslate_brick_slab":83,"minecraft:tuff":8,"minecraft:milk_bucket":5,"minecraft:obsidian":6,"minecraft:spruce_boat":2,"minecraft:glass":2,"minecraft:lava_bucket":3,"minecraft:coal_ore":19,"minecraft:lantern":4,"minecraft:music_disc_pigstep":13,"minecraft:grass_block":5,"minecraft:stone_brick_stairs":5,"minecraft:stone_bricks":290,"minecraft:item_frame":1,"minecraft:bow":36,"minecraft:written_book":7,"minecraft:furnace":3,"minecraft:oak_sapling":3,"minecraft:cooked_cod":9,"minecraft:egg":16,"minecraft:potato":4,"minecraft:diamond_boots":1,"minecraft:diorite":14,"minecraft:spruce_door":2,"minecraft:stone_pickaxe":131,"minecraft:prismarine":1,"minecraft:oak_planks":126,"minecraft:blackstone":27,"minecraft:composter":12,"minecraft:diamond_axe":881,"minecraft:clay":2,"minecraft:brain_coral":3,"minecraft:sand":35,"minecraft:blast_furnace":4,"minecraft:black_concrete_powder":129,"minecraft:shears":30,"minecraft:black_concrete":115,"minecraft:deepslate_iron_ore":1,"minecraft:bread":55,"minecraft:lectern":1,"minecraft:deepslate":2,"minecraft:pufferfish_bucket":1,"minecraft:diamond_sword":268,"minecraft:grindstone":2,"minecraft:smithing_table":5,"minecraft:chain":3,"minecraft:andesite":58,"minecraft:oak_boat":3,"minecraft:white_concrete":170,"minecraft:tropical_fish_bucket":1,"minecraft:bone_meal":16,"minecraft:experience_bottle":120,"minecraft:oak_fence":3,"minecraft:brain_coral_fan":2,"minecraft:spruce_planks":189,"minecraft:cooked_salmon":10,"minecraft:netherrack":15,"minecraft:oak_door":10,"minecraft:torch":173,"minecraft:dirt":129,"minecraft:anvil":5,"minecraft:spruce_stairs":5,"minecraft:diamond_helmet":1,"minecraft:stone_stairs":2,"minecraft:cod_bucket":4,"minecraft:salmon_bucket":2,"minecraft:granite":26,"minecraft:birch_door":2,"minecraft:iron_hoe":82,"minecraft:stone_brick_slab":76,"minecraft:sea_lantern":5,"minecraft:chipped_anvil":1,"minecraft:bookshelf":6,"minecraft:iron_axe":50,"minecraft:basalt":139,"minecraft:golden_carrot":22,"minecraft:netherite_pickaxe":1853,"minecraft:cobbled_deepslate":65,"minecraft:cherry_log":8,"minecraft:pumpkin":1,"minecraft:brain_coral_block":1,"minecraft:wheat_seeds":53,"minecraft:chiseled_bookshelf":2,"minecraft:water_bucket":152,"minecraft:iron_ore":8,"minecraft:lead":1,"minecraft:baked_potato":61,"minecraft:cartography_table":1,"minecraft:birch_boat":8,"minecraft:spruce_sign":16,"minecraft:stonecutter":4,"minecraft:fletching_table":14,"minecraft:deepslate_bricks":32,"minecraft:polished_blackstone_bricks":6,"minecraft:glow_item_frame":4,"minecraft:oak_slab":9,"minecraft:crafting_table":26,"minecraft:birch_sign":5,"minecraft:white_bed":14,"minecraft:fire_coral":2,"minecraft:painting":41,"minecraft:spruce_log":107,"minecraft:book":18,"minecraft:oak_log":59,"minecraft:apple":13,"minecraft:flower_pot":5,"minecraft:diamond_pickaxe":5323,"minecraft:cracked_polished_blackstone_bricks":6,"minecraft:oak_button":6,"minecraft:iron_pickaxe":420,"minecraft:stone_slab":434,"minecraft:spruce_trapdoor":26,"minecraft:spruce_sapling":6,"minecraft:fishing_rod":24,"minecraft:cobblestone":45,"minecraft:purple_bed":2,"minecraft:cooked_porkchop":2,"minecraft:bucket":163,"minecraft:glass_pane":62,"minecraft:yellow_bed":2,"minecraft:brush":16,"minecraft:kelp":30,"minecraft:jukebox":5,"minecraft:diamond_leggings":1}},"DataVersion":3465}