{"stats":{"minecraft:custom":{"minecraft:mob_kills":49,"minecraft:interact_with_crafting_table":36,"minecraft:leave_game":8,"minecraft:time_since_death":171118,"minecraft:sprint_one_cm":221570,"minecraft:walk_one_cm":370275,"minecraft:damage_blocked_by_shield":370,"minecraft:drop":165,"minecraft:play_time":171118,"minecraft:sneak_time":7800,"minecraft:walk_under_water_one_cm":71542,"minecraft:boat_one_cm":159697,"minecraft:jump":1906,"minecraft:walk_on_water_one_cm":30537,"minecraft:total_world_time":171118,"minecraft:interact_with_furnace":64,"minecraft:time_since_rest":171118,"minecraft:damage_taken":1061,"minecraft:damage_dealt":2892,"minecraft:swim_one_cm":108509,"minecraft:fly_one_cm":253851,"minecraft:open_chest":84,"minecraft:crouch_one_cm":11979,"minecraft:fall_one_cm":43430},"minecraft:mined":{"minecraft:diamond_ore":2,"minecraft:tuff":5,"minecraft:white_bed":1,"minecraft:deepslate_diamond_ore":43,"minecraft:obsidian":18,"minecraft:granite":43,"minecraft:grass_block":15,"minecraft:red_mushroom":6,"minecraft:kelp":10,"minecraft:magma_block":21,"minecraft:furnace":1,"minecraft:carrots":2,"minecraft:iron_ore":39,"minecraft:cobbled_deepslate":1,"minecraft:stone":499,"minecraft:blackstone":22,"minecraft:kelp_plant":6,"minecraft:lily_of_the_valley":1,"minecraft:basalt":182,"minecraft:oak_fence":1,"minecraft:crafting_table":5,"minecraft:torch":3,"minecraft:poppy":1,"minecraft:glass":1,"minecraft:cobblestone":8,"minecraft:diorite":9,"minecraft:wall_torch":5,"minecraft:birch_log":17,"minecraft:wheat":13,"minecraft:birch_leaves":3,"minecraft:grass":6,"minecraft:oak_log":44,"minecraft:coal_ore":30,"minecraft:gravel":24,"minecraft:sand":38,"minecraft:dirt":64,"minecraft:netherrack":52,"minecraft:oak_leaves":6,"minecraft:deepslate":152},"minecraft:picked_up":{"minecraft:wheat":11,"minecraft:crafting_table":5,"minecraft:wooden_pickaxe":1,"minecraft:blackstone":22,"minecraft:cobbled_deepslate":154,"minecraft:poppy":1,"minecraft:birch_sapling":2,"minecraft:egg":3,"minecraft:furnace":1,"minecraft:stick":7,"minecraft:raw_iron":39,"minecraft:torch":9,"minecraft:diorite":9,"minecraft:carrot":7,"minecraft:arrow":1,"minecraft:rotten_flesh":4,"minecraft:mutton":1,"minecraft:obsidian":18,"minecraft:cod":17,"minecraft:white_wool":1,"minecraft:cobblestone":508,"minecraft:birch_log":17,"minecraft:magma_block":15,"minecraft:basalt":180,"minecraft:salmon":14,"minecraft:red_mushroom":6,"minecraft:flint":1,"minecraft:tuff":5,"minecraft:oak_log":42,"minecraft:dirt":82,"minecraft:bone":2,"minecraft:kelp":17,"minecraft:wheat_seeds":34,"minecraft:iron_ingot":11,"minecraft:oak_planks":25,"minecraft:birch_boat":1,"minecraft:gravel":23,"minecraft:sand":35,"minecraft:white_bed":1,"minecraft:diamond":45,"minecraft:granite":43,"minecraft:bone_meal":5,"minecraft:oak_sapling":3,"minecraft:netherrack":51,"minecraft:coal":30},"minecraft:crafted":{"minecraft:wooden_sword":1,"minecraft:oak_planks":192,"minecraft:birch_boat":1,"minecraft:furnace":1,"minecraft:stone":5,"minecraft:flint_and_steel":1,"minecraft:diamond_leggings":1,"minecraft:iron_boots":1,"minecraft:iron_axe":1,"minecraft:iron_hoe":1,"minecraft:stone_pickaxe":2,"minecraft:chest":1,"minecraft:diamond_boots":1,"minecraft:birch_door":3,"minecraft:birch_sign":3,"minecraft:cooked_cod":13,"minecraft:diamond_sword":1,"minecraft:crafting_table":1,"minecraft:dried_kelp":23,"minecraft:wooden_pickaxe":1,"minecraft:iron_sword":1,"minecraft:cooked_salmon":13,"minecraft:bucket":1,"minecraft:birch_planks":68,"minecraft:air":0,"minecraft:iron_chestplate":1,"minecraft:diamond_pickaxe":2,"minecraft:shield":1,"minecraft:stick":44,"minecraft:iron_ingot":46,"minecraft:iron_pickaxe":1,"minecraft:wooden_axe":1,"minecraft:iron_shovel":1,"minecraft:iron_leggings":1,"minecraft:torch":20},"minecraft:killed":{"minecraft:cod":18,"minecraft:skeleton":2,"minecraft:drowned":1,"minecraft:wolf":1,"minecraft:magma_cube":3,"minecraft:salmon":14,"minecraft:sheep":1,"minecraft:zombie":8},"minecraft:broken":{"minecraft:stone_pickaxe":1},"minecraft:used":{"minecraft:iron_shovel":120,"minecraft:flint_and_steel":1,"minecraft:dried_kelp":8,"minecraft:poppy":1,"minecraft:chest":1,"minecraft:shield":8,"minecraft:stone":4,"minecraft:iron_sword":34,"minecraft:cooked_salmon":13,"minecraft:netherrack":51,"minecraft:iron_chestplate":1,"minecraft:torch":29,"minecraft:dirt":28,"minecraft:carrot":3,"minecraft:granite":29,"minecraft:obsidian":18,"minecraft:birch_door":2,"minecraft:iron_hoe":1,"minecraft:wooden_axe":2,"minecraft:iron_axe":80,"minecraft:iron_boots":1,"minecraft:basalt":94,"minecraft:oak_sapling":2,"minecraft:furnace":2,"minecraft:cooked_cod":8,"minecraft:egg":3,"minecraft:cobbled_deepslate":69,"minecraft:iron_leggings":1,"minecraft:wheat_seeds":32,"minecraft:water_bucket":35,"minecraft:diamond_boots":1,"minecraft:stone_pickaxe":254,"minecraft:birch_boat":1,"minecraft:wooden_pickaxe":5,"minecraft:crafting_table":4,"minecraft:birch_sign":1,"minecraft:diamond_pickaxe":648,"minecraft:iron_pickaxe":231,"minecraft:diamond_sword":45,"minecraft:wooden_sword":3,"minecraft:cobblestone":233,"minecraft:bucket":36,"minecraft:kelp":9,"minecraft:diamond_leggings":1,"minecraft:bone_meal":1},"minecraft:dropped":{"minecraft:iron_ingot":18,"minecraft:diamond":17,"minecraft:crafting_table":1,"minecraft:cobblestone":159,"minecraft:stick":8,"minecraft:dirt":9,"minecraft:diorite":1,"minecraft:wooden_axe":1,"minecraft:cooked_cod":3,"minecraft:iron_leggings":1,"minecraft:wooden_sword":1,"minecraft:gravel":5,"minecraft:cobbled_deepslate":34,"minecraft:rotten_flesh":1,"minecraft:iron_boots":1,"minecraft:carrot":4,"minecraft:stone":1,"minecraft:diamond_pickaxe":1,"minecraft:oak_sapling":1,"minecraft:wooden_pickaxe":2,"minecraft:stone_pickaxe":1}},"DataVersion":3465}