{"stats":{"minecraft:custom":{"minecraft:interact_with_furnace":14,"minecraft:mob_kills":15,"minecraft:interact_with_crafting_table":20,"minecraft:leave_game":1,"minecraft:time_since_death":25155,"minecraft:sleep_in_bed":2,"minecraft:time_since_rest":8920,"minecraft:sprint_one_cm":157864,"minecraft:damage_taken":1050,"minecraft:walk_one_cm":56785,"minecraft:damage_blocked_by_shield":120,"minecraft:drop":21,"minecraft:damage_dealt":1684,"minecraft:swim_one_cm":6458,"minecraft:fly_one_cm":127106,"minecraft:open_chest":5,"minecraft:play_time":38144,"minecraft:deaths":3,"minecraft:sneak_time":88,"minecraft:walk_under_water_one_cm":4466,"minecraft:jump":645,"minecraft:walk_on_water_one_cm":4597,"minecraft:total_world_time":38144,"minecraft:fall_one_cm":19857},"minecraft:killed_by":{"minecraft:skeleton":2,"minecraft:creeper":1},"minecraft:mined":{"minecraft:white_bed":1,"minecraft:crafting_table":6,"minecraft:grass_block":1,"minecraft:tall_grass":1,"minecraft:furnace":1,"minecraft:carrots":2,"minecraft:birch_log":5,"minecraft:iron_ore":6,"minecraft:wheat":9,"minecraft:birch_leaves":1,"minecraft:grass":9,"minecraft:oak_log":10,"minecraft:coal_ore":38,"minecraft:stone":31,"minecraft:oak_leaves":8},"minecraft:picked_up":{"minecraft:wooden_axe":2,"minecraft:birch_log":5,"minecraft:crafting_table":7,"minecraft:feather":2,"minecraft:chicken":2,"minecraft:wooden_pickaxe":2,"minecraft:birch_planks":14,"minecraft:oak_log":22,"minecraft:dirt":62,"minecraft:string":4,"minecraft:bone":1,"minecraft:apple":1,"minecraft:wheat_seeds":10,"minecraft:stone_pickaxe":1,"minecraft:light_gray_wool":1,"minecraft:oak_planks":12,"minecraft:furnace":1,"minecraft:stick":38,"minecraft:raw_iron":6,"minecraft:gravel":4,"minecraft:porkchop":2,"minecraft:white_bed":1,"minecraft:carrot":6,"minecraft:spider_eye":1,"minecraft:arrow":2,"minecraft:oak_sapling":2,"minecraft:mutton":12,"minecraft:coal":64,"minecraft:white_wool":6,"minecraft:cobblestone":29},"minecraft:crafted":{"minecraft:oak_planks":68,"minecraft:crafting_table":2,"minecraft:cooked_chicken":2,"minecraft:wooden_pickaxe":1,"minecraft:iron_sword":1,"minecraft:furnace":1,"minecraft:birch_planks":20,"minecraft:stone_axe":1,"minecraft:cooked_mutton":7,"minecraft:air":0,"minecraft:shield":1,"minecraft:stick":20,"minecraft:iron_ingot":6,"minecraft:iron_pickaxe":1,"minecraft:stone_pickaxe":2,"minecraft:wooden_axe":1,"minecraft:stone_sword":1,"minecraft:white_bed":1,"minecraft:torch":28},"minecraft:killed":{"minecraft:pig":2,"minecraft:spider":3,"minecraft:skeleton":1,"minecraft:sheep":7,"minecraft:chicken":2},"minecraft:used":{"minecraft:wheat_seeds":9,"minecraft:cooked_mutton":3,"minecraft:stone_sword":34,"minecraft:stone_pickaxe":75,"minecraft:shield":3,"minecraft:wooden_pickaxe":3,"minecraft:iron_sword":5,"minecraft:torch":28,"minecraft:dirt":16,"minecraft:crafting_table":6,"minecraft:carrot":6,"minecraft:white_bed":1,"minecraft:wooden_axe":15,"minecraft:apple":1,"minecraft:iron_pickaxe":2,"minecraft:stone_axe":5,"minecraft:cobblestone":31,"minecraft:oak_sapling":2,"minecraft:furnace":1},"minecraft:dropped":{"minecraft:gravel":4,"minecraft:wheat_seeds":1,"minecraft:stone_sword":1,"minecraft:feather":2,"minecraft:light_gray_wool":1,"minecraft:stick":14,"minecraft:dirt":46,"minecraft:wooden_axe":2,"minecraft:spider_eye":1,"minecraft:arrow":2,"minecraft:stone_pickaxe":1,"minecraft:wooden_pickaxe":2,"minecraft:string":4,"minecraft:bone":1}},"DataVersion":3465}