{
  "minecraft:recipes/decorations/crafting_table": {
    "criteria": {
      "unlock_right_away": "2024-06-06 01:14:50 +0000"
    },
    "done": true
  },
  "minecraft:story/shiny_gear": {
    "criteria": {
      "diamond_boots": "2024-06-06 01:17:16 +0000"
    },
    "done": true
  },
  "minecraft:adventure/adventuring_time": {
    "criteria": {
      "minecraft:cold_ocean": "2024-06-06 01:16:26 +0000",
      "minecraft:forest": "2024-06-06 01:14:51 +0000",
      "minecraft:plains": "2024-06-06 01:16:54 +0000"
    },
    "done": false
  },
  "DataVersion": 3465
}